empresa_id,descripcion,unidad_medida,tipo_item,tipo_producto,categoria_id,venta,recurrente,recurrente_gasto,manejo_costos,cotizacion_scope,por_costeo,precio_venta_cero,uniforme,perfil,tipo,activo,codigo_erp,tipo_combo_id,costo_referencia_item_id
1,(FLM-325-I4-A) MONITORES DE CONTACTO,UNIDAD,1,0,0,1,0,0,1,GENERAL,0,0,0,0,0,1,06273,0,0
1,(FLM-325-ISO) AISLADOR DE CORTOCIRCUITO BOSCH,UNIDAD,1,0,0,1,0,0,1,GENERAL,0,0,0,0,0,1,06275,0,0
1,(FMM-100DATK) ESTACIÓN MANUAL DOBLE ACCIÓN CONVENC,UNIDAD,1,0,0,1,0,0,1,GENERAL,0,0,0,0,0,1,06274,0,0
1,(INBIO260 PACKB PANEL DE ACCESO 4 LECTORAS 2 PUERT,UNIDAD,1,0,0,1,0,0,1,GENERAL,0,0,0,0,0,1,05858,0,0
1,[DH-HAC-HFW1200CMN] BULLET 2MP METALICA CON IR DE,UNIDAD,1,0,0,1,0,0,1,GENERAL,0,0,0,0,0,1,04343,0,0
1,001USU0011 BARRERA GRIS GARD4 CON ILUMINACION 110V,UNIDAD,1,0,0,1,0,0,1,GENERAL,0,0,0,0,0,1,05591,0,0
1,01026-001  AXIS FA3105-L UNIDAD DE SENSOR OCULAR C,UNIDAD,1,0,0,1,0,0,1,GENERAL,0,0,0,0,0,1,06513,0,0
1,01680-001 AXIS P7304 VIDEO ENCODER,UNIDAD,1,0,0,1,0,0,1,GENERAL,0,0,0,0,0,1,06733,0,0
1,01680-001 CODIFICADOR DE VIDEO DE 4 CANALES COMPAT,UNIDAD,1,0,0,1,0,0,1,GENERAL,0,0,0,0,0,1,06266,0,0
1,02214-001 AXIS TF1902-RE 4P SOPORTE DE MONTAJE,UNIDAD,1,0,0,1,0,0,1,GENERAL,0,0,0,0,0,1,06515,0,0
1,02365-001 TARJETA DE VIGILANCIA AXIS DE 512 GB,UNIDAD,1,0,0,1,0,0,1,GENERAL,0,0,0,0,0,1,06373,0,0
1,02365-021 CONNECTOR M12 MALE 4P 10PCS,UNIDAD,1,0,0,1,0,0,1,GENERAL,0,0,0,0,0,1,06732,0,0
1,02-VC-1BAQ CONVERTIDOR DE BNC A VGA 640X480,UNIDAD,1,0,0,1,0,0,1,GENERAL,0,0,0,0,0,1,05516,0,0
1,06-SM-300W MAGNETICO LIVIANO BLANCO N.O. SECO-LARM,UNIDAD,1,0,0,1,0,0,1,GENERAL,0,0,0,0,0,1,06282,0,0
1,07-ST2406-10A FUENTE DE PODER DE 10 AMPERIOS,UNIDAD,1,0,0,1,0,0,1,GENERAL,0,0,0,0,0,1,06468,0,0
1,0878-004 AXIS FA54 UNIDAD PRINCIPAL DE CAMARA MODU,UNIDAD,1,0,0,1,0,0,1,GENERAL,0,0,0,0,0,1,06510,0,0
1,0913-001 AXIS FA1105 UNIDAD DE SENSOR INTERIOR DIS,UNIDAD,1,0,0,1,0,0,1,GENERAL,0,0,0,0,0,1,06512,0,0
1,0914-001 AXIS FA1125 UNIDAD DE SENSOR CON LENTE ES,UNIDAD,1,0,0,1,0,0,1,GENERAL,0,0,0,0,0,1,06511,0,0
1,"1/3 SONY CCD, 540TVL, 0.25 LUX, DIGITAL",UNIDAD,1,0,0,1,0,0,1,GENERAL,0,0,0,0,0,1,0763,0,0
1,"1/3"" SONY CCD, 540TVL, 0.25 LUX, DIGITAL",UNIDAD,1,0,0,1,0,0,1,GENERAL,0,0,0,0,0,1,0924,0,0
1,1010 LRKIT REFLECTIVO DE LARGO ALCANCE KIT 394 PIE,UNIDAD,1,0,0,1,0,0,1,GENERAL,0,0,0,0,0,1,06442,0,0
1,11031101 CABLE CALIBRE 22 DE 4 PARES RESIDEO,UNIDAD,1,0,0,1,0,0,1,GENERAL,0,0,0,0,0,1,05859,0,0
1,11041101 CABLE GENESIS 4 CONDUTORES 22AWG 305MTS,UNIDAD,1,0,0,1,0,0,1,GENERAL,0,0,0,0,0,1,05944,0,0
1,11045501 CABLE BLANCO 22/4  500 PIES,UNIDAD,1,0,0,1,0,0,1,GENERAL,0,0,0,0,0,1,06239,0,0
1,11045509 22/4 STR CM/CL2 5C BX GRY,UNIDAD,1,0,0,1,0,0,1,GENERAL,0,0,0,0,0,1,06284,0,0
1,11045509 CABLE 22/12 SOLIDO PARA INSTALACIONES,UNIDAD,1,0,0,1,0,0,1,GENERAL,0,0,0,0,0,1,05990,0,0
1,11131009 22/12 CABLE PARA INCENDIO DE 1000 PIES,METROS,1,0,0,1,0,0,1,GENERAL,0,0,0,0,0,1,05987,0,0
1,11135501 CABLE PARA INCENDIO 22/12 500 PULL  WHITE,UNIDAD,1,0,0,1,0,0,1,GENERAL,0,0,0,0,0,1,05553,0,0
1,11335801 CABLE BLANCO 22/4 DE 500 PIES,UNIDAD,1,0,0,1,0,0,1,GENERAL,0,0,0,0,0,1,05546,0,0
1,116814 GARRETT PD6500I 110V GRAY SCHEME,UNIDA,1,0,0,1,0,0,1,GENERAL,0,0,0,0,0,1,05380,0,0
1,12V17A BATERIA DE RESPALDO PANEL CENTRAL,UNIDAD,1,0,0,1,0,0,1,GENERAL,0,0,0,0,0,1,06698,0,0
1,12V6A5 7.2 AH BATTERY,UNIDAD,1,0,0,1,0,0,1,GENERAL,0,0,0,0,0,1,06705,0,0
1,1326LSSMV TARJETA PROXIMIDAD  II PROG F-HID LOGO,UNIDAD,1,0,0,1,0,0,1,GENERAL,0,0,0,0,0,1,05985,0,0
1,15´ ANTENNA EXTENSION FOR GS3055 GS-15ANT,UNIDAD,1,0,0,1,0,0,1,GENERAL,0,0,0,0,0,1,05236,0,0
1,16/2 SOL OAS FPLP 5C BX RED,UNIDAD,1,0,0,1,0,0,1,GENERAL,0,0,0,0,0,1,05392,0,0
1,16/4 SOL OAS FPLP IM RL RED,UNIDAD,1,0,0,1,0,0,1,GENERAL,0,0,0,0,0,1,05393,0,0
1,"16CH 400IPS DIS/REC H.264,500GB GIGA LAN",UNIDAD,1,0,0,1,0,0,1,GENERAL,0,0,0,0,0,1,0921,0,0
1,293678615 SIGMA LITE BIO,UNIDAD,1,0,0,1,0,0,1,GENERAL,0,0,0,0,0,1,05373,0,0
1,2CD2T85FWD-15/18 CAMARA BALA IP HIKVISION,UNIDAD,1,0,0,1,0,0,1,GENERAL,0,0,0,0,0,1,05140,0,0
1,2CD2T85FWD-15/18 CAMARA BALA IP HIKVISION,UNIDAD,1,0,0,1,0,0,1,GENERAL,0,0,0,0,0,1,05147,0,0
1,2DR EXPANSION PKG  120-8217,UNIDAD,1,0,0,1,0,0,1,GENERAL,0,0,0,0,0,1,04587,0,0
1,2GIG-ZSNL CHAPA ELECTROMAG. 30 DIG C/MA.,UNIDAD,1,0,0,1,0,0,1,GENERAL,0,0,0,0,0,1,04324,0,0
1,"3 MEGAPIXEL MJPEG COLOR CAMERA, 2048X153",UNIDAD,1,0,0,1,0,0,1,GENERAL,0,0,0,0,0,1,0931,0,0
1,"32 CH, 800 IPS DISPLAY/RECORDING, H264,",UNIDAD,1,0,0,1,0,0,1,GENERAL,0,0,0,0,0,1,0760,0,0
1,"3204 DVR 4 CANALES,  1 TB ADMINISTRADA",UNIDAD,1,0,0,1,0,0,1,GENERAL,0,0,0,0,0,1,00182,0,0
1,"3204 DVR,  4 CANALES  1 TB ADMINISTRADA",UNIDAD,1,0,0,1,0,0,1,GENERAL,0,0,0,0,0,1,01182,0,0
1,"35X OPTICASL ALL-IN ONE, 540TVL D/N (ICR",UNIDAD,1,0,0,1,0,0,1,GENERAL,0,0,0,0,0,1,0762,0,0
1,3G80551TF ALARM.COM CELLULAR MOD.COMUNIC,UNIDAD,1,0,0,1,0,0,1,GENERAL,0,0,0,0,0,1,04325,0,0
1,3G9080-LAT MODULO DE COMUNICACION CELULA POWER SER,UNIDAD,1,0,0,1,0,0,1,GENERAL,0,0,0,0,0,1,05497,0,0
1,"3M: CINCHO PLASTICO 14""",UNIDAD,1,0,0,1,0,0,1,GENERAL,0,0,0,0,0,1,0484,0,0
1,3M: CINCHO PLASTICO NO.5,UNIDAD,1,0,0,1,0,0,1,GENERAL,0,0,0,0,0,1,0046,0,0
1,3M: CINTA#1600 TEMFLEX 3/4 X 60 GRANDE BLANC,UNIDAD,1,0,0,1,0,0,1,GENERAL,0,0,0,0,0,1,0448,0,0
1,3M: MONTING TAPE,ROLLO,1,0,0,1,0,0,1,GENERAL,0,0,0,0,0,1,0141,0,0
1,3M: MOUNTIC CINDA ADHESIVA,ROLLO,1,0,0,1,0,0,1,GENERAL,0,0,0,0,0,1,4026SMW75,0,0
1,"3M: MOUNTING TAPE 1/2"" * 5MTS",UNIDAD,1,0,0,1,0,0,1,GENERAL,0,0,0,0,0,1,03799,0,0
1,3M: MOUNTING TAPE 35 YARDAS DOBLE CARA,UNIDAD,1,0,0,1,0,0,1,GENERAL,0,0,0,0,0,1,03781,0,0
1,"3NSTAR, IMPRESORA DE RECIBO M?VIL Y ETIQUETAS BLUE",UNIDAD,1,0,0,1,0,0,1,GENERAL,0,0,0,0,0,1,05774,0,0
1,4 MODULOS SFP 1000 FX,UNIDAD,1,0,0,1,0,0,1,GENERAL,0,0,0,0,0,1,0864,0,0
1,43061104 CAJA DE CABLE PARA INCENDIO 18/2 1000 RO,UNIDAD,1,0,0,1,0,0,1,GENERAL,0,0,0,0,0,1,05926,0,0
1,"49"" HD 1080P LED ULTRA-SLIM VZ-49UNB",UNIDAD,1,0,0,1,0,0,1,GENERAL,0,0,0,0,0,1,04996,0,0
1,4GB DDR4-2400GHZ SODIMM,UNIDAD,1,0,0,1,0,0,1,GENERAL,0,0,0,0,0,1,06062,0,0
1,4GTECH: MULTIMAX MODEL 8000-5463-S MULTI,UNIDAD,1,0,0,1,0,0,1,GENERAL,0,0,0,0,0,1,0350,0,0
1,4GTECH: MULTIMAX MODEL 8000-5464-S SMART,UNIDAD,1,0,0,1,0,0,1,GENERAL,0,0,0,0,0,1,0349,0,0
1,4GTECH: MULTIMAX MODEL 8000-5772-S SMART,UNIDAD,1,0,0,1,0,0,1,GENERAL,0,0,0,0,0,1,0347,0,0
1,4GTECH: MULTIMAX MODEL 8000-5830-S SMART,UNIDAD,1,0,0,1,0,0,1,GENERAL,0,0,0,0,0,1,0348,0,0
1,4GTECH: MULTIMAX MODEL 8000-6078-S SMART,UNIDAD,1,0,0,1,0,0,1,GENERAL,0,0,0,0,0,1,0346,0,0
1,5000-04001 DISCO DURO DE 4 TB EXACQ,UNIDAD,1,0,0,1,0,0,1,GENERAL,0,0,0,0,0,1,06323,0,0
1,"5000-20030 ESTANTE DE MONTAJE EN BASTIDOR DE 15,8",UNIDAD,1,0,0,1,0,0,1,GENERAL,0,0,0,0,0,1,05696,0,0
1,5140MPS PULL STATION SYSTEM SENSOR,UNIDAD,1,0,0,1,0,0,1,GENERAL,0,0,0,0,0,1,03098,0,0
1,5320UL 0021000 BOBINA CABLE P/INCENDIO 18X2,UNIDAD,1,0,0,1,0,0,1,GENERAL,0,0,0,0,0,1,06714,0,0
1,5320UL 0021000 MULTI-CONDUCTOR-COMERCIAL APPLICATI,UNIDAD,1,0,0,1,0,0,1,GENERAL,0,0,0,0,0,1,05259,0,0
1,5320UL CABLE P/INCENDIO 18*2 ROJO 304MTS BELDEN,MTS,1,0,0,1,0,0,1,GENERAL,0,0,0,0,0,1,05765,0,0
1,"5375AGN00 LECTOR DE TARJETAS DE PROXIMIDAD, LARGO",UNIDAD,1,0,0,1,0,0,1,GENERAL,0,0,0,0,0,1,06561,0,0
1,5503-681 FUENTE DE ALIMENTACIÓN PARA AXIS P1311/43,UNIDAD,1,0,0,1,0,0,1,GENERAL,0,0,0,0,0,1,06268,0,0
1,5806W3 DETECTOR DE HUMO,UNIDAD,1,0,0,1,0,0,1,GENERAL,0,0,0,0,0,1,05943,0,0
1,6010-300 DETECTOR DE HUMO FIRERAY ONE BEAM 50MT,UNIDAD,1,0,0,1,0,0,1,GENERAL,0,0,0,0,0,1,06441,0,0
1,"6160CR-2  KEYPAD,ALPHA,COMM,FIRE,RED",UNIDAD,1,0,0,1,0,0,1,GENERAL,0,0,0,0,0,1,05912,0,0
1,64 LICENCIAS PARA CAMARAS,UNIDAD,1,0,0,1,0,0,1,GENERAL,0,0,0,0,0,1,0699,0,0
1,870 LECTOR DE PROXIMIDAD S870,UNIDAD,1,0,0,1,0,0,1,GENERAL,0,0,0,0,0,1,03981,0,0
1,900PMNNEKMA003 LECTORA TARJETA DE PROX CON BLUETOO,UNIDAD,1,0,0,1,0,0,1,GENERAL,0,0,0,0,0,1,05543,0,0
1,900PMNNEKMA003 RDR RP10 MULTICLASS,UNIDAD,1,0,0,1,0,0,1,GENERAL,0,0,0,0,0,1,06136,0,0
1,909SMO RCI BOTON DE SALIDA,UNIDAD,1,0,0,1,0,0,1,GENERAL,0,0,0,0,0,1,06143,0,0
1,"929S LECTOR DE PARTELUZ SIMETRIA AZUL, NEGRO CON B",UNIDAD,1,0,0,1,0,0,1,GENERAL,0,0,0,0,0,1,05759,0,0
1,A000000015878 MICROFONO DE UNA VIA,UNIDAD,1,0,0,1,0,0,1,GENERAL,0,0,0,0,0,1,05971,0,0
1,"ABRAZADERA DE 3/8""",UNIDAD,1,0,0,1,0,0,1,GENERAL,0,0,0,0,0,1,04113,0,0
1,ABRAZADERA DUCTON DE 1 1/4,UNIDAD,1,0,0,1,0,0,1,GENERAL,0,0,0,0,0,1,01099,0,0
1,ABRAZADERA DUCTON DE 1/2,UNIDAD,1,0,0,1,0,0,1,GENERAL,0,0,0,0,0,1,01086,0,0
1,"ABRAZADERA HANGER 4""",UNIDAD,1,0,0,1,0,0,1,GENERAL,0,0,0,0,0,1,04152,0,0
1,"ABRAZADERA MEDIA LUNA 3/4""",UNIDAD,1,0,0,1,0,0,1,GENERAL,0,0,0,0,0,1,04288,0,0
1,"ABRAZADERA MEDIA LUNA DE 1""",UNIDAD,1,0,0,1,0,0,1,GENERAL,0,0,0,0,0,1,0001,0,0
1,"ABRAZADERA METALICA TIPO CINCHO 4""",UNIDAD,1,0,0,1,0,0,1,GENERAL,0,0,0,0,0,1,05676,0,0
1,ABRAZADERA PARA CIELO  DE  1  1/2,UNIDAD,1,0,0,1,0,0,1,GENERAL,0,0,0,0,0,1,03206,0,0
1,"ABRAZADERA PARA CIELO 3/4""",UNIDAD,1,0,0,1,0,0,1,GENERAL,0,0,0,0,0,1,0451,0,0
1,ABRAZADERA PARA CIELO DE 1 1/4,UNIDAD,1,0,0,1,0,0,1,GENERAL,0,0,0,0,0,1,0611,0,0
1,ABRAZADERA PARA CIELO DE 1/2,UNIDAD,1,0,0,1,0,0,1,GENERAL,0,0,0,0,0,1,0967,0,0
1,"ABRAZADERA PARA CIELO HANGER DE 1""",UNIDAD,1,0,0,1,0,0,1,GENERAL,0,0,0,0,0,1,0694,0,0
1,"ABRAZADERA PARA CIELO HANGER DE 2""",UNIDAD,1,0,0,1,0,0,1,GENERAL,0,0,0,0,0,1,0983,0,0
1,"ABRAZADERA PARA CIELO HANGER DE 3""",UNIDAD,1,0,0,1,0,0,1,GENERAL,0,0,0,0,0,1,03571,0,0
1,"ABRAZADERA T/CINCHO METALICA 6""",UNIDAD,1,0,0,1,0,0,1,GENERAL,0,0,0,0,0,1,04236,0,0
1,"ABRAZADERA TIPO CINCHO DE 14"" METALICA",UNIDAD,1,0,0,1,0,0,1,GENERAL,0,0,0,0,0,1,06044,0,0
1,ABRAZADERA UNICANAL  DE 1  1/2,UNIDAD,1,0,0,1,0,0,1,GENERAL,0,0,0,0,0,1,02015,0,0
1,"ABRAZADERA UNICANAL 4""",UNIDAD,1,0,0,1,0,0,1,GENERAL,0,0,0,0,0,1,05854,0,0
1,ABRAZADERA UNICANAL DE 1 1/4,UNIDAD,1,0,0,1,0,0,1,GENERAL,0,0,0,0,0,1,0874,0,0
1,"ABRAZADERA UNICANAL DE 1""",UNIDAD,1,0,0,1,0,0,1,GENERAL,0,0,0,0,0,1,0509,0,0
1,"ABRAZADERA UNICANAL DE 1/2""",UNIDAD,1,0,0,1,0,0,1,GENERAL,0,0,0,0,0,1,04227,0,0
1,ABRAZADERA UNICANAL DE 2,UNIDAD,1,0,0,1,0,0,1,GENERAL,0,0,0,0,0,1,03592,0,0
1,ABRAZADERA UNICANAL DE 3/4,UNIDAD,1,0,0,1,0,0,1,GENERAL,0,0,0,0,0,1,03273,0,0
1,ABRAZADERAS MEDIA LUNA 1/2,UNIDAD,1,0,0,1,0,0,1,GENERAL,0,0,0,0,0,1,0002,0,0
1,"AC ADAPTER OUTPUT: DC12V 500 MA, INPUT:",UNIDAD,1,0,0,1,0,0,1,GENERAL,0,0,0,0,0,1,0930,0,0
1,AC01-DRIVER KEY,UNIDAD,1,0,0,1,0,0,1,GENERAL,0,0,0,0,0,1,01167,0,0
1,AC02-DRIVER KEY SOCKET,UNIDAD,1,0,0,1,0,0,1,GENERAL,0,0,0,0,0,1,01168,0,0
1,AC03-TEMPERATURE SENSORS,UNIDAD,1,0,0,1,0,0,1,GENERAL,0,0,0,0,0,1,01170,0,0
1,AC10-LOMMS 14 WAY CABLE,UNIDAD,1,0,0,1,0,0,1,GENERAL,0,0,0,0,0,1,01169,0,0
1,AC137-9  BOTON ENCENDIDO/APAGADO DE INTERRUPTOR,UNIDAD,1,0,0,1,0,0,1,GENERAL,0,0,0,0,0,1,05961,0,0
1,AC13-CABLES PROGRAM AND DEBUG FOR 828,UNIDAD,1,0,0,1,0,0,1,GENERAL,0,0,0,0,0,1,01171,0,0
1,AC-16-DRIVER KEY PROGRAM CABLE,UNIDAD,1,0,0,1,0,0,1,GENERAL,0,0,0,0,0,1,01172,0,0
1,ACCES POINT NC-AC44APP,UNIDAD,1,0,0,1,0,0,1,GENERAL,0,0,0,0,0,1,04992,0,0
1,ACCESORIO PARA VEHÍCULO,UNIDAD,1,0,0,1,0,0,1,GENERAL,0,0,0,0,0,1,06281,0,0
1,ACEITE W40,UNIDAD,1,0,0,1,0,0,1,GENERAL,0,0,0,0,0,1,01115,0,0
1,ACETONA,UNIDAD,1,0,0,1,0,0,1,GENERAL,0,0,0,0,0,1,04579,0,0
1,ACEVENIP01-011 EA TARJETA DE ACTIVACION CON UNA IP,UNIDAD,1,0,0,1,0,0,1,GENERAL,0,0,0,0,0,1,05582,0,0
1,ACIETE 3 EN 1,UNIDAD,1,0,0,1,0,0,1,GENERAL,0,0,0,0,0,1,04280,0,0
1,ACOMETIDA MONOFACICA 120V * 240V-11KW,UNIDAD,1,0,0,1,0,0,1,GENERAL,0,0,0,0,0,1,04527,0,0
1,ACRILICO G4S,UNIDAD,1,0,0,1,0,0,1,GENERAL,0,0,0,0,0,1,04641,0,0
1,ACRILICO P/ID DE DOCUMENTO (GARITA),UNIDAD,1,0,0,1,0,0,1,GENERAL,0,0,0,0,0,1,04619,0,0
1,ACRILICO PARA ESTACION MANUAL,UNIDAD,1,0,0,1,0,0,1,GENERAL,0,0,0,0,0,1,02035,0,0
1,ACTIVADOR PARA ADHESIVO,UNIDAD,1,0,0,1,0,0,1,GENERAL,0,0,0,0,0,1,06048,0,0
1,ACTIVADOR Y DESACTIVADOR DE ALARMA MCT234,UNIDAD,1,0,0,1,0,0,1,GENERAL,0,0,0,0,0,1,04749,0,0
1,ACTUALIZACION LICENCIA EXAC STARTIP-EVENIP,UNIDAD,1,0,0,1,0,0,1,GENERAL,0,0,0,0,0,1,06014,0,0
1,AD370-0  MODULO REGULAR MOS,UNIDAD,1,0,0,1,0,0,1,GENERAL,0,0,0,0,0,1,05962,0,0
1,ADAPTADOR BNC-RJ12   BRJBNCCOUP,UNIDAD,1,0,0,1,0,0,1,GENERAL,0,0,0,0,0,1,03377,0,0
1,"ADAPTADOR COPA C/CAJA MAGNETICA 5/16""",UNIDAD,1,0,0,1,0,0,1,GENERAL,0,0,0,0,0,1,03894,0,0
1,ADAPTADOR COPLA RJ11,UNIDAD,1,0,0,1,0,0,1,GENERAL,0,0,0,0,0,1,03263,0,0
1,ADAPTADOR CORRIENTE ALTERNA Y CARGADOR JT701 RE,UNIDAD,1,0,0,1,0,0,1,GENERAL,0,0,0,0,0,1,06272,0,0
1,ADAPTADOR DB9,UNIDAD,1,0,0,1,0,0,1,GENERAL,0,0,0,0,0,1,03374,0,0
1,ADAPTADOR DE CA JT701,UNIDAD,1,0,0,1,0,0,1,GENERAL,0,0,0,0,0,1,06337,0,0
1,ADAPTADOR DE CAJA MAGNETICA DE 3/8,UNIDAD,1,0,0,1,0,0,1,GENERAL,0,0,0,0,0,1,03334,0,0
1,ADAPTADOR DE CORRIEN.D 120 VAC 1.7 AMP. HS65WPSNA,UNIDAD,1,0,0,1,0,0,1,GENERAL,0,0,0,0,0,1,05481,0,0
1,ADAPTADOR DE CORRIENTE 12V 3ADC,UNIDAD,1,0,0,1,0,0,1,GENERAL,0,0,0,0,0,1,03843,0,0
1,ADAPTADOR DE CORRIENTE ALTERNA Y CARGADOR,UNIDAD,1,0,0,1,0,0,1,GENERAL,0,0,0,0,0,1,05510,0,0
1,ADAPTADOR DE GOMA JT701,UNIDAD,1,0,0,1,0,0,1,GENERAL,0,0,0,0,0,1,06338,0,0
1,ADAPTADOR DE INTECOMUNICADOR JKW-BA,UNIDAD,1,0,0,1,0,0,1,GENERAL,0,0,0,0,0,1,03035,0,0
1,ADAPTADOR DE VOLTAJE MACHO CON-12V,UNIDAD,1,0,0,1,0,0,1,GENERAL,0,0,0,0,0,1,05097,0,0
1,ADAPTADOR DE VOLTAJE MACHO-HEMBRA,UNIDAD,1,0,0,1,0,0,1,GENERAL,0,0,0,0,0,1,05551,0,0
1,ADAPTADOR GPS PARA VEHICULO LIGERO,UNIDAD,1,0,0,1,0,0,1,GENERAL,0,0,0,0,0,1,04689,0,0
1,ADAPTADOR GPS PARA VEHICULO PESADO,UNIDAD,1,0,0,1,0,0,1,GENERAL,0,0,0,0,0,1,04690,0,0
1,ADAPTADOR INTERFASE 0560,UNIDAD,1,0,0,1,0,0,1,GENERAL,0,0,0,0,0,1,0003,0,0
1,ADAPTADOR NETWORK,UNIDAD,1,0,0,1,0,0,1,GENERAL,0,0,0,0,0,1,0673,0,0
1,ADAPTADOR P/RED GSM GPRS Y TCP SATNB ALA,UNIDAD,1,0,0,1,0,0,1,GENERAL,0,0,0,0,0,1,04148,0,0
1,ADAPTADOR PARA REDES GSM,UNIDAD,1,0,0,1,0,0,1,GENERAL,0,0,0,0,0,1,02010,0,0
1,ADAPTADOR PLUG USB C A JACK USB 3.0,UNIDAD,1,0,0,1,0,0,1,GENERAL,0,0,0,0,0,1,834,0,0
1,ADAPTADOR POE INJECTOR,UNIDAD,1,0,0,1,0,0,1,GENERAL,0,0,0,0,0,1,05340,0,0
1,ADAPTADOR RJ45 A HDMI,UNIDAD,1,0,0,1,0,0,1,GENERAL,0,0,0,0,0,1,04628,0,0
1,ADAPTADOR SDS MANDRIL,UNIDAD,1,0,0,1,0,0,1,GENERAL,0,0,0,0,0,1,03463,0,0
1,ADAPTADOR TIPO JACK MACHO,UNIDAD,1,0,0,1,0,0,1,GENERAL,0,0,0,0,0,1,04497,0,0
1,ADAPTADOR TIPO PULPO MULTIPLE 4-1,UNIDAD,1,0,0,1,0,0,1,GENERAL,0,0,0,0,0,1,2041,0,0
1,ADAPTADOR USB A HDMI/VGA/DVI P/MONITOR A,UNIDAD,1,0,0,1,0,0,1,GENERAL,0,0,0,0,0,1,04185,0,0
1,ADAPTADOR USB MINI MACHO DE 5 PINES A USB TIPO A H,UNIDAD,1,0,0,1,0,0,1,GENERAL,0,0,0,0,0,1,06302,0,0
1,ADAPTADOR VGA A HDMI + AUDIO + MINI USB,UNIDAD,1,0,0,1,0,0,1,GENERAL,0,0,0,0,0,1,06571,0,0
1,ADAPTADOR Y 2 PLUGS A JACK 3.5MM TRRS,UNIDAD,1,0,0,1,0,0,1,GENERAL,0,0,0,0,0,1,06736,0,0
1,ADCI825LT-F312 ILLUSTRA PRO FISHEYE LT 5MP INTERIO,UNIDAD,1,0,0,1,0,0,1,GENERAL,0,0,0,0,0,1,05773,0,0
1,ADC-IS-220-LP SENSOR DE IMAGEN (TARJETA-BASE) DEMO,UNIDAD,1,0,0,1,0,0,1,GENERAL,0,0,0,0,0,1,05215,0,0
1,ADC-SIM-AFF-AT-B1,UNIDAD,1,0,0,1,0,0,1,GENERAL,0,0,0,0,0,1,05324,0,0
1,ADC-V515 CAMARA WIFI 1080P PARA INTERIORES,UNIDAD,1,0,0,1,0,0,1,GENERAL,0,0,0,0,0,1,06291,0,0
1,ADC-V522IR CAMARA IP INALAMBRICA (DEMO),UNIDAD,1,0,0,1,0,0,1,GENERAL,0,0,0,0,0,1,05192,0,0
1,ADC-V722W-US OUTDOOR IP CAMARA (DEMO),UNIDAD,1,0,0,1,0,0,1,GENERAL,0,0,0,0,0,1,05216,0,0
1,ADC-V723 CÁMARA WIFI 1080P PARA EXTERIORES,UNIDAD,1,0,0,1,0,0,1,GENERAL,0,0,0,0,0,1,06290,0,0
1,ADC-V723-CIA CAMARA INTERIOR,UNIDAD,1,0,0,1,0,0,1,GENERAL,0,0,0,0,0,1,05722,0,0
1,ADC-V724  CAMARA WIFI 1080P PARA EXTERIOR,UNIDAD,1,0,0,1,0,0,1,GENERAL,0,0,0,0,0,1,06479,0,0
1,ADC-V724-CIA-INT CAMARA EXTERIOR 1080P WI-FI CON A,UNIDAD,1,0,0,1,0,0,1,GENERAL,0,0,0,0,0,1,06437,0,0
1,ADC-V729-V CAMARA ETHERNET DE 14 MP CON REFLECTOR,UNIDAD,1,0,0,1,0,0,1,GENERAL,0,0,0,0,0,1,06649,0,0
1,ADC-VDB106 SKIBELL SLIM DOORBELL TIMBRES (DEMO),UNIDAD,1,0,0,1,0,0,1,GENERAL,0,0,0,0,0,1,05219,0,0
1,ADC-VDB780B VIDEO TIMBRE INALÁMBRICO,UNIDAD,1,0,0,1,0,0,1,GENERAL,0,0,0,0,0,1,06436,0,0
1,ADC-W115C-INT EXTENSOR INALAMBRICO Y TIMBRE PERSON,UNIDAD,1,0,0,1,0,0,1,GENERAL,0,0,0,0,0,1,06435,0,0
1,ADEMCO/HONEYWELL: DETECTOR DE HUMO,UNIDAD,1,0,0,1,0,0,1,GENERAL,0,0,0,0,0,1,0111,0,0
1,ADEMCO/HONEYWELL: RECEPTOR INALAMBRICO,UNIDAD,1,0,0,1,0,0,1,GENERAL,0,0,0,0,0,1,0164,0,0
1,ADEMCO: (BOTON) TRANSMISOR INALAMBRICO W,UNIDAD,1,0,0,1,0,0,1,GENERAL,0,0,0,0,0,1,0227,0,0
1,ADEMCO: BURBUJA PARA PERSIANA INALAMBRIC,UNIDAD,1,0,0,1,0,0,1,GENERAL,0,0,0,0,0,1,0030,0,0
1,ADEMCO: DETECTOR DE ROTURA DE VIDRIO INA,UNIDAD,1,0,0,1,0,0,1,GENERAL,0,0,0,0,0,1,0080,0,0
1,ADEMCO: INTERFASE DE COMUNICACION,UNIDAD,1,0,0,1,0,0,1,GENERAL,0,0,0,0,0,1,0231,0,0
1,ADEMCO: MODULO DE RELEY,UNIDAD,1,0,0,1,0,0,1,GENERAL,0,0,0,0,0,1,0136,0,0
1,ADEMCO: MODULO DE RELEY AZUL 28 VTS,UNIDAD,1,0,0,1,0,0,1,GENERAL,0,0,0,0,0,1,0313,0,0
1,ADEMCO: MODULO DE RELEY EXPANZOR,UNIDAD,1,0,0,1,0,0,1,GENERAL,0,0,0,0,0,1,0137,0,0
1,ADEMCO: MODULO DE RELEY EXPANZOR,UNIDAD,1,0,0,1,0,0,1,GENERAL,0,0,0,0,0,1,0138,0,0
1,ADEMCO: MODULO RECEPTOR INALAMBRICO,UNIDAD,1,0,0,1,0,0,1,GENERAL,0,0,0,0,0,1,0154,0,0
1,ADEMCO: TRANSMISOR INALAMBRICO,UNIDAD,1,0,0,1,0,0,1,GENERAL,0,0,0,0,0,1,0226,0,0
1,ADHESIVO ESTRUCTURAL SUPER BONDER 50 ML,UNIDAD,1,0,0,1,0,0,1,GENERAL,0,0,0,0,0,1,06047,0,0
1,ADPATADOR RCA A BNC,UNIDAD,1,0,0,1,0,0,1,GENERAL,0,0,0,0,0,1,0593,0,0
1,ADVANCE COMMUNICATOR,UNIDAD,1,0,0,1,0,0,1,GENERAL,0,0,0,0,0,1,01155,0,0
1,ADVANCE COMMUNICATOR,UNIDAD,1,0,0,1,0,0,1,GENERAL,0,0,0,0,0,1,605,0,0
1,AE-DI5042-G4 DASH CAMARA HIKVISION 4G,UNIDAD,1,0,0,1,0,0,1,GENERAL,0,0,0,0,0,1,06491,0,0
1,AFICHES,UNIDAD,1,0,0,1,0,0,1,GENERAL,0,0,0,0,0,1,04901,0,0
1,AGUA OXIGENADA,UNIDAD,1,0,0,1,0,0,1,GENERAL,0,0,0,0,0,1,05431,0,0
1,AGUINALDO PERSONAL ESTANDAR,SRV,3,0,0,1,1,0,3,GENERAL,0,0,0,0,0,1,IC0041,0,0
1,AIRE ACONDICIONADO T/MINI SPLIT,UNIDAD,1,0,0,1,0,0,1,GENERAL,0,0,0,0,0,1,914,0,0
1,AIRE COMPRIMIDO PRICES,UNIDAD,1,0,0,1,0,0,1,GENERAL,0,0,0,0,0,1,03505,0,0
1,AISLADOR DE ESQUINA Y202,UNIDAD,1,0,0,1,0,0,1,GENERAL,0,0,0,0,0,1,04962,0,0
1,AISLADOR DE PASO Y101,UNIDAD,1,0,0,1,0,0,1,GENERAL,0,0,0,0,0,1,04963,0,0
1,AL-100PF RECIBIDOR PARA CHAPA DE PISTON,UNIDAD,1,0,0,1,0,0,1,GENERAL,0,0,0,0,0,1,05412,0,0
1,AL-200PZ MONTAJE PARA CHAPA DE PISTON,UNIDAD,1,0,0,1,0,0,1,GENERAL,0,0,0,0,0,1,05411,0,0
1,ALAMBRE DE AMARRE,UNIDAD,1,0,0,1,0,0,1,GENERAL,0,0,0,0,0,1,03318,0,0
1,ALAMBRE GALVANIZADO,LIBRA,1,0,0,1,0,0,1,GENERAL,0,0,0,0,0,1,0754,0,0
1,ALARMA DE 8 ZONAS EXPANDIBLE A 128 - NEO,UNIDAD,1,0,0,1,0,0,1,GENERAL,0,0,0,0,0,1,05476,0,0
1,ALCOHOL EN GALON P/MANOS,UNIDAD,1,0,0,1,0,0,1,GENERAL,0,0,0,0,0,1,04785,0,0
1,ALCOHOL LIQUIDO ISOPROPILICO 1 GALON,UNIDAD,1,0,0,1,0,0,1,GENERAL,0,0,0,0,0,1,05780,0,0
1,ALEPH: MAGNETICO LIVIANO DE MINISELF PS-,PARES,1,0,0,1,0,0,1,GENERAL,0,0,0,0,0,1,0375,0,0
1,ALFOMBRA,UNIDAD,1,0,0,1,0,0,1,GENERAL,0,0,0,0,0,1,04955,0,0
1,ALFOMBRA ATRAPA MUGRE COLOR NEGRA,UNIDAD,1,0,0,1,0,0,1,GENERAL,0,0,0,0,0,1,75,0,0
1,ALGODON,UNIDAD,1,0,0,1,0,0,1,GENERAL,0,0,0,0,0,1,05432,0,0
1,ALICATE 27 SERVICIOS VITORINOX,UNIDAD,1,0,0,1,0,0,1,GENERAL,0,0,0,0,0,1,02020,0,0
1,ALICATE 36 SERVICIOS VITORINOX,UNIDAD,1,0,0,1,0,0,1,GENERAL,0,0,0,0,0,1,02030,0,0
1,"ALICATE 8"" PARA ELECTRICISTA",UNIDAD,1,0,0,1,0,0,1,GENERAL,0,0,0,0,0,1,0835,0,0
1,ALICATE CORTA ALAMBRE STANLEY,UNIDAD,1,0,0,1,0,0,1,GENERAL,0,0,0,0,0,1,0688,0,0
1,ALICATE CORTA ALAMBRE STANLEY 84632,UNIDAD,1,0,0,1,0,0,1,GENERAL,0,0,0,0,0,1,803,0,0
1,"ALICATE CORTA ALAMBRE STANLEY DE 8"" 8405",UNIDAD,1,0,0,1,0,0,1,GENERAL,0,0,0,0,0,1,822,0,0
1,"ALICATE CORTE DIAGONAL 7""",UNIDAD,1,0,0,1,0,0,1,GENERAL,0,0,0,0,0,1,0843,0,0
1,ALICATE MULTIHERRAMIENTAS,UNIDAD,1,0,0,1,0,0,1,GENERAL,0,0,0,0,0,1,03589,0,0
1,"ALICATE P/ELECTRICISTA STANLEY 8"" 84056",UNIDAD,1,0,0,1,0,0,1,GENERAL,0,0,0,0,0,1,821,0,0
1,ALICATE PARA ELECTRICISTA CRECENT,UNIDAD,1,0,0,1,0,0,1,GENERAL,0,0,0,0,0,1,801,0,0
1,ALICATE PRETUL MULTIUSOS PROMOCIONAL,UNIDAD,1,0,0,1,0,0,1,GENERAL,0,0,0,0,0,1,05169,0,0
1,ALICATE PROMOCIONAL MEDIANO ACE,UNIDAD,1,0,0,1,0,0,1,GENERAL,0,0,0,0,0,1,05170,0,0
1,"ALICATE VICE GRIP STANLEY 4-369/ 10""",UNIDAD,1,0,0,1,0,0,1,GENERAL,0,0,0,0,0,1,738,0,0
1,ALIMENTACION PRIMER INGRESO DIRECTO,,3,0,0,0,0,0,0,GENERAL,0,0,0,0,0,1,SRV0195,0,0
1,ALIMENTACION PRIMER INGRESO INDIRECTO,,3,0,0,0,0,0,0,GENERAL,0,0,0,0,0,1,SRV0196,0,0
1,ALINEACION DE CARRO,UNIDAD,1,0,0,1,0,0,1,GENERAL,0,0,0,0,0,1,202,0,0
1,ALL CAN 300,UNIDAD,1,0,0,1,0,0,1,GENERAL,0,0,0,0,0,1,06181,0,0
1,ALMACENAJE,UNIDAD,1,0,0,1,0,0,1,GENERAL,0,0,0,0,0,1,0665,0,0
1,ALMOHADILLA PARA PIZARRON,UNIDAD,1,0,0,1,0,0,1,GENERAL,0,0,0,0,0,1,548,0,0
1,ALMOHADILLA PARA SELLOS,UNIDAD,1,0,0,1,0,0,1,GENERAL,0,0,0,0,0,1,324,0,0
1,ALQUILER DE INMUEBLES ADMINISTRATIVO,,3,0,0,0,0,0,0,GENERAL,0,0,0,0,0,1,SRV0308,0,0
1,ALQUILER DE INMUEBLES DIRECTO,,3,0,0,0,0,0,0,GENERAL,0,0,0,0,0,1,SRV0306,0,0
1,ALQUILER DE INMUEBLES INDIRECTO,,3,0,0,0,0,0,0,GENERAL,0,0,0,0,0,1,SRV0307,0,0
1,ALTRONIX: HUBSAT 4D,UNIDAD,1,0,0,1,0,0,1,GENERAL,0,0,0,0,0,1,0276,0,0
1,ALTRONIX: LANTRONIX: INTERFACE P/CONECTAR C/A LAN-,UNIDAD,1,0,0,1,0,0,1,GENERAL,0,0,0,0,0,1,03672,0,0
1,ALTRONIX: LECTOR LARGO ALCANCE AY-U900US UHF,UNIDAD,1,0,0,1,0,0,1,GENERAL,0,0,0,0,0,1,0277,0,0
1,ALTRONIX: PANEL CONTROLADOR DE LECTURAS SWH-AS ANT,UNIDAD,1,0,0,1,0,0,1,GENERAL,0,0,0,0,0,1,03673,0,0
1,"ALTRONIX: TRANSFORMADOR DE 24 V. 4,16 AM",UNIDAD,1,0,0,1,0,0,1,GENERAL,0,0,0,0,0,1,0232,0,0
1,ALZA TIPO Z P/MAGLCK DE 1200LBS.,UNIDAD,1,0,0,1,0,0,1,GENERAL,0,0,0,0,0,1,03856,0,0
1,AMBIENTAL EN LATA,UNIDAD,1,0,0,1,0,0,1,GENERAL,0,0,0,0,0,1,04507,0,0
1,AMERICAN DYNAMICS ADHD2WMVFD02 CAMARA DOMO VF 2.8,UNIDAD,1,0,0,1,0,0,1,GENERAL,0,0,0,0,0,1,06075,0,0
1,AMPLIFICADOR DE SEÑAL WIEGAND PARA LECTORAS DE LAR,UNIDAD,1,0,0,1,0,0,1,GENERAL,0,0,0,0,0,1,06471,0,0
1,AMPLIFICADOR DE VIDEO 16CH NVT,UNIDAD,1,0,0,1,0,0,1,GENERAL,0,0,0,0,0,1,04476,0,0
1,AMSECO: CORDONES RETACTABLES,UNIDAD,1,0,0,1,0,0,1,GENERAL,0,0,0,0,0,1,0067,0,0
1,AMSECO: MONEY CLIP,UNIDAD,1,0,0,1,0,0,1,GENERAL,0,0,0,0,0,1,0139,0,0
1,AMUEBLADO TIPO STAND PARA EVENTOS G4S,UNDIAD,1,0,0,1,0,0,1,GENERAL,0,0,0,0,0,1,05810,0,0
1,AMX-VST-892-IL-SF1-433 CLIMAX VST-892-IL WIRELESS,UNIDAD,1,0,0,1,0,0,1,GENERAL,0,0,0,0,0,1,06618,0,0
1,AN128-1 TOMACORRIENTE P/SOBREPONER PARA AUTOMATIZA,UNIDAD,1,0,0,1,0,0,1,GENERAL,0,0,0,0,0,1,05724,0,0
1,AN145-1 SWITCH PARA LAMPARA Z-WAVE,UNIDAD,1,0,0,1,0,0,1,GENERAL,0,0,0,0,0,1,05723,0,0
1,AN179-0  MODULO ON-OFF DE PARED,UNIDAD,1,0,0,1,0,0,1,GENERAL,0,0,0,0,0,1,05963,0,0
1,AN186-1 ENCHUFE INTERIOR ON-OFF,UNIDAD,1,0,0,1,0,0,1,GENERAL,0,0,0,0,0,1,05960,0,0
1,AN788DEL01 ESTACION DE ACOPLAMIENTO DELL WD19 130W,UNIDAD,1,0,0,1,0,0,1,GENERAL,0,0,0,0,0,1,05677,0,0
1,ANALISIS DE RIESGO,SRV,3,0,0,1,0,0,99,GENERAL,0,0,0,0,0,1,ANARIESGO,0,0
1,ANGULO EXTERNO P/CANALETA,UNIDAD,1,0,0,1,0,0,1,GENERAL,0,0,0,0,0,1,04004,0,0
1,ANGULO INTERNO P/CANALETA,UNIDAD,1,0,0,1,0,0,1,GENERAL,0,0,0,0,0,1,04005,0,0
1,ANGULO PLANO P/CANALETA,UNIDAD,1,0,0,1,0,0,1,GENERAL,0,0,0,0,0,1,04007,0,0
1,ANN-80  NNUNCIATOR FIRE-LITE HONEYWELL,UNIDAD,1,0,0,1,0,0,1,GENERAL,0,0,0,0,0,1,05683,0,0
1,ANTENA ACCES POINT 2.4 GHZ,UNIDAD,1,0,0,1,0,0,1,GENERAL,0,0,0,0,0,1,03701,0,0
1,ANTENA COMUNICACION INALAMBRICA EXT. INALAMBRICA,UNIDAD,1,0,0,1,0,0,1,GENERAL,0,0,0,0,0,1,06477,0,0
1,ANTENA CP-102 GSM SINGLE BAND,UNIDAD,1,0,0,1,0,0,1,GENERAL,0,0,0,0,0,1,0625,0,0
1,ANTENA DE COMUCADOR DSC RE,UNIDAD,1,0,0,1,0,0,1,GENERAL,0,0,0,0,0,1,05681,0,0
1,ANTENA EXTENSION EXTERNA 15 GS-15ANTQ,UNIDAD,1,0,0,1,0,0,1,GENERAL,0,0,0,0,0,1,04127,0,0
1,ANTENA GPS,UNIDAD,1,0,0,1,0,0,1,GENERAL,0,0,0,0,0,1,0677,0,0
1,ANTENA GPS GSM INTERNA SM1120,UNIDAD,1,0,0,1,0,0,1,GENERAL,0,0,0,0,0,1,04688,0,0
1,ANTENA GSM,UNIDAD,1,0,0,1,0,0,1,GENERAL,0,0,0,0,0,1,0678,0,0
1,ANTENA PARA GPS RE,UNIDAD,1,0,0,1,0,0,1,GENERAL,0,0,0,0,0,1,2061,0,0
1,ANTENA PARA MODULOS LPL 1',UNIDAD,1,0,0,1,0,0,1,GENERAL,0,0,0,0,0,1,04132,0,0
1,ANTENA PARA MODULOS LPL-AT-50,UNIDAD,1,0,0,1,0,0,1,GENERAL,0,0,0,0,0,1,03671,0,0
1,ANTENA PARA RADIO RE,UNIDAD,1,0,0,1,0,0,1,GENERAL,0,0,0,0,0,1,2010,0,0
1,ANTENA PARA RADIO UHF (RADIO TRANSMISOR),UNIDAD,1,0,0,1,0,0,1,GENERAL,0,0,0,0,0,1,03969,0,0
1,ANTENA PARA RADIO UHF RE,UNIDAD,1,0,0,1,0,0,1,GENERAL,0,0,0,0,0,1,4052,0,0
1,ANTENA PRIMARIA ULTRA POST VI(ZS1014-P),UNIDAD,1,0,0,1,0,0,1,GENERAL,0,0,0,0,0,1,04738,0,0
1,ANTENA SECUNDARIA ULTRA POST VI(ZS1014-S),UNIDAD,1,0,0,1,0,0,1,GENERAL,0,0,0,0,0,1,04740,0,0
1,ANTENA WAP-PLUS INALAMBRICO,UNIDAD,1,0,0,1,0,0,1,GENERAL,0,0,0,0,0,1,03741,0,0
1,ANTEOJO DE SEGURIDAD RUNNER,UNIDAD,1,0,0,1,0,0,1,GENERAL,0,0,0,0,0,1,04922,0,0
1,ANTEOJO DE SEGURIDAD TOP GUN,UNIDAD,1,0,0,1,0,0,1,GENERAL,0,0,0,0,0,1,03567,0,0
1,ANTEOJOS DE SEGURIDAD RUNNER,UNIDAD,1,0,0,1,0,0,1,GENERAL,0,0,0,0,0,1,735,0,0
1,ANTEOJOS DE SEGURIDAD SPEERIAN,UNIDAD,1,0,0,1,0,0,1,GENERAL,0,0,0,0,0,1,0830,0,0
1,ANTICIPO DE BUZON,UNIDAD,1,0,0,1,0,0,1,GENERAL,0,0,0,0,0,1,0721,0,0
1,ANTIVIRUS KASPERSKY PARA 1 USUARIO,UNIDAD,1,0,0,1,0,0,1,GENERAL,0,0,0,0,0,1,04999,0,0
1,ANUNCIOS Y PUBLICACIONES ADMINISTRATIVO,,3,0,0,0,0,0,0,GENERAL,0,0,0,0,0,1,SRV0220,0,0
1,ANUNCIOS Y PUBLICACIONES DIRECTO,,3,0,0,0,0,0,0,GENERAL,0,0,0,0,0,1,SRV0218,0,0
1,ANUNCIOS Y PUBLICACIONES INDIRECTO,,3,0,0,0,0,0,0,GENERAL,0,0,0,0,0,1,SRV0219,0,0
1,"AOC BREZE 10"" 3G ARM CORTEX-A90C 1G/16GB",UNIDAD,1,0,0,1,0,0,1,GENERAL,0,0,0,0,0,1,847,0,0
1,"AOC: MONITOR 15.6"" LED C/E VGA",UNIDAD,1,0,0,1,0,0,1,GENERAL,0,0,0,0,0,1,03848,0,0
1,"AOC: MONITOR LED DE 20"" COLOR AOC",UNIDAD,1,0,0,1,0,0,1,GENERAL,0,0,0,0,0,1,03092,0,0
1,APC PNET1GB SUPRESOR PARA PROTECCION EQUIPO LAN,UNIDAD,1,0,0,1,0,0,1,GENERAL,0,0,0,0,0,1,06391,0,0
1,APERTURA Y CIERRES,SRV,3,0,0,1,1,0,0,GENERAL,0,0,0,0,0,1,AP/CIERR,0,0
1,APERTURAS,SRV,3,0,0,1,1,0,0,GENERAL,0,0,0,0,0,1,APERTURA,0,0
1,APPLE MACBOOK AIR 13IN APPLE M1 CHIP 8CORE 256GB S,UNIDAD,1,0,0,1,0,0,1,GENERAL,0,0,0,0,0,1,05867,0,0
1,APPLE MACBOOK AIR M2 M2 10 CORE GPU 8 GB RAM 512 G,UNIDAD,1,0,0,1,0,0,1,GENERAL,0,0,0,0,0,1,06303,0,0
1,APPLE MR912LZ/A TV 32GB,UNIDAD,1,0,0,1,0,0,1,GENERAL,0,0,0,0,0,1,05310,0,0
1,APPLE WATCH MU6D2LL/A SERIES 4 GPS,UNIDAD,1,0,0,1,0,0,1,GENERAL,0,0,0,0,0,1,05311,0,0
1,APPLE: APPLE MD093E/A IMAC 21.5/2.7 GHZ/8GB/1TB,UNIDAD,1,0,0,1,0,0,1,GENERAL,0,0,0,0,0,1,733,0,0
1,APPLE: MACBOOK PRO I7 MD103EA,UNIDAD,1,0,0,1,0,0,1,GENERAL,0,0,0,0,0,1,670,0,0
1,APUNTADOR LASER (PARA PRESENTACIONES),UNIDAD,1,0,0,1,0,0,1,GENERAL,0,0,0,0,0,1,05171,0,0
1,ARANDELA DE NEOPREN 1/4,UNIDAD,1,0,0,1,0,0,1,GENERAL,0,0,0,0,0,1,01136,0,0
1,ARCHIVADOR DE ACORDEON PLASTICO CARTA,UNIDAD,1,0,0,1,0,0,1,GENERAL,0,0,0,0,0,1,885,0,0
1,ARCHIVADOR EN ACORDION CARTA,UNIDAD,1,0,0,1,0,0,1,GENERAL,0,0,0,0,0,1,1001,0,0
1,ARCHIVADOR MEDIA CARTA,UNIDAD,1,0,0,1,0,0,1,GENERAL,0,0,0,0,0,1,347,0,0
1,ARCHIVADOR OFICIO,UNIDAD,1,0,0,1,0,0,1,GENERAL,0,0,0,0,0,1,349,0,0
1,ARCHIVARDO TIPO ARCORDION,UNIDAD,1,0,0,1,0,0,1,GENERAL,0,0,0,0,0,1,415,0,0
1,ARCHIVO ROBOT DE 3 GAVETAS METAL/MELAMIN,UNIDAD,1,0,0,1,0,0,1,GENERAL,0,0,0,0,0,1,872,0,0
1,ARCHIVO TIPO ARMARIO CON MANECILLA 89CMX36CMX1.91,UNIDAD,1,0,0,1,0,0,1,GENERAL,0,0,0,0,0,1,05047,0,0
1,ARCHIVO VERTICAL DE METAL 3 GABETAS 0.45*0.64*1.02,UNIDAD,1,0,0,1,0,0,1,GENERAL,0,0,0,0,0,1,18,0,0
1,ARCO DE SOLERA  PARA SEGUETA,UNIDAD,1,0,0,1,0,0,1,GENERAL,0,0,0,0,0,1,01055,0,0
1,ARCO DETECTOR DE METAL,UNIDAD,1,0,0,1,0,0,1,GENERAL,0,0,0,0,0,1,0739,0,0
1,ARCO STANLEY AJUSTABLE 15200,UNIDAD,1,0,0,1,0,0,1,GENERAL,0,0,0,0,0,1,806,0,0
1,ARM MNT FOR EPTZ3100 EPTZ-WMB,UNIDAD,1,0,0,1,0,0,1,GENERAL,0,0,0,0,0,1,04054,0,0
1,ARMADURA 2P+T/UNIVERSAL 15A 125V 1 MODUL,UNIDAD,1,0,0,1,0,0,1,GENERAL,0,0,0,0,0,1,01104,0,0
1,ARMADURA DE PENDULO 2P+T 15A 125V CON AB,UNIDAD,1,0,0,1,0,0,1,GENERAL,0,0,0,0,0,1,ARN25,0,0
1,ARMADURA DOBLE 2P+T 15A 125V BEIGE EAGLE,UNIDAD,1,0,0,1,0,0,1,GENERAL,0,0,0,0,0,1,02067,0,0
1,ARMADURA DOBLE 2P+T 15A 125V BTICINO,UNIDAD,1,0,0,1,0,0,1,GENERAL,0,0,0,0,0,1,0620,0,0
1,ARMADURA DOBLE POLARIZADO ARN56 ROJO,UNIDAD,1,0,0,1,0,0,1,GENERAL,0,0,0,0,0,1,06288,0,0
1,ARMADURA PARA DATOS RJ-45BH 8H,UNIDAD,1,0,0,1,0,0,1,GENERAL,0,0,0,0,0,1,0914,0,0
1,ARMADURA TELEFONICA MODULAR 4H DOMINO AV,UNIDAD,1,0,0,1,0,0,1,GENERAL,0,0,0,0,0,1,0900,0,0
1,ARMARIO PREMIUM  CON CHAPA,UNIDAD,1,0,0,1,0,0,1,GENERAL,0,0,0,0,0,1,31,0,0
1,ARNES CAT5E 3.0M COLOR GRIS 358-510GR,UNIDAD,1,0,0,1,0,0,1,GENERAL,0,0,0,0,0,1,03828,0,0
1,ARNES CONTRACAIDAS,UNIDAD,1,0,0,1,0,0,1,GENERAL,0,0,0,0,0,1,572,0,0
1,ARNES P/MONITOR VGA MACHO-MACHO DB15 7.5,UNIDAD,1,0,0,1,0,0,1,GENERAL,0,0,0,0,0,1,04419,0,0
1,ARNES P/PROTECCION DE CAIDAS TITAN,UNIDAD,1,0,0,1,0,0,1,GENERAL,0,0,0,0,0,1,736,0,0
1,ARNES VGA MACHO HEMBRA 7.5 MTS,UNIDAD,1,0,0,1,0,0,1,GENERAL,0,0,0,0,0,1,03537,0,0
1,ARNES VGA MACHO-MACHO DB15  15MTS,UNO,1,0,0,1,0,0,1,GENERAL,0,0,0,0,0,1,03448,0,0
1,AROS PARA SALIDAS,UNIDAD,1,0,0,1,0,0,1,GENERAL,0,0,0,0,0,1,05856,0,0
1,ARREGLO DE DISCO EXTERNO,UNIDAD,1,0,0,1,0,0,1,GENERAL,0,0,0,0,0,1,0306,0,0
1,ARRENDAMIENTO ANDAMIO,MOD,3,0,0,1,0,0,4,GENERAL,0,0,0,0,0,1,ANDA01,0,0
1,ARRENDAMIENTO ANDAMIOS (5 MODULOS) POR DIA AREA METROPOLITANA,,3,0,0,1,0,0,0,GENERAL,0,0,0,0,0,1,ARRE01,0,0
1,ARRENDAMIENTO ANDAMIOS (5 MODULOS) POR SEMANA (5 DIAS) AREA,SRV,3,0,0,1,0,0,4,GENERAL,0,0,0,0,0,1,ARRE02,0,0
1,ARRENDAMIENTO DE ANDAMIO,DIA,1,0,0,1,0,0,1,GENERAL,0,0,0,0,0,1,03268,0,0
1,ARRENDAMIENTO EQUIPO,SRV,3,0,0,1,0,0,99,GENERAL,0,0,0,0,0,1,ARRE,0,0
1,ARRENDAMIENTO EQUIPOS ADMINISTRATIVO,,3,0,0,0,0,0,0,GENERAL,0,0,0,0,0,1,SRV0357,0,0
1,ARRENDAMIENTO EQUIPOS DIRECTO,,3,0,0,0,0,0,0,GENERAL,0,0,0,0,0,1,SRV0355,0,0
1,ARRENDAMIENTO EQUIPOS INDIRECTO,,3,0,0,0,0,0,0,GENERAL,0,0,0,0,0,1,SRV0356,0,0
1,ARRENDAMIENTO MENSUAL KIT EV1008HDX720L,UNIDAD,1,0,0,1,0,0,1,GENERAL,0,0,0,0,0,1,785,0,0
1,ARRENDAMIENTO MENSUAL KIT EV1016HDX720L,UNIDAD,1,0,0,1,0,0,1,GENERAL,0,0,0,0,0,1,790,0,0
1,ARRENDAMIENTO MENSUAL KIT KS04720L EPCOM,UNIDAD,1,0,0,1,0,0,1,GENERAL,0,0,0,0,0,1,774,0,0
1,ARRENDAMIENTO SERCOM,,3,0,0,1,0,0,0,GENERAL,0,0,0,0,0,1,ARRESER,0,0
1,ARRENDAMIENTO VEHICULOS ADMINISTRATIVO,,3,0,0,0,0,0,0,GENERAL,0,0,0,0,0,1,SRV0186,0,0
1,ARRENDAMIENTO VEHICULOS DIRECTO,,3,0,0,0,0,0,0,GENERAL,0,0,0,0,0,1,SRV0184,0,0
1,ARRENDAMIENTO VEHICULOS INDIRECTO,,3,0,0,0,0,0,0,GENERAL,0,0,0,0,0,1,SRV0185,0,0
1,ARTES GRAFICOS DE PUBLICIDAD,UNIDAD,1,0,0,1,0,0,1,GENERAL,0,0,0,0,0,1,03071,0,0
1,ASANNO: CAJA PLASTICA DE REGISTRO,UNIDAD,1,0,0,1,0,0,1,GENERAL,0,0,0,0,0,1,0038,0,0
1,ASANNO: CANAL ELECTRICA PLASTICA 30X10MMX2MT 'AS,UNIDAD,1,0,0,1,0,0,1,GENERAL,0,0,0,0,0,1,ASA21,0,0
1,ASANNO: CANAL ELECTRICA PLASTICA AUTOADHESIVA 14,UNIDAD,1,0,0,1,0,0,1,GENERAL,0,0,0,0,0,1,ASA01,0,0
1,ASANNO: CANALETA ELECTRICA PLASTICA 20 X 10,UNIDAD,1,0,0,1,0,0,1,GENERAL,0,0,0,0,0,1,439,0,0
1,ASCRITORIO TIPO POP-UP CONNECTORES,UNIDAD,1,0,0,1,0,0,1,GENERAL,0,0,0,0,0,1,03011,0,0
1,ASFALTO DE SECADO RAPIDO,BOLSA,1,0,0,1,0,0,1,GENERAL,0,0,0,0,0,1,03326,0,0
1,ASISTENCIA (ALARMAS),SRV,3,0,0,0,0,0,2,GENERAL,0,0,0,0,0,1,SRVREC006,0,0
1,ASISTENCIA (GPS),SRV,3,0,0,0,0,0,2,GENERAL,0,0,0,0,0,1,SRVREC008,0,0
1,ASPIRADORA 6 GALONES VAC SHOP 2.5,UNIDAD,1,0,0,1,0,0,1,GENERAL,0,0,0,0,0,1,03367,0,0
1,ASPIRADORA ELECTRO LUX Z90,UNIDAD,1,0,0,1,0,0,1,GENERAL,0,0,0,0,0,1,04512,0,0
1,ASPIRADORA MARCA KOBLOUS P/VEICULO,UNIDAD,1,0,0,1,0,0,1,GENERAL,0,0,0,0,0,1,04513,0,0
1,ASPIRADORA SOPLADORA MINI COMPACT,UNIDAD,1,0,0,1,0,0,1,GENERAL,0,0,0,0,0,1,03821,0,0
1,ASSET TRACKET SP9600,UNIDAD,1,0,0,1,0,0,1,GENERAL,0,0,0,0,0,1,04916,0,0
1,AT10K CABLE DE CARGA,UNIDAD,1,0,0,1,0,0,1,GENERAL,0,0,0,0,0,1,06726,0,0
1,AT10K CARGADOR,UNIDAD,1,0,0,1,0,0,1,GENERAL,0,0,0,0,0,1,06725,0,0
1,AT10K CUBIERTA DE GOMA,UNIDAD,1,0,0,1,0,0,1,GENERAL,0,0,0,0,0,1,06723,0,0
1,AT10K CUERDA,UNIDAD,1,0,0,1,0,0,1,GENERAL,0,0,0,0,0,1,06724,0,0
1,ATENCION A CLIENTES ADMINISTRATIVO,,3,0,0,0,0,0,0,GENERAL,0,0,0,0,0,1,SRV0332,0,0
1,ATENCION A CLIENTES DIRECTO,,3,0,0,0,0,0,0,GENERAL,0,0,0,0,0,1,SRV0330,0,0
1,ATENCION A CLIENTES INDIRECTO,,3,0,0,0,0,0,0,GENERAL,0,0,0,0,0,1,SRV0331,0,0
1,ATENCION A EMPLEADOS ADMINISTRATIVO,,3,0,0,0,0,0,0,GENERAL,0,0,0,0,0,1,SRV0199,0,0
1,ATENCION A EMPLEADOS DIRECTO,,3,0,0,0,0,0,0,GENERAL,0,0,0,0,0,1,SRV0197,0,0
1,ATENCION A EMPLEADOS INDIRECTO,,3,0,0,0,0,0,0,GENERAL,0,0,0,0,0,1,SRV0198,0,0
1,ATOMIZADOR DE 1 LITRO,UNIDAD,1,0,0,1,0,0,1,GENERAL,0,0,0,0,0,1,03595,0,0
1,ATORNILLADOR IMPACTO 1/4 20V. + BATERIA,UNIDAD,1,0,0,1,0,0,1,GENERAL,0,0,0,0,0,1,03022,0,0
1,AUDIFONOS CON BLUETOOTH,UNIDAD,1,0,0,1,0,0,1,GENERAL,0,0,0,0,0,1,78,0,0
1,AUDITORIA ADMINISTRATIVO,,3,0,0,0,0,0,0,GENERAL,0,0,0,0,0,1,SRV0351,0,0
1,AUTAA- CONTACTORES PARA AUTO-DE AIRE ACO,UNIDAD,1,0,0,1,0,0,1,GENERAL,0,0,0,0,0,1,02076,0,0
1,AVF-1 REDWAK SIP SERIES VIEW FINDER,UNIDAD,1,0,0,1,0,0,1,GENERAL,0,0,0,0,0,1,05649,0,0
1,AVR-4M316 DVR 16CH ICREAL TIME,UNIDAD,1,0,0,1,0,0,1,GENERAL,0,0,0,0,0,1,05128,0,0
1,AWT-3 REDWALL SIP SERIES WALKTESTER,UNIDAD,1,0,0,1,0,0,1,GENERAL,0,0,0,0,0,1,05648,0,0
1,AXIS M3085-V CAMARA MINIDOMO,UNIDAD,1,0,0,1,0,0,1,GENERAL,0,0,0,0,0,1,06481,0,0
1,AXIS: SOFWARE ( CD INSTALACION CAMARA DE,UNIDAD,1,0,0,1,0,0,1,GENERAL,0,0,0,0,0,1,0188,0,0
1,B426 CONETTIX ETHERNET COMUNICATION MODULE,UNIDAD,1,0,0,1,0,0,1,GENERAL,0,0,0,0,0,1,05258,0,0
1,B4512-DP KIT DE PANEL IP+COMUNICADOR+TRANSFORMADOR,UNIDAD,1,0,0,1,0,0,1,GENERAL,0,0,0,0,0,1,06353,0,0
1,B8TURBOG2ZX  CAMARA TURBO BALA 1080P EPCOM,1,1,0,0,1,0,0,1,GENERAL,0,0,0,0,0,1,05730,0,0
1,BACKPACK NOBELIO TOTTO,UNIDAD,1,0,0,1,0,0,1,GENERAL,0,0,0,0,0,1,871,0,0
1,BACKUP,GB,3,0,0,1,0,0,0,GENERAL,0,0,0,0,0,1,BACKUP,0,0
1,BALA 540TVL 24IR LED ELIMINATORS 2.8 12M,UNIDAD,1,0,0,1,0,0,1,GENERAL,0,0,0,0,0,1,0719,0,0
1,BALA COLOR IR (21LED/15M) 500TVL IP67,UNIDAD,1,0,0,1,0,0,1,GENERAL,0,0,0,0,0,1,0455,0,0
1,BALA IR (21 LED/15M) 420TVL IP65 3.6MM,UNIDAD,1,0,0,1,0,0,1,GENERAL,0,0,0,0,0,1,03027,0,0
1,BALA IR (35 LED/25M) H.R. 520TVL IP67,UNIDAD,1,0,0,1,0,0,1,GENERAL,0,0,0,0,0,1,0456,0,0
1,BALA IR (35 LED/35M) 520 TVL IP67 6.0MM,UNIDAD,1,0,0,1,0,0,1,GENERAL,0,0,0,0,0,1,03028,0,0
1,BALA IR (35LED/30M) 380 TVL IP66 6.0MM,UNIDAD,1,0,0,1,0,0,1,GENERAL,0,0,0,0,0,1,0652,0,0
1,BALASTRO DE 2*32 P/LAMPARA,UNIDAD,1,0,0,1,0,0,1,GENERAL,0,0,0,0,0,1,04077,0,0
1,BANCO DE MADERA,UNIDAD,1,0,0,1,0,0,1,GENERAL,0,0,0,0,0,1,05802,0,0
1,BANCO DE TRABAJO PLEGABLE,UNIDAD,1,0,0,1,0,0,1,GENERAL,0,0,0,0,0,1,867,0,0
1,BANCO GIRATORIO C/BASE FIJA CON ARO,UNIDAD,1,0,0,1,0,0,1,GENERAL,0,0,0,0,0,1,40,0,0
1,BANDEJA AJUSTABLE 4 PUNTOS DE FIJACION,UNIDAD,1,0,0,1,0,0,1,GENERAL,0,0,0,0,0,1,01038,0,0
1,BANDEJA CON RODILLO,UNIDAD,1,0,0,1,0,0,1,GENERAL,0,0,0,0,0,1,565,0,0
1,BANDEJA DESECHALE,UNIDAD,1,0,0,1,0,0,1,GENERAL,0,0,0,0,0,1,3017,0,0
1,BANDEJA DISCO DURO PARA DVR,UNIDAD,1,0,0,1,0,0,1,GENERAL,0,0,0,0,0,1,04184,0,0
1,BANDEJA DOBLE LISA 19X28 RACK 2 POSTES,UNIDAD,1,0,0,1,0,0,1,GENERAL,0,0,0,0,0,1,04245,0,0
1,BANDEJA PORTATECLADO CON MOUSE,UNIDAD,1,0,0,1,0,0,1,GENERAL,0,0,0,0,0,1,490,0,0
1,BANDEJA VENTILADA 19X26 1 RMS RACK 4 POSICIONES,UNIDAD,1,0,0,1,0,0,1,GENERAL,0,0,0,0,0,1,05046,0,0
1,BANDEJA VENTILADA DE 19*15 2RMS QUEST,UNIDAD,1,0,0,1,0,0,1,GENERAL,0,0,0,0,0,1,03291,0,0
1,BANDEJA VENTILADA DE 1U 19  X 11,UNIDAD,1,0,0,1,0,0,1,GENERAL,0,0,0,0,0,1,05213,0,0
1,"BANDEJA VENTILADA METALICA DE 46CM*19"" CON BASE",UNIDAD,1,0,0,1,0,0,1,GENERAL,0,0,0,0,0,1,04571,0,0
1,BANDEJA VENTILADA SW2P1USHELF-300,UNIDAD,1,0,0,1,0,0,1,GENERAL,0,0,0,0,0,1,05817,0,0
1,BANDEJA VENTILADA SW2P2USHELF-350,UNIDAD,1,0,0,1,0,0,1,GENERAL,0,0,0,0,0,1,05820,0,0
1,BANDOLA (CUERDA DE POCISIONAMIENTO),UNIDAD,1,0,0,1,0,0,1,GENERAL,0,0,0,0,0,1,05408,0,0
1,BANNER PARA ARAÑAS DE 0.60 X 1.60,UNIDAD,1,0,0,1,0,0,1,GENERAL,0,0,0,0,0,1,570,0,0
1,BARBIQUEJO CLIMAX P/CASCO 5-R,UNIDAD,1,0,0,1,0,0,1,GENERAL,0,0,0,0,0,1,03565,0,0
1,"BARILLA CON ROSCA DE 1/2""",UNIDAD,1,0,0,1,0,0,1,GENERAL,0,0,0,0,0,1,04232,0,0
1,"BARILLA DE 1/4"" 2MTS",UNIDAD,1,0,0,1,0,0,1,GENERAL,0,0,0,0,0,1,03663,0,0
1,BARNIZ MARINO,UNIDAD,1,0,0,1,0,0,1,GENERAL,0,0,0,0,0,1,763,0,0
1,BARRA DE COBRE 1/4X2X12,UNIDAD,1,0,0,1,0,0,1,GENERAL,0,0,0,0,0,1,06127,0,0
1,BARRA DE PANICO EXIT SD-962AR-36A ENFORCER,UNIDAD,1,0,0,1,0,0,1,GENERAL,0,0,0,0,0,1,04753,0,0
1,BARRA DE SALIDA SD-961A-36,UNIDAD,1,0,0,1,0,0,1,GENERAL,0,0,0,0,0,1,02005,0,0
1,BARRA ROSCADA GALVANIZADA CIEGA 3/16*3 P,UNIDAD,1,0,0,1,0,0,1,GENERAL,0,0,0,0,0,1,02053,0,0
1,BARRACUDTA ST200DL003 2TB,UNIDAD,1,0,0,1,0,0,1,GENERAL,0,0,0,0,0,1,03602,0,0
1,BARRENO BOSCH GBH2-24DSE,UNIDAD,1,0,0,1,0,0,1,GENERAL,0,0,0,0,0,1,01156,0,0
1,BARRENO BOSCH GSB16RE/PER/650W,UNIDAD,1,0,0,1,0,0,1,GENERAL,0,0,0,0,0,1,815,0,0
1,BARRENO INALAMBRICO DE 1/2 MARCA TRUPE,UNIDAD,1,0,0,1,0,0,1,GENERAL,0,0,0,0,0,1,0697,0,0
1,BARRENO INALÁMBRICO Y DESTORNILLADOR INALÁMBRICO,UNIDAD,1,0,0,1,0,0,1,GENERAL,0,0,0,0,0,1,04380,0,0
1,BARRENO INDUSTRIAL BOSCH DE 1/2 GSB-2 RE,UNIDAD,1,0,0,1,0,0,1,GENERAL,0,0,0,0,0,1,03036,0,0
1,BARRENO MAKITA DHP458RFE,UNIDAD,1,0,0,1,0,0,1,GENERAL,0,0,0,0,0,1,05134,0,0
1,"BARRENO MAKITA HP1630 REV.MARTILLO 1/2""",UNIDAD,1,0,0,1,0,0,1,GENERAL,0,0,0,0,0,1,874,0,0
1,BARRENO PERCUTOR MILWAUKEE,UNIDAD,1,0,0,1,0,0,1,GENERAL,0,0,0,0,0,1,0134,0,0
1,BARRENO SDS-MAX 12 AMP 1100W 1-9/16,UNIDAD,1,0,0,1,0,0,0,GENERAL,0,0,0,0,0,1,06245,0,0
1,BARRERA VEHICULAR BRAZO 4 MTS HIKVISION,UNIDAD,1,0,0,1,0,0,1,GENERAL,0,0,0,0,0,1,06475,0,0
1,BARRETA DURA,UNIDAD,1,0,0,1,0,0,1,GENERAL,0,0,0,0,0,1,03914,0,0
1,BASE ADHESIVA NEGRA 1*1,UNIDAD,1,0,0,1,0,0,1,GENERAL,0,0,0,0,0,1,05577,0,0
1,BASE AREA PARA CAMARA EXTERIOR,UNIDAD,1,0,0,1,0,0,1,GENERAL,0,0,0,0,0,1,03382,0,0
1,BASE CON TARJETA I/O PARA SPEEDDOME ULTR,UNIDAD,1,0,0,1,0,0,1,GENERAL,0,0,0,0,0,1,01181,0,0
1,BASE DE 2 HILOS PARA ECO1003,UNIDAD,1,0,0,1,0,0,1,GENERAL,0,0,0,0,0,1,03805,0,0
1,BASE DE ALUMINIO 2 MTS DE ALTO P/CAMARA Y TV 42,UNIDAD,1,0,0,1,0,0,1,GENERAL,0,0,0,0,0,1,05517,0,0
1,BASE DE IMAN,UNIDAD,1,0,0,1,0,0,1,GENERAL,0,0,0,0,0,1,05509,0,0
1,BASE DE IMAN RE,UNIDAD,1,0,0,1,0,0,99,GENERAL,0,0,0,0,0,1,06271,0,0
1,BASE DE MADERA PARA CHAPAS,UNIDAD,1,0,0,1,0,0,1,GENERAL,0,0,0,0,0,1,05797,0,0
1,BASE MAGNÉTICA,UNIDAD,1,0,0,1,0,0,1,GENERAL,0,0,0,0,0,1,06336,0,0
1,BASE MAGNETICA SP8502 MSC8500,UNIDAD,1,0,0,1,0,0,1,GENERAL,0,0,0,0,0,1,04918,0,0
1,BASE METALICA PARA FOTOCELDA EXTERIOR,UNIDAD,1,0,0,1,0,0,1,GENERAL,0,0,0,0,0,1,03813,0,0
1,BASE P TUBO REDONDO 3 PLGS CON PLANCHA,UNIDAD,1,0,0,1,0,0,1,GENERAL,0,0,0,0,0,1,03275,0,0
1,BASE P/ SENSOR DE HUMO ECO1003,UNIDAD,1,0,0,1,0,0,1,GENERAL,0,0,0,0,0,1,03006,0,0
1,BASE PARA CAMARA,UNIDAD,1,0,0,1,0,0,1,GENERAL,0,0,0,0,0,1,03353,0,0
1,BASE PARA CÁMARA,UNIDAD,1,0,0,1,0,0,1,GENERAL,0,0,0,0,0,1,06384,0,0
1,BASE PARA CAMARA TIPO DOMO,UNIDAD,1,0,0,1,0,0,1,GENERAL,0,0,0,0,0,1,03075,0,0
1,BASE PARA FAROL,UNIDAD,1,0,0,1,0,0,1,GENERAL,0,0,0,0,0,1,2076,0,0
1,BASE PARA FOTOCELDA,UNIDAD,1,0,0,1,0,0,1,GENERAL,0,0,0,0,0,1,01101,0,0
1,BASE PARA HUMO ECO1000BREL,UNIDAD,1,0,0,1,0,0,1,GENERAL,0,0,0,0,0,1,01068,0,0
1,BASE PARA LAMPARA RS EAGLE BAS21,UNIDAD,1,0,0,1,0,0,1,GENERAL,0,0,0,0,0,1,03890,0,0
1,BASE PARA MONTAJE DE PARED DAHUA PFA140,UNIDAD,1,0,0,1,0,0,1,GENERAL,0,0,0,0,0,1,06005,0,0
1,BASE PARA NOTEBOOK MICROSFOT,UNIDAD,1,0,0,1,0,0,1,GENERAL,0,0,0,0,0,1,646,0,0
1,BASE PARA REFLECTOR DE INTERPERIE C/2 SO,UNIDAD,1,0,0,1,0,0,1,GENERAL,0,0,0,0,0,1,03814,0,0
1,BASE PARA RELAY BOSCH,UNIDAD,1,0,0,1,0,0,1,GENERAL,0,0,0,0,0,1,03110,0,0
1,BASE PARA RELE D3 11 PINES IMPORTADA,UNIDAD,1,0,0,1,0,0,1,GENERAL,0,0,0,0,0,1,0877,0,0
1,BASE PARA RELE D3 2PDT 8 PINES BETA,UNIDAD,1,0,0,1,0,0,1,GENERAL,0,0,0,0,0,1,01063,0,0
1,BASE PARA SENSOR PMD85,UNIDAD,1,0,0,1,0,0,1,GENERAL,0,0,0,0,0,1,03123,0,0
1,BASE PARA TAPE,UNIDAD,1,0,0,1,0,0,1,GENERAL,0,0,0,0,0,1,367,0,0
1,BASE PLEYGUD,UNIDAD,1,0,0,1,0,0,1,GENERAL,0,0,0,0,0,1,551,0,0
1,BASES PARA SENSOR DE GOLPE SC110,UNIDAD,1,0,0,1,0,0,1,GENERAL,0,0,0,0,0,1,04697,0,0
1,BASURERO CHICO GRIS SABLON 1107,UNIDAD,1,0,0,1,0,0,1,GENERAL,0,0,0,0,0,1,27,0,0
1,BASURERO MATALICO,UNIDAD,1,0,0,1,0,0,1,GENERAL,0,0,0,0,0,1,3051,0,0
1,BATA DESECHABLE POLIPROPILENO BLANCA 10U,PAQUETE,1,0,0,1,0,0,1,GENERAL,0,0,0,0,0,1,926,0,0
1,BATERIA 1.5V LR14C,UNIDAD,1,0,0,1,0,0,1,GENERAL,0,0,0,0,0,1,04655,0,0
1,BATERIA 12 VOLTIOS 4 AMPERIOS CASIL / CDP CA1240,UNIDAD,1,0,0,1,0,0,1,GENERAL,0,0,0,0,0,1,06295,0,0
1,BATERIA 12 VOLTIOS 7 AMPERIOS CASIL / CDP CA1270,UNIDAD,1,0,0,1,0,0,1,GENERAL,0,0,0,0,0,1,06296,0,0
1,BATERIA 12/4 RE,UNIDAD,1,0,0,1,0,0,1,GENERAL,0,0,0,0,0,1,2024,0,0
1,BATERIA 12/7 RE,UNIDAD,1,0,0,1,0,0,1,GENERAL,0,0,0,0,0,1,2021,0,0
1,BATERIA 12V 1.2AH,UNIDAD,1,0,0,1,0,0,1,GENERAL,0,0,0,0,0,1,0315,0,0
1,BATERÍA 12V 4 AMP. 467,UNIDAD,1,0,0,1,0,0,1,GENERAL,0,0,0,0,0,1,05482,0,0
1,BATERIA 12V 712BNP,UNIDAD,1,0,0,1,0,0,1,GENERAL,0,0,0,0,0,1,04671,0,0
1,BATERIA 12V-4AH,UNIDAD,1,0,0,1,0,0,1,GENERAL,0,0,0,0,0,1,05295,0,0
1,BATERIA 27A 12 V,UNIDAD,1,0,0,1,0,0,1,GENERAL,0,0,0,0,0,1,667,0,0
1,BATERIA 3.6 V,UNIDAD,1,0,0,1,0,0,1,GENERAL,0,0,0,0,0,1,0006,0,0
1,BATERIA 3.6VL,UNIDAD,1,0,0,1,0,0,1,GENERAL,0,0,0,0,0,1,03400,0,0
1,BATERIA 4.8 PARA MALLELAN RE,UNIDAD,1,0,0,1,0,0,1,GENERAL,0,0,0,0,0,1,2113,0,0
1,BATERIA 6 VOLTIOS 1.2 AMPERIOS NUEVA SIMON,UNIDAD,1,0,0,1,0,0,1,GENERAL,0,0,0,0,0,1,02063,0,0
1,BATERIA 6V 4.5 AMP PARA LUZ DE EMERGENCIA,UNIDAD,1,0,0,1,0,0,1,GENERAL,0,0,0,0,0,1,04790,0,0
1,BATERIA 7.2 VD PARA CONSOLA MAGELLAN,UNIDAD,1,0,0,1,0,0,1,GENERAL,0,0,0,0,0,1,02031,0,0
1,BATERIA AA,UNIDAD,1,0,0,1,0,0,1,GENERAL,0,0,0,0,0,1,03144,0,0
1,BATERIA AAA RE,UNIDAD,1,0,0,1,0,0,1,GENERAL,0,0,0,0,0,1,04639,0,0
1,BATERIA ALCALINA 9 VOLTIOS,UNIDAD,1,0,0,1,0,0,1,GENERAL,0,0,0,0,0,1,0853,0,0
1,BATERIA ALCALINA TIPO D 1.5V,UNIDAD,1,0,0,1,0,0,1,GENERAL,0,0,0,0,0,1,03899,0,0
1,BATERIA CR 2032 DE 3V,UNIDAD|,1,0,0,1,0,0,1,GENERAL,0,0,0,0,0,1,04824,0,0
1,BATERIA CR 23AE PARA GSN,UNIDAD,1,0,0,1,0,0,1,GENERAL,0,0,0,0,0,1,04715,0,0
1,BATERIA CR-1220,UNIDAD,1,0,0,1,0,0,1,GENERAL,0,0,0,0,0,1,01174,0,0
1,BATERIA CR123A,UNIDAD,1,0,0,1,0,0,1,GENERAL,0,0,0,0,0,1,0007,0,0
1,BATERIA CR2016 3V TIPO BOTON,UNIDAD,1,0,0,1,0,0,1,GENERAL,0,0,0,0,0,1,01177,0,0
1,BATERIA CR2025,UNIDAD,1,0,0,1,0,0,1,GENERAL,0,0,0,0,0,1,05293,0,0
1,BATERIA CR2032 3V TIPO BOTON,UNIDAD,1,0,0,1,0,0,1,GENERAL,0,0,0,0,0,1,03860,0,0
1,BATERIA CR2-3V,UNIDAD,1,0,0,1,0,0,1,GENERAL,0,0,0,0,0,1,0008,0,0
1,BATERIA CR2450,UNIDAD,1,0,0,1,0,0,1,GENERAL,0,0,0,0,0,1,03804,0,0
1,BATERIA DE 6V 4AMPERIOS,UNIDAD,1,0,0,1,0,0,1,GENERAL,0,0,0,0,0,1,03171,0,0
1,BATERIA DE 6VCD  4.5 AMPERIOS,UNIDAD,1,0,0,1,0,0,1,GENERAL,0,0,0,0,0,1,03066,0,0
1,BATERIA DE 7.5V,UNIDAD,1,0,0,1,0,0,1,GENERAL,0,0,0,0,0,1,04879,0,0
1,"BATERÍA DE CÉLULA DE GEL 12 V, 7 AH KT-BATT-12",UNIDAD,1,0,0,1,0,0,1,GENERAL,0,0,0,0,0,1,05483,0,0
1,BATERIA DE LP12-1.2   12V1.4AH 40803,UNIDAD,1,0,0,1,0,0,1,GENERAL,0,0,0,0,0,1,03107,0,0
1,BATERIA DE PLOMO-ACIDO SELLADA DE 18 AH - 12 V CC,UNIDAD,1,0,0,1,0,0,1,GENERAL,0,0,0,0,0,1,06532,0,0
1,BATERIA DELL E4500 E6400 6CELL,UNIDAD,1,0,0,1,0,0,1,GENERAL,0,0,0,0,0,1,856,0,0
1,BATERIA DELL LATITUDE E6410 E6510 9CI GE,UNIDAD,1,0,0,1,0,0,1,GENERAL,0,0,0,0,0,1,861,0,0
1,BATERIA DOBLE AA RECARGABLE TECH,PARES,1,0,0,1,0,0,1,GENERAL,0,0,0,0,0,1,0009,0,0
1,"BATERIA HP PROBOOK 430 5 47 SERIE 0 G4 MT20 (11,1",UNIDAD,1,0,0,1,0,0,1,GENERAL,0,0,0,0,0,1,536,0,0
1,"BATERIA HP RR3XL, 4000 MAH, MOD. HSTNNUB7C",UNIDAD,1,0,0,1,0,0,1,GENERAL,0,0,0,0,0,1,06480,0,0
1,BATERIA MAGNUM BAJO MANTO.,UNIDAD,1,0,0,1,0,0,1,GENERAL,0,0,0,0,0,1,755,0,0
1,BATERIA P/LAPTOP DELL VOSTRO 3500,UNIDAD,1,0,0,1,0,0,1,GENERAL,0,0,0,0,0,1,920,0,0
1,BATERIA PARA CONTROL MAGELLAN RE,UNIDAD,1,0,0,1,0,0,1,GENERAL,0,0,0,0,0,1,04640,0,0
1,BATERIA PARA LAPTOP MODELO DELL LATITUD E 6410,UNIDAD,1,0,0,1,0,0,1,GENERAL,0,0,0,0,0,1,05078,0,0
1,BATERIA PARA LYNXR,UNIDAD,1,0,0,1,0,0,1,GENERAL,0,0,0,0,0,1,01163,0,0
1,BATERIA PARA LYNXR RE,UNIDAD,1,0,0,1,0,0,1,GENERAL,0,0,0,0,0,1,05100,0,0
1,BATERIA PARA PANEL IOTEGA,UNIDAD,1,0,0,1,0,0,1,GENERAL,0,0,0,0,0,1,05634,0,0
1,BATERIA PARA PANEL SIMON RE,UNIDAD,1,0,0,1,0,0,1,GENERAL,0,0,0,0,0,1,05071,0,0
1,BATERIA RECARGABLE 12VDC 4.2 AMPERES,UNIDAD,1,0,0,1,0,0,1,GENERAL,0,0,0,0,0,1,0656,0,0
1,BATERIA RECARGABLE 3.6V/4.2V 2600 MAH,UNIDAD,1,0,0,1,0,0,1,GENERAL,0,0,0,0,0,1,05633,0,0
1,"BATERIA RECARGABLE PYXIS 12VCD,5A UB1250",UNIDAD,1,0,0,1,0,0,1,GENERAL,0,0,0,0,0,1,04042,0,0
1,BATERIA REDONDA DE 3 VOLTIOS,UNIDAD,1,0,0,1,0,0,1,GENERAL,0,0,0,0,0,1,03606,0,0
1,BATERIA TB1212 12V-1.4AH,UNIDAD,1,0,0,1,0,0,1,GENERAL,0,0,0,0,0,1,06214,0,0
1,BATERIA TRIPLE AAA,UNIDAD,1,0,0,1,0,0,1,GENERAL,0,0,0,0,0,1,0010,0,0
1,BATERIAS TRIPLE AAA RECARGABLES,UNIDAD,1,0,0,1,0,0,1,GENERAL,0,0,0,0,0,1,05664,0,0
1,BATONES DE MADERA,UNIDAD,1,0,0,1,0,0,1,GENERAL,0,0,0,0,0,1,56,0,0
1,BB-1001DB CAJA TRASERA PARA ANUNCIADOR REMOTO,UNIDAD,1,0,0,1,0,0,1,GENERAL,0,0,0,0,0,1,06539,0,0
1,BC-BIOMINI BIOMINI FINGERPRINT ENROLLMENT READER,UNIDAD,1,0,0,1,0,0,1,GENERAL,0,0,0,0,0,1,06098,0,0
1,BD7-12 BATTERIES 12V/7AH,UNIDAD,1,0,0,1,0,0,1,GENERAL,0,0,0,0,0,1,05369,0,0
1,BEBIDAS VARIOS (GASEOSAS-AGUA PURA),UNIDAD,1,0,0,1,0,0,1,GENERAL,0,0,0,0,0,1,05934,0,0
1,BEP2OP SUPREMA LECTOR BIOMETRICO Y PROX,UNIDAD,1,0,0,1,0,0,1,GENERAL,0,0,0,0,0,1,06163,0,0
1,BG-12LXSP PULL STATION ADDRESSABLE FIRE-LITE,UNIDAD,1,0,0,1,0,0,1,GENERAL,0,0,0,0,0,1,05684,0,0
1,BIOESTAR2.6 SUPREMA SOFTWARE DE ADMINISTRACION,UNIDAD,1,0,0,1,0,0,1,GENERAL,0,0,0,0,0,1,06192,0,0
1,BIOSTAR-SE BIOSTAR STANDARD EDITION WITH USB,UNIDAD,1,0,0,1,0,0,1,GENERAL,0,0,0,0,0,1,06157,0,0
1,BKS: BRAZO HIDRAULICO PARA CIERRE PUERTA DE 40KG O 90LB,UNIDAD,1,0,0,1,0,0,1,GENERAL,0,0,0,0,0,1,0563,0,0
1,BLOCK BOND DE 1/2 CARTA CON LINEAS,UNIDAD,1,0,0,1,0,0,1,GENERAL,0,0,0,0,0,1,649,0,0
1,BLOCK CARTA 80 HOJAS,UNIDAD,1,0,0,1,0,0,1,GENERAL,0,0,0,0,0,1,648,0,0
1,BLOCK CARTA CANARIO,UNIDAD,1,0,0,1,0,0,1,GENERAL,0,0,0,0,0,1,647,0,0
1,BLOCK DE CONTACTO BC10,UNIDAD,1,0,0,1,0,0,1,GENERAL,0,0,0,0,0,1,03468,0,0
1,BLOCK DE ETIQUETAS,BLOCK,1,0,0,1,0,0,1,GENERAL,0,0,0,0,0,1,622,0,0
1,BLOCK DE HOJAS AMARILLAS CARTA,UNIDAD,1,0,0,1,0,0,1,GENERAL,0,0,0,0,0,1,360,0,0
1,BLOCK DE HOJAS AMARILLAS OFICIO,UNIDAD,1,0,0,1,0,0,1,GENERAL,0,0,0,0,0,1,361,0,0
1,BLOCK DE NOTAS BLANCAS CON CUADROS,BLOCK,1,0,0,1,0,0,1,GENERAL,0,0,0,0,0,1,456,0,0
1,BLOCK DE PAPEL A COLORES,BLOCK,1,0,0,1,0,0,1,GENERAL,0,0,0,0,0,1,621,0,0
1,BLUSA ADMINISTRATIVA,UNIDAD,1,0,0,1,0,0,1,GENERAL,0,0,0,0,0,1,91,0,0
1,BLUSA AZUL MANGA LARGA TIPO COLUMBIA,UNIDAD,1,0,0,1,0,0,1,GENERAL,0,0,0,0,0,1,05940,0,0
1,BLUSA BLANCA G4S,UNIDAD,1,0,0,1,0,0,1,GENERAL,0,0,0,0,0,1,58,0,0
1,BLUSA CELESTE G4S,UNIDAD,1,0,0,1,0,0,1,GENERAL,0,0,0,0,0,1,60,0,0
1,BLUSA ELECTRONICA,UNIDAD,1,0,0,1,0,0,1,GENERAL,0,0,0,0,0,1,652,0,0
1,BLUSA MANGA CORTA BLANCA TIPO COLUMBIA,UNIDAD,1,0,0,1,0,0,1,GENERAL,0,0,0,0,0,1,05930,0,0
1,BLUSA MANGA LARGA BLANCA COLUMBIA TALLA S A LA XXL,UNIDAD,1,0,0,1,0,0,1,GENERAL,0,0,0,0,0,1,05941,0,0
1,BLUSA NEGRA G4S,UNIDAD,1,0,0,1,0,0,1,GENERAL,0,0,0,0,0,1,73,0,0
1,BLUSA ROJA G4S,UNIDAD,1,0,0,1,0,0,1,GENERAL,0,0,0,0,0,1,591,0,0
1,BO- 552RD LUZ PILOTO 12VDC ROJO 8MM,UNIDAD,1,0,0,1,0,0,1,GENERAL,0,0,0,0,0,1,06383,0,0
1,BOCINA AUTOPARLANTE QUECLINK,UNIDAD,1,0,0,1,0,0,1,GENERAL,0,0,0,0,0,1,06682,0,0
1,BOCINA SONOS ONE B,UNIDAD,1,0,0,1,0,0,1,GENERAL,0,0,0,0,0,1,05308,0,0
1,BOCINA SONOS ONE W,UNIDAD,1,0,0,1,0,0,1,GENERAL,0,0,0,0,0,1,05307,0,0
1,BODY CAM XMRB2,UNIDAD,1,0,0,1,0,0,1,GENERAL,0,0,0,0,0,1,05343,0,0
1,BODY CAMERA XMRB100,UNIDAD,1,0,0,1,0,0,1,GENERAL,0,0,0,0,0,1,04900,0,0
1,BOLETA  DE BITACORRA DE RECORRIDO,MILLAR,1,0,0,1,0,0,1,GENERAL,0,0,0,0,0,1,638,0,0
1,BOLETA DE CHECK LIST MOTOCICLETA,UNIDAD,1,0,0,1,0,0,1,GENERAL,0,0,0,0,0,1,05315,0,0
1,BOLETA DE COBERTURA,UNIDAD,1,0,0,1,0,0,1,GENERAL,0,0,0,0,0,1,05278,0,0
1,BOLETA DE CONSTANCIAS DE VISITAS,UNIDAD,1,0,0,1,0,0,1,GENERAL,0,0,0,0,0,1,05614,0,0
1,BOLETA DE CONTACIA DE COBERTURA,TALONARIO,1,0,0,1,0,0,1,GENERAL,0,0,0,0,0,1,616,0,0
1,BOLETA DE PROGRAMACION OFICIO,UNIDAD,1,0,0,1,0,0,1,GENERAL,0,0,0,0,0,1,660,0,0
1,BOLETAS C-1 DE PATRULLAJE MONITOREO,TALONARIO,1,0,0,1,0,0,1,GENERAL,0,0,0,0,0,1,04387,0,0
1,BOLETAS DE CHECK LIST VEHICULOS,UNIDAD,1,0,0,1,0,0,1,GENERAL,0,0,0,0,0,1,05314,0,0
1,BOLETAS DE COBRO,MILLAR,1,0,0,1,0,0,1,GENERAL,0,0,0,0,0,1,632,0,0
1,BOLETAS DE HORAS EXTRA PATRULLEROS,UNIDAD,1,0,0,1,0,0,1,GENERAL,0,0,0,0,0,1,06200,0,0
1,BOLETAS DE INSTALACION,TALONARIO,1,0,0,1,0,0,1,GENERAL,0,0,0,0,0,1,124,0,0
1,BOLETAS DE PATRULLAJE C-1,JUEGOS,1,0,0,1,0,0,1,GENERAL,0,0,0,0,0,1,102,0,0
1,BOLETAS DE PROGRAMACION OFICIO MONITOREO,MILLAR,1,0,0,1,0,0,1,GENERAL,0,0,0,0,0,1,04385,0,0
1,BOLETAS DE SOLICITUD DE EMPLEO,UNIDAD,1,0,0,1,0,0,1,GENERAL,0,0,0,0,0,1,04820,0,0
1,BOLETAS DE TURNO,UNIDAD,1,0,0,1,0,0,1,GENERAL,0,0,0,0,0,1,114,0,0
1,BOLIGRAFO FROST,UNIDAD,1,0,0,1,0,0,1,GENERAL,0,0,0,0,0,1,930,0,0
1,BOLIGRAFO MINIECOLOGICO,UNIDAD,1,0,0,1,0,0,1,GENERAL,0,0,0,0,0,1,531,0,0
1,BOLIGRAFO RETRACTIL FORAY B/,UNIDAD,1,0,0,1,0,0,1,GENERAL,0,0,0,0,0,1,686,0,0
1,BOLIGRAFOS BLANCOS G4S,UNIDAD,1,0,0,1,0,0,1,GENERAL,0,0,0,0,0,1,05284,0,0
1,BOLSA BLANCA PARA BASURA,PAQUETE,1,0,0,1,0,0,1,GENERAL,0,0,0,0,0,1,577,0,0
1,BOLSA DE AZUCAR DE 5 LIBRAS,UNIDAD,1,0,0,1,0,0,1,GENERAL,0,0,0,0,0,1,495,0,0
1,BOLSA DE CAFE SOLUBLE,UNIDAD,1,0,0,1,0,0,1,GENERAL,0,0,0,0,0,1,494,0,0
1,BOLSA DE CAFE SOLUBLE P/A,UNIDAD,1,0,0,1,0,0,1,GENERAL,0,0,0,0,0,1,905,0,0
1,BOLSA DE DAMA ROTULADA,UNIDAD,1,0,0,1,0,0,1,GENERAL,0,0,0,0,0,1,05974,0,0
1,BOLSA DE SEGURIDAD A,UNIDAD,1,0,0,1,0,0,1,GENERAL,0,0,0,0,0,1,05893,0,0
1,BOLSA DE SEGURIDAD B,UNIDAD,1,0,0,1,0,0,1,GENERAL,0,0,0,0,0,1,05894,0,0
1,BOLSA DE SEGURIDAD C,UNIDAD,1,0,0,1,0,0,1,GENERAL,0,0,0,0,0,1,05895,0,0
1,BOLSA DE SEGURIDAD D,UNIDAD,1,0,0,1,0,0,1,GENERAL,0,0,0,0,0,1,05896,0,0
1,BOLSA PARA BASURA EXTRA GRANDE,CAJA,1,0,0,1,0,0,1,GENERAL,0,0,0,0,0,1,659,0,0
1,BOLSA PARA DESECHO MEDICOS,UNIDAD,1,0,0,1,0,0,1,GENERAL,0,0,0,0,0,1,02023,0,0
1,"BOLSA PARA HERRAMIENTA FAT MAX 18""",UNIDAD,1,0,0,1,0,0,1,GENERAL,0,0,0,0,0,1,796,0,0
1,BOLSA STANLEY P/HERRAMIENTAS ST 5-12,UNIDAD,1,0,0,1,0,0,1,GENERAL,0,0,0,0,0,1,826,0,0
1,BOLSA TRANSPARENTE DE 1 LIBRA,UNIDAD,1,0,0,1,0,0,1,GENERAL,0,0,0,0,0,1,642,0,0
1,BOLSAS DE HERRAMIENTAS HUNTER 20 BOLSILL,UNIDAD,1,0,0,1,0,0,1,GENERAL,0,0,0,0,0,1,0828,0,0
1,BOLSAS TRASPARENTES 25 LBS.,UNIDAD,1,0,0,1,0,0,1,GENERAL,0,0,0,0,0,1,05813,0,0
1,"BOLT HEADER CABLE 12""",UNIDAD,1,0,0,1,0,0,1,GENERAL,0,0,0,0,0,1,04070,0,0
1,"BOLT HEADER CABLE 54""",UNIDAD,1,0,0,1,0,0,1,GENERAL,0,0,0,0,0,1,04071,0,0
1,BOMBILLA AHORRADORA ESPIRAL 25W,UNIDAD,1,0,0,1,0,0,1,GENERAL,0,0,0,0,0,1,02003,0,0
1,BOMBILLA DE 100 WATTS,UNIDAD,1,0,0,1,0,0,1,GENERAL,0,0,0,0,0,1,05803,0,0
1,BOMBILLA LED ALTA 40W DL R MED/MOGUL 40W-W,UNIDAD,1,0,0,1,0,0,1,GENERAL,0,0,0,0,0,1,05041,0,0
1,BOMBILLA TIPO GLOBO DE 25 W,UNIDAD,1,0,0,1,0,0,1,GENERAL,0,0,0,0,0,1,601,0,0
1,BOMBILLO LED 12V ROJO,UNIDAD,1,0,0,1,0,0,1,GENERAL,0,0,0,0,0,1,04161,0,0
1,BOMBILLO LED 12V VERDE,UNIDAD,1,0,0,1,0,0,1,GENERAL,0,0,0,0,0,1,04160,0,0
1,BONO CELULAR,SRV,3,0,0,0,0,0,4,GENERAL,0,0,0,0,0,1,IC0805,0,0
1,BONO CELULAR I (AG),UNI,3,0,0,0,1,0,2,GENERAL,0,0,0,0,0,1,IC0801,0,0
1,BONO CELULAR II (AG),SRV,3,0,0,0,1,0,2,GENERAL,0,0,0,0,0,1,IC0803,0,0
1,BONO CLIENTE,SRV,3,0,0,0,1,0,4,GENERAL,0,0,0,0,0,1,IC0201,0,0
1,BONO DECRETO PERSONAL ESTANDAR,SRV,3,0,0,1,1,0,2,GENERAL,0,0,0,0,0,1,IC0030,0,0
1,BONO DESCANSERO,SRV,3,0,0,0,1,0,2,GENERAL,0,0,0,0,0,1,IC0203,0,0
1,BONO EXTRA CUBRIR DESCANSO,SRV,3,0,0,0,1,0,2,GENERAL,0,0,0,0,0,1,IC0204,0,0
1,BONO MERITO,SRV,3,0,0,0,0,0,4,GENERAL,0,0,0,0,0,1,IC0207,0,0
1,BONO NOCTURNO,SRV,3,0,0,0,0,0,4,GENERAL,0,0,0,0,0,1,IC0205,0,0
1,BONO PUESTO,SRV,3,0,0,0,1,0,4,GENERAL,0,0,0,0,0,1,IC0202,0,0
1,BONO VARIABLE,SRV,3,0,0,0,0,0,4,GENERAL,0,0,0,0,0,1,IC0206,0,0
1,BONO14 PERSONAL ESTANDAR,SRV,3,0,0,1,1,0,3,GENERAL,0,0,0,0,0,1,IC0071,0,0
1,BORCA PARA METAL DE 7/32,UNIDAD,1,0,0,1,0,0,1,GENERAL,0,0,0,0,0,1,03332,0,0
1,BORRADOR BLANCO,UNIDAD,1,0,0,1,0,0,1,GENERAL,0,0,0,0,0,1,443,0,0
1,BORRADOR PARA PIZARRON DE VINCI,UNIDAD,1,0,0,1,0,0,1,GENERAL,0,0,0,0,0,1,532,0,0
1,BOSCH: ATORNILLADORA INALAMBRICA GSR14.4-LL RED,UNIDAD,1,0,0,1,0,0,1,GENERAL,0,0,0,0,0,1,787,0,0
1,BOSCH: PULIDORA ANGULAR BOSCH,UNIDAD,1,0,0,1,0,0,1,GENERAL,0,0,0,0,0,1,0630,0,0
1,BOSCH: RELAY 12V 87AMP,UNIDAD,1,0,0,1,0,0,1,GENERAL,0,0,0,0,0,1,03432,0,0
1,BOSCH: RELAY 12V NEGRO,UNIDAD,1,0,0,1,0,0,1,GENERAL,0,0,0,0,0,1,0596,0,0
1,BOSCH: RELAY 12VDC 10AMP ROJO,UNIDAD,1,0,0,1,0,0,1,GENERAL,0,0,0,0,0,1,0160,0,0
1,BOSCH: RELAY 24VOLTIOS,UNIDAD,1,0,0,1,0,0,1,GENERAL,0,0,0,0,0,1,03438,0,0
1,BOSCH: TERMINAL DE 1/4 AZUL,UNIDAD,1,0,0,1,0,0,1,GENERAL,0,0,0,0,0,1,03433,0,0
1,BOSCH: TERMINAL HEMBRA AZUL FORRADA,UNIDAD,1,0,0,1,0,0,1,GENERAL,0,0,0,0,0,1,03434,0,0
1,BOSH FAH 440 DETECTOR DE CALOR ANALOGICO,UNIDAD,1,0,0,1,0,0,1,GENERAL,0,0,0,0,0,1,05878,0,0
1,BOTA DE HULE TALLA 44,UNIDAD,1,0,0,1,0,0,1,GENERAL,0,0,0,0,0,1,05242,0,0
1,BOTA DE SEGURIDAD NEGRA METAL-FREE S3,UNIDAD,1,0,0,1,0,0,1,GENERAL,0,0,0,0,0,1,836,0,0
1,BOTAS CON PUNTA DE ACERO,PARES,1,0,0,1,0,0,2,GENERAL,0,0,0,0,0,1,67,0,0
1,BOTAS DE HULE TALLA 38,UNIDAD,1,0,0,1,0,0,1,GENERAL,0,0,0,0,0,1,94,0,0
1,BOTAS DE HULE TALLA 39,UNIDAD,1,0,0,1,0,0,1,GENERAL,0,0,0,0,0,1,61,0,0
1,BOTAS DE HULE TALLA 40,UNIDAD,1,0,0,1,0,0,1,GENERAL,0,0,0,0,0,1,62,0,0
1,BOTAS DE HULE TALLA 41,UNIDAD,1,0,0,1,0,0,1,GENERAL,0,0,0,0,0,1,63,0,0
1,BOTAS DE HULE TALLA 42,UNIDAD,1,0,0,1,0,0,1,GENERAL,0,0,0,0,0,1,64,0,0
1,BOTAS DE HULE TALLA 43,UNIDAD,1,0,0,1,0,0,1,GENERAL,0,0,0,0,0,1,65,0,0
1,BOTAS DE HULE TALLA 45,UNIDAD,1,0,0,1,0,0,1,GENERAL,0,0,0,0,0,1,66,0,0
1,BOTAS PUNTA DE MARCA SEGURITY,PAR,1,0,0,1,0,0,1,GENERAL,0,0,0,0,0,1,575,0,0
1,BOTAS/CASCO POLICARBONATO 100% DELECTRIC,UNIDAD,1,0,0,1,0,0,1,GENERAL,0,0,0,0,0,1,895,0,0
1,BOTE DE ALCOHOL EN GEL,UNIDAD,1,0,0,1,0,0,1,GENERAL,0,0,0,0,0,1,05745,0,0
1,BOTE DE CAFE INSTANTANEO,UNIDAD,1,0,0,1,0,0,1,GENERAL,0,0,0,0,0,1,603,0,0
1,BOTE DE CREMORA,UNIDAD,1,0,0,1,0,0,1,GENERAL,0,0,0,0,0,1,502,0,0
1,BOTE DE CREMORA 312GRS.,UNIDAD,1,0,0,1,0,0,1,GENERAL,0,0,0,0,0,1,903,0,0
1,BOTELLA TINTA EPSON  664 AMARILLO,UNIDAD,1,0,0,1,0,0,1,GENERAL,0,0,0,0,0,1,06090,0,0
1,BOTELLA TINTA EPSON  664 CIANO,UNIDAD,1,0,0,1,0,0,1,GENERAL,0,0,0,0,0,1,06093,0,0
1,BOTELLA TINTA EPSON  664 MAGENTA,UNIDAD,1,0,0,1,0,0,1,GENERAL,0,0,0,0,0,1,06091,0,0
1,BOTELLA TINTA EPSON  664 NEGRO,UNIDAD,1,0,0,1,0,0,1,GENERAL,0,0,0,0,0,1,06092,0,0
1,BOTIQUIN,UNIDAD,1,0,0,1,0,0,1,GENERAL,0,0,0,0,0,1,05435,0,0
1,BOTON DE ACTIVADO Y DESACTIVADO E102,UNIDAD,1,0,0,1,0,0,1,GENERAL,0,0,0,0,0,1,02085,0,0
1,BOTON DE EMERGENCIA CON ROTURA DE VIDRI SKU EB908G,UNIDAD,1,0,0,1,0,0,1,GENERAL,0,0,0,0,0,1,06006,0,0
1,BOTON DE EMERGENCIA SS-24A2EM-ES,UNIDAD,1,0,0,1,0,0,1,GENERAL,0,0,0,0,0,1,06144,0,0
1,BOTON DE LIBERACION DE EMERGENCIA STISS2181EX,UNIDAD,1,0,0,1,0,0,1,GENERAL,0,0,0,0,0,1,05921,0,0
1,BOTON DE PANICO AUTOMOTRIZ DE TECLA,UNIDAD,1,0,0,1,0,0,1,GENERAL,0,0,0,0,0,1,05299,0,0
1,BOTON DE PANICO DE FUEGO,UNIDAD,1,0,0,1,0,0,1,GENERAL,0,0,0,0,0,1,2039,0,0
1,BOTON DE PANICO GPS,UNIDAD,1,0,0,1,0,0,1,GENERAL,0,0,0,0,0,1,0602,0,0
1,BOTON DE PANICO INALAMBRICO REM-101,PARADOX,1,0,0,1,0,0,1,GENERAL,0,0,0,0,0,1,03247,0,0
1,BOTON DE PANICO INALAMBRICO REM-15 M/MAGUELLAN,UNIDAD,1,0,0,1,0,0,1,GENERAL,0,0,0,0,0,1,0351,0,0
1,BOTON DE PANICO INALAMBRICO UNA TECLA 09-5802WXT,UNIDAD,1,0,0,1,0,0,1,GENERAL,0,0,0,0,0,1,04919,0,0
1,BOTON DE PANICO INALAMBRICO WS4938,UNIDAD,1,0,0,1,0,0,1,GENERAL,0,0,0,0,0,1,04940,0,0
1,BOTON DE PANICO MCT-201WP,UNIDAD,1,0,0,1,0,0,1,GENERAL,0,0,0,0,0,1,04748,0,0
1,BOTON DE PANICO METALICO ENFORCER RE,UNIDAD,1,0,0,1,0,0,1,GENERAL,0,0,0,0,0,1,2012,0,0
1,BOTON DE PANICO PB1  BOSCH,UNIDAD,1,0,0,1,0,0,1,GENERAL,0,0,0,0,0,1,05910,0,0
1,BOTON DE PANICO PLASTICO ROJO,UNIDAD,1,0,0,1,0,0,1,GENERAL,0,0,0,0,0,1,0019,0,0
1,BOTON DE PANICO RE,UNIDAD,1,0,0,1,0,0,1,GENERAL,0,0,0,0,0,1,2006,0,0
1,BOTON DE PANICO REM15 MAGELLAN RE,UNIDAD,1,0,0,1,0,0,1,GENERAL,0,0,0,0,0,1,2070,0,0
1,BOTON DE PANICO SS-075Q,UNIDAD,1,0,0,1,0,0,1,GENERAL,0,0,0,0,0,1,03282,0,0
1,BOTON DE PANICO SS-078Q,UNIDAD,1,0,0,1,0,0,1,GENERAL,0,0,0,0,0,1,04357,0,0
1,BOTON DE SALIDA  ENFORCER MOD  SD-927PKC-NSQ,UNIDAD,1,0,0,1,0,0,1,GENERAL,0,0,0,0,0,1,05386,0,0
1,BOTON DE SALIDA ACCESPRO SYSB11,UNIDAD,1,0,0,1,0,0,1,GENERAL,0,0,0,0,0,1,06055,0,0
1,BOTON DE SALIDA CUADRADO C/ILUMINADOR NO,UNIAD,1,0,0,1,0,0,1,GENERAL,0,0,0,0,0,1,0937,0,0
1,BOTON DE SALIDA EMERGIA MODEL FB-110,UNIDAD,1,0,0,1,0,0,1,GENERAL,0,0,0,0,0,1,0345,0,0
1,BOTON DE SALIDA EXTRA FUERTE SECO-LARM,UNIDAD,1,0,0,1,0,0,1,GENERAL,0,0,0,0,0,1,05618,0,0
1,BOTON DE SALIDA ILUMINADO ANTIVANDALICO,UNIDAD,1,0,0,1,0,0,1,GENERAL,0,0,0,0,0,1,0892,0,0
1,BOTON DE SALIDA METALICO YLI(PBK815),UNIDAD,1,0,0,1,0,0,1,GENERAL,0,0,0,0,0,1,06311,0,0
1,BOTON DE SALIDA NO TOUCH CON CONTROL REMOTO,UNIDAD,1,0,0,1,0,0,1,GENERAL,0,0,0,0,0,1,04798,0,0
1,BOTON DE SALIDA NO TOUCH R-T-E-S,UNIDAD,1,0,0,1,0,0,1,GENERAL,0,0,0,0,0,1,0870,0,0
1,BOTON DE SALIDA SIN TOCAR,UNIDAD,1,0,0,1,0,0,1,GENERAL,0,0,0,0,0,1,01121,0,0
1,BOTON DE SALIDA TIPO HONGO SD-7202GCPE1Q,UNIDAD,1,0,0,1,0,0,1,GENERAL,0,0,0,0,0,1,04176,0,0
1,BOTON DE SALIDA TIPO HONGO VERDE,UNIDAD,1,0,0,1,0,0,1,GENERAL,0,0,0,0,0,1,0482,0,0
1,BOTON HONEYWELL 5869 INALAMBRICO,UNIDAD,1,0,0,1,0,0,1,GENERAL,0,0,0,0,0,1,05356,0,0
1,BOTON INALAMBRICO,UNIDAD,1,0,0,1,0,0,1,GENERAL,0,0,0,0,0,1,04467,0,0
1,BOTÓN INALÁMBRICO 2 FUNCIONES PXI-MR100C PYXIS,UNIDAD,1,0,0,1,0,0,1,GENERAL,0,0,0,0,0,1,05935,0,0
1,BOTON INALAMBRICO 5804 RE,UNIDAD,1,0,0,1,0,0,1,GENERAL,0,0,0,0,0,1,05070,0,0
1,BOTON INALAMBRICO DE ARMADO Y DESARMADO PG9929,UNIDAD,1,0,0,1,0,0,1,GENERAL,0,0,0,0,0,1,04621,0,0
1,BOTON INALAMBRICO DSC PG9938,UNIDAD,1,0,0,1,0,0,1,GENERAL,0,0,0,0,0,1,04548,0,0
1,BOTON INALAMBRICO EV-REC1 (EV-REM),UNIDAD,1,0,0,1,0,0,1,GENERAL,0,0,0,0,0,1,04939,0,0
1,BOTON INALAMBRICO HONEYWELL 5804,UNIDAD,1,0,0,1,0,0,1,GENERAL,0,0,0,0,0,1,04877,0,0
1,BOTON LIBERADOR PARA PUERTA SS-075C-PEQ,UNIDAD,1,0,0,1,0,0,1,GENERAL,0,0,0,0,0,1,03122,0,0
1,BOTON NO TOUCH SD-927PKC-NSQ,UNIDAD,1,0,0,1,0,0,1,GENERAL,0,0,0,0,0,1,03106,0,0
1,BOTON P/RESET NORMALMENTE CERRADO,UNIDAD,1,0,0,1,0,0,1,GENERAL,0,0,0,0,0,1,04328,0,0
1,BOTON PANICO DVR MOVIL MDVR-SSP  XTS,UNIDAD,1,0,0,1,0,0,1,GENERAL,0,0,0,0,0,1,03871,0,0
1,BOTON PARA ENCRIPTOR RE,UNIDAD,1,0,0,1,0,0,1,GENERAL,0,0,0,0,0,1,05110,0,0
1,BOTON PARA GSN RE,UNIDAD,1,0,0,1,0,0,1,GENERAL,0,0,0,0,0,1,05109,0,0
1,BOTON PARA SIMON RE,UNIDAD,1,0,0,1,0,0,1,GENERAL,0,0,0,0,0,1,04883,0,0
1,BOTON PULSADOR DE EMERGENCIA BOT-NO/NC,UNIDAD,1,0,0,1,0,0,1,GENERAL,0,0,0,0,0,1,03681,0,0
1,BOTON REPETICION D/SALIDA  ALA-002 STERE,UNIDAD,1,0,0,1,0,0,1,GENERAL,0,0,0,0,0,1,03955,0,0
1,BOTON SALIDA PYXIS K1-1 (NO TOUCH),UNIDAD,1,0,0,1,0,0,1,GENERAL,0,0,0,0,0,1,03680,0,0
1,BOTON SCHL/ELEC 742 EMERGENCY BREAK GLASS WITH SON,UNIDAD,1,0,0,1,0,0,1,GENERAL,0,0,0,0,0,1,05350,0,0
1,BOTON TIPO HONGO SD-7201GCPE1Q,UNIDAD,1,0,0,1,0,0,1,GENERAL,0,0,0,0,0,1,04158,0,0
1,BOTONES DE SALIDA ENFORCER PB2E SECURITRON,UNIDAD,1,0,0,1,0,0,1,GENERAL,0,0,0,0,0,1,05919,0,0
1,BOTONES SIMON RE,UNIDAD,1,0,0,1,0,0,1,GENERAL,0,0,0,0,0,1,05113,0,0
1,BOVINA DE CABLE ZAE AZUL HP AUDIO 50-16B,UNIDAD,1,0,0,1,0,0,1,GENERAL,0,0,0,0,0,1,0022,0,0
1,BOVINA DE CABLE ZAE VERDE,UNIDAD,1,0,0,1,0,0,1,GENERAL,0,0,0,0,0,1,0023,0,0
1,"BPS10A REMOTE BOOSTER POWER SUPPLY, 10A, 120VAC",UNIDAD,1,0,0,1,0,0,1,GENERAL,0,0,0,0,0,1,06701,0,0
1,BRACKET 7RMS 12 PULGADAS,UNIDAD,1,0,0,1,0,0,1,GENERAL,0,0,0,0,0,1,0797,0,0
1,"BRACKET ARTICULADO TV/LED/LCD 13"" A 46""",UNIDAD,1,0,0,1,0,0,1,GENERAL,0,0,0,0,0,1,03911,0,0
1,BRACKET DE PARED DE 7  POSICIONES,UNIDAD,1,0,0,1,0,0,1,GENERAL,0,0,0,0,0,1,0918,0,0
1,"BRACKET DE PARED TV 42"" A 60"" STV-060",UNIDAD,1,0,0,1,0,0,1,GENERAL,0,0,0,0,0,1,04414,0,0
1,BRACKET IPO U PARA IMAN 600 LBS P,UNIDAD,1,0,0,1,0,0,1,GENERAL,0,0,0,0,0,1,01028,0,0
1,BRACKET P/ GPS CELLOTRACK IMANTADO,UNIDAD,1,0,0,1,0,0,1,GENERAL,0,0,0,0,0,1,04401,0,0
1,BRACKET P/PARED 6RMS 12 PROFUNDIDAD,UNIDAD,1,0,0,1,0,0,1,GENERAL,0,0,0,0,0,1,04183,0,0
1,BRACKET PARA CAMARA PLASTICOS PEQUEÑOS,UNIDAD,1,0,0,1,0,0,1,GENERAL,0,0,0,0,0,1,0421,0,0
1,BRACKET PARA CAMARA ROHS BA05,UNIDAD,1,0,0,1,0,0,1,GENERAL,0,0,0,0,0,1,0416,0,0
1,BRACKET PARA DOMO PTZ,UNIDAD,1,0,0,1,0,0,1,GENERAL,0,0,0,0,0,1,03504,0,0
1,BRACKET PARA E-941SA-1200,UNIDAD,1,0,0,1,0,0,1,GENERAL,0,0,0,0,0,1,03443,0,0
1,BRACKET PARA HOUSIGN EXTERIOR PLATEADO,UNIDAD,1,0,0,1,0,0,1,GENERAL,0,0,0,0,0,1,0651,0,0
1,BRACKET PARA MONITOR DE 15-32 PLGS,UNIDAD,1,0,0,1,0,0,1,GENERAL,0,0,0,0,0,1,03119,0,0
1,BRACKET PARA MONITOR DE 19 PULGADAS,UNIDAD,1,0,0,1,0,0,1,GENERAL,0,0,0,0,0,1,0592,0,0
1,BRACKET PARA MONTAJE EN POSTE PFA150 DAHUA,UNIDAD,1,0,0,1,0,0,1,GENERAL,0,0,0,0,0,1,06024,0,0
1,BRACKET PARA PARED 6 RMS 12P,UNIDAD,1,0,0,1,0,0,1,GENERAL,0,0,0,0,0,1,03556,0,0
1,BRACKET PARA PUERTA SD-997UB-AQ,UNIDAD,1,0,0,1,0,0,1,GENERAL,0,0,0,0,0,1,03476,0,0
1,BRACKET PARA PUERTA SL-SD-997SMB-AQ,UNIDAD,1,0,0,1,0,0,1,GENERAL,0,0,0,0,0,1,04150,0,0
1,BRACKET PEQUEÑO DE ALUMINIO,1,1,0,0,1,0,0,1,GENERAL,0,0,0,0,0,1,0542,0,0
1,BRACKET PLASTICOS P/MONTAJE D CAM. EQ350,UNIDAD,1,0,0,1,0,0,1,GENERAL,0,0,0,0,0,1,BRACKET PLAST,0,0
1,BRACKET SENCILLO PARA MONITOR LCD,UNIDAD,1,0,0,1,0,0,1,GENERAL,0,0,0,0,0,1,03269,0,0
1,BRACKET STV-035,UNIDAD,1,0,0,1,0,0,1,GENERAL,0,0,0,0,0,1,03808,0,0
1,BRACKET STV-120,UNIDAD,1,0,0,1,0,0,1,GENERAL,0,0,0,0,0,1,03809,0,0
1,BRACKET TIPO CILINDRO  HDB242,UNIDAD,1,0,0,1,0,0,1,GENERAL,0,0,0,0,0,1,03359,0,0
1,BRACKET TIPO CILINDRO HDB241,UNIDAD,1,0,0,1,0,0,1,GENERAL,0,0,0,0,0,1,03356,0,0
1,BRACKET TIPO L DE 350 LB,UNIDAD,1,0,0,1,0,0,1,GENERAL,0,0,0,0,0,1,04637,0,0
1,BRACKET TIPO L P/600LBS. (ACCESS PRO),UNIDAD,1,0,0,1,0,0,1,GENERAL,0,0,0,0,0,1,04156,0,0
1,BRACKET TIPO Z  P/600LBS. (ACCESS PRO),UNIDAD,1,0,0,1,0,0,1,GENERAL,0,0,0,0,0,1,04157,0,0
1,BRACKET TIPO Z Y L 1200 LIBRAS,UNIDA,1,0,0,1,0,0,1,GENERAL,0,0,0,0,0,1,05789,0,0
1,BRAKET DE ALUMINIO PARA CAMARA,UNIDAD,1,0,0,1,0,0,1,GENERAL,0,0,0,0,0,1,04578,0,0
1,BRAKET DE PARED 7 POSICIONES,UNIDAD,1,0,0,1,0,0,1,GENERAL,0,0,0,0,0,1,0860,0,0
1,BRAKET PARA CAMARA / HDB241,UNIDAD,1,0,0,1,0,0,1,GENERAL,0,0,0,0,0,1,03387,0,0
1,BRAKET PARA CAMARA / HDB242,UNIDAD,1,0,0,1,0,0,1,GENERAL,0,0,0,0,0,1,03385,0,0
1,BRAZO HIDRAULICO,UNIDAD,1,0,0,1,0,0,1,GENERAL,0,0,0,0,0,1,0488,0,0
1,BRAZO HIDRAULICO 100 LBS.,UNIDAD,1,0,0,1,0,0,1,GENERAL,0,0,0,0,0,1,04122,0,0
1,BRAZO HIDRAULICO 80-100 KGS(200-220LBS),UNIDAD,1,0,0,1,0,0,1,GENERAL,0,0,0,0,0,1,05989,0,0
1,BRAZO HIDRAULICO DE 1200LBS.,UNIDAD,1,0,0,1,0,0,1,GENERAL,0,0,0,0,0,1,03857,0,0
1,BRAZO HIDRAULICO DE 300 LBS.,UNIDAD,1,0,0,1,0,0,1,GENERAL,0,0,0,0,0,1,03858,0,0
1,BRAZO HIDRAULICO DE 330 LBS,UNIDAD,1,0,0,1,0,0,1,GENERAL,0,0,0,0,0,1,05947,0,0
1,BREAK SQUARE D,UNIDAD,1,0,0,1,0,0,1,GENERAL,0,0,0,0,0,1,05401,0,0
1,BROADCOM NETXTREME 10/100/1000 PCLE GIGA,UNIDAD,1,0,0,1,0,0,1,GENERAL,0,0,0,0,0,1,832,0,0
1,BROCA  3/8 METAL,UNIDAD,1,0,0,1,0,0,1,GENERAL,0,0,0,0,0,1,0961,0,0
1,BROCA  DE 1/2 METAL,UNIDAD,1,0,0,1,0,0,1,GENERAL,0,0,0,0,0,1,0962,0,0
1,BROCA  DE 5/16,UNIDAD,1,0,0,1,0,0,1,GENERAL,0,0,0,0,0,1,0026,0,0
1,BROCA 1/8 PARA ACERO INOXIDABLE,UNIDAD,1,0,0,1,0,0,1,GENERAL,0,0,0,0,0,1,05400,0,0
1,BROCA 5/16 PARA CONCRETO,UNIDAD,1,0,0,1,0,0,1,GENERAL,0,0,0,0,0,1,03849,0,0
1,BROCA C/SISTEMA DIRECCIONAL,UNIDAD,1,0,0,1,0,0,1,GENERAL,0,0,0,0,0,1,03343,0,0
1,BROCA COBALTO 5/32 TIPO 0155 EUROF,UNIDAD,1,0,0,1,0,0,1,GENERAL,0,0,0,0,0,1,02079,0,0
1,BROCA DE   1/4 * 12 PARA CONCRETO,UNIDAD,1,0,0,1,0,0,1,GENERAL,0,0,0,0,0,1,0476,0,0
1,BROCA DE 1 * 12 PARA CONCRETO,UNIDAD,1,0,0,1,0,0,1,GENERAL,0,0,0,0,0,1,03038,0,0
1,"BROCA DE 1"" * 45CMS. P/CONCRETO",UNIDAD,1,0,0,1,0,0,1,GENERAL,0,0,0,0,0,1,04056,0,0
1,BROCA DE 1/16 PARA  METAL,UNIDAD,1,0,0,1,0,0,1,GENERAL,0,0,0,0,0,1,03076,0,0
1,"BROCA DE 1/2 PARA CONCRETO(PASAMUROS) *12"" LARGO",UNIDAD,1,0,0,1,0,0,1,GENERAL,0,0,0,0,0,1,03234,0,0
1,BROCA DE 1/2 PASAMUROS HILTY,UNIDAD,1,0,0,1,0,0,1,GENERAL,0,0,0,0,0,1,05221,0,0
1,BROCA DE 1/2*18 SDS,UNIDAD,1,0,0,1,0,0,1,GENERAL,0,0,0,0,0,1,03528,0,0
1,BROCA DE 1/4 PARA ACERO INOXIDABLE,UNIDAD,1,0,0,1,0,0,1,GENERAL,0,0,0,0,0,1,05399,0,0
1,BROCA DE 1/4*18 PARA CONCRETO,UNIDAD,1,0,0,1,0,0,1,GENERAL,0,0,0,0,0,1,03348,0,0
1,BROCA DE 3/16 HILTY PARA CONCRETO,UNIDAD,1,0,0,1,0,0,1,GENERAL,0,0,0,0,0,1,04477,0,0
1,BROCA DE 3/16 PARA METAL,UNIDAD,1,0,0,1,0,0,1,GENERAL,0,0,0,0,0,1,03274,0,0
1,BROCA DE 3/8 HILTY PARA CONCRETO,UNIDAD,1,0,0,1,0,0,1,GENERAL,0,0,0,0,0,1,03177,0,0
1,BROCA DE 3/8 PARA CONCRETO,UNIDAD,1,0,0,1,0,0,1,GENERAL,0,0,0,0,0,1,0537,0,0
1,BROCA DE 3/8 X 12  PARA METAL,UNIDAD,1,0,0,1,0,0,1,GENERAL,0,0,0,0,0,1,03288,0,0
1,BROCA DE 7/64,UNIDAD,1,0,0,1,0,0,1,GENERAL,0,0,0,0,0,1,0028,0,0
1,BROCA DE ALTO RENDIMIENTO DE 1/2,UNIDAD,1,0,0,1,0,0,1,GENERAL,0,0,0,0,0,1,03126,0,0
1,BROCA DE ALTO RENDIMIENTO DE 1/4 (AZULEJO),UNIDAD,1,0,0,1,0,0,1,GENERAL,0,0,0,0,0,1,03127,0,0
1,BROCA DE ALTO RENDIMIENTO DE 1/8,UNIDAD,1,0,0,1,0,0,1,GENERAL,0,0,0,0,0,1,03128,0,0
1,BROCA DE CARBURO DE TUNGSTENO 1/4,UNIDAD,1,0,0,1,0,0,1,GENERAL,0,0,0,0,0,1,0685,0,0
1,"BROCA HILTY 1/4"" PASAMUROS",UNIDAD,1,0,0,1,0,0,1,GENERAL,0,0,0,0,0,1,03147,0,0
1,"BROCA HILTY 3/4""  P/CONRETO PASAMUROS",UNIDAD,1,0,0,1,0,0,1,GENERAL,0,0,0,0,0,1,03935,0,0
1,BROCA HILTY DE 3/4,UNIDAD,1,0,0,1,0,0,1,GENERAL,0,0,0,0,0,1,03524,0,0
1,BROCA HILTYN DE 1/2 PARA CONCRETO,UNIDAD,1,0,0,1,0,0,1,GENERAL,0,0,0,0,0,1,03154,0,0
1,"BROCA P/CONCRETO DE 1/2"" 50CMS.",UNIDAD,1,0,0,1,0,0,1,GENERAL,0,0,0,0,0,1,03995,0,0
1,"BROCA P/MADERA 1/4""",UNIDAD,1,0,0,1,0,0,1,GENERAL,0,0,0,0,0,1,04313,0,0
1,BROCA PARA METAL 1/4 COBALTO,UNIDAD,1,0,0,1,0,0,1,GENERAL,0,0,0,0,0,1,03654,0,0
1,BROCA PARA METAL 3/4 PAIZ 1/2,UNIDAD,1,0,0,1,0,0,1,GENERAL,0,0,0,0,0,1,03162,0,0
1,BROCA PARA METAL DE 7/32,UNIDAD,1,0,0,1,0,0,1,GENERAL,0,0,0,0,0,1,03335,0,0
1,"BROCA PASAMURO DE 1 """,UNIDAD,1,0,0,1,0,0,1,GENERAL,0,0,0,0,0,1,05611,0,0
1,BROCA PASAMUROS 3/8*18 40CMS,UNIDAD,1,0,0,1,0,0,1,GENERAL,0,0,0,0,0,1,03613,0,0
1,"BROCA PASAMUROS DE 1/4""",UNIDAD,1,0,0,1,0,0,1,GENERAL,0,0,0,0,0,1,03865,0,0
1,BROCA PASAMUROS DE 3/4,UNIDAD,1,0,0,1,0,0,1,GENERAL,0,0,0,0,0,1,03342,0,0
1,"BROCA SDS PLUS 1/4"" * 6"" BOSCH",UNIDAD,1,0,0,1,0,0,1,GENERAL,0,0,0,0,0,1,03266,0,0
1,"BROCA SIERRA 1/2""",UNIDAD,1,0,0,1,0,0,1,GENERAL,0,0,0,0,0,1,04263,0,0
1,BROCA SIERRA 7/8,UNIDAD,1,0,0,1,0,0,1,GENERAL,0,0,0,0,0,1,02083,0,0
1,BROCA SIERRA DE 1  1/4,UNIDAD,1,0,0,1,0,0,1,GENERAL,0,0,0,0,0,1,03179,0,0
1,BROCA SIERRA DE 1 1/16 CON SU BASE MANDRIL,UNIDAD,1,0,0,1,0,0,1,GENERAL,0,0,0,0,0,1,04781,0,0
1,"BROCA SIERRA DE 1 1/2""",UNIDAD,1,0,0,1,0,0,1,GENERAL,0,0,0,0,0,1,05079,0,0
1,"BROCASIERRA 1""",UNIDAD,1,0,0,1,0,0,1,GENERAL,0,0,0,0,0,1,03875,0,0
1,"BROCASIERRA 1/4""",UNIDAD,1,0,0,1,0,0,1,GENERAL,0,0,0,0,0,1,03876,0,0
1,"BROCASIERRA 3/4""",UNIDAD,1,0,0,1,0,0,1,GENERAL,0,0,0,0,0,1,03874,0,0
1,"BROCHA 2 """,UNIDAD,1,0,0,1,0,0,1,GENERAL,0,0,0,0,0,1,01061,0,0
1,"BROCHA MANGO DE MADERA DE 3""",UNIDAD,1,0,0,1,0,0,1,GENERAL,0,0,0,0,0,1,808,0,0
1,"BROCHAS DE 1""",UNIDAD,1,0,0,1,0,0,1,GENERAL,0,0,0,0,0,1,795,0,0
1,BROCHURE  G4S,UNIDAD,1,0,0,1,0,0,1,GENERAL,0,0,0,0,0,1,873,0,0
1,BS2-OIPW FINGERPTINT READER/CONTROLLER RFID 13.56,UNIDAD,1,0,0,1,0,0,1,GENERAL,0,0,0,0,0,1,06156,0,0
1,BS3DB BIO STATION 3 LECTOR FACIAL MULTITECNOLOGÍAS,UNIDAD,1,0,0,1,0,0,1,GENERAL,0,0,0,0,0,1,06326,0,0
1,BTICINO: PLACA CIEGA PLASTICA,UNIDAD,1,0,0,1,0,0,1,GENERAL,0,0,0,0,0,1,0146,0,0
1,BTICINO: PLACA DOBLE PLASTICA,UNIDAD,1,0,0,1,0,0,1,GENERAL,0,0,0,0,0,1,0147,0,0
1,BTSID17RB801 / BTSXXX BLUETOOTH MONITORING SYSTEM,UNIDAD,1,0,0,1,0,0,1,GENERAL,0,0,0,0,0,1,06518,0,0
1,BTSMP14NB801 / BTSXXX BEACON/SENSOR ACCESSORY,UNIDAD,1,0,0,1,0,0,1,GENERAL,0,0,0,0,0,1,06517,0,0
1,BULLET ANALOG MOTORIZED VARIFOCAL ADHD2MVFBO1224,UNIDAD,1,0,0,1,0,0,1,GENERAL,0,0,0,0,0,1,05238,0,0
1,BURBUJA ANTIVANDALICA DOMO ULTRAOCHO,UNIDAD,1,0,0,1,0,0,1,GENERAL,0,0,0,0,0,1,03404,0,0
1,BURLE: TARJETA DE PROXIMIDAD CENTAURUS,UNIDAD,1,0,0,1,0,0,1,GENERAL,0,0,0,0,0,1,0494,0,0
1,BUZZER (ZUMBADOR) BGD35CIR,UNIDAD,1,0,0,1,0,0,1,GENERAL,0,0,0,0,0,1,03946,0,0
1,BX-32-F1 SIRENA EXTERIOR VESTA DE 104DB A 1 METRO,UNIDAD,1,0,0,1,0,0,1,GENERAL,0,0,0,0,0,1,06626,0,0
1,"C?MARAS HIKVISION TURBO BALA 1080P, 2 MPX,",UNIDAD,1,0,0,1,0,0,1,GENERAL,0,0,0,0,0,1,05629,0,0
1,C1300-8P-E-2G SWITCH CATALYST ADMINISTRABLE,UNIDAD,1,0,0,1,0,0,1,GENERAL,0,0,0,0,0,1,06562,0,0
1,CABESTRILLO,UNIDAD,1,0,0,1,0,0,1,GENERAL,0,0,0,0,0,1,05430,0,0
1,CABLE  DE 2 PARES (METROS),METROS,1,0,0,1,0,0,1,GENERAL,0,0,0,0,0,1,430,0,0
1,CABLE 1 PAR 18/2 STR CM/CL2 1M BX WHT,UNIDAD,1,0,0,1,0,0,1,GENERAL,0,0,0,0,0,1,05346,0,0
1,CABLE 14 AUTOMOTRIZ,MTS,1,0,0,1,0,0,1,GENERAL,0,0,0,0,0,1,03436,0,0
1,CABLE 16 AUTOMOTRIZ TFF,METROS,1,0,0,1,0,0,1,GENERAL,0,0,0,0,0,1,0600,0,0
1,CABLE 2 PARES 22/4 GENESIS,METROS,1,0,0,1,0,0,1,GENERAL,0,0,0,0,0,1,06222,0,0
1,CABLE 4 PARES,MTS,2,1,0,1,0,0,0,GENERAL,0,0,0,0,0,1,CAB001,0,0
1,CABLE 6 PARES,MTS,1,0,0,1,0,0,1,GENERAL,0,0,0,0,0,1,0032,0,0
1,CABLE 7MTS PARA CAMARA MOVIL XMR,UNIDAD,1,0,0,1,0,0,1,GENERAL,0,0,0,0,0,1,03872,0,0
1,CABLE ACERADO DE 1/4,UNIDAD,1,0,0,1,0,0,1,GENERAL,0,0,0,0,0,1,05156,0,0
1,CABLE ALTA TENSION PARA ELECTRIFICADO,UNIDAD,1,0,0,1,0,0,1,GENERAL,0,0,0,0,0,1,04961,0,0
1,CABLE ANTIESKIMING,UNIDAD,1,0,0,1,0,0,1,GENERAL,0,0,0,0,0,1,03615,0,0
1,CABLE BELDEN GRIS 2X18,UNIDAD,1,0,0,1,0,0,1,GENERAL,0,0,0,0,0,1,04563,0,0
1,CABLE BELDEN NARANJA 2X18,UNIDAD,1,0,0,1,0,0,1,GENERAL,0,0,0,0,0,1,04562,0,0
1,CABLE BLANCO DE 4 PARES,METROS,1,0,0,1,0,0,1,GENERAL,0,0,0,0,0,1,BLANCO 22/8,0,0
1,CABLE BLANCO DE 6 PARES MULTIFILAR KINGS,UNIDAD,1,0,0,1,0,0,1,GENERAL,0,0,0,0,0,1,03277,0,0
1,CABLE BLANCO MULTIFILAIR 2 PARES (4 HILOS),MTS,1,0,0,1,0,0,1,GENERAL,0,0,0,0,0,1,BLANCO 22/4,0,0
1,CABLE BLANCO MULTIFILIAR DE 6 PARES (12 HILOS),MTS,1,0,0,1,0,0,1,GENERAL,0,0,0,0,0,1,BLANCO 22/12,0,0
1,CABLE C/CONECTOR DB9 PCLINK-SCW,UNIDAD,1,0,0,1,0,0,1,GENERAL,0,0,0,0,0,1,04286,0,0
1,CABLE COAXIAL 8238 BELDEN,METROS,1,0,0,1,0,0,1,GENERAL,0,0,0,0,0,1,03424,0,0
1,CABLE COAXIAL 95 % SHIELD KEYSTON,METROS,1,0,0,1,0,0,1,GENERAL,0,0,0,0,0,1,0695,0,0
1,CABLE COAXIAL BLINDADO PARA ELEVADOR,UNIDAD,1,0,0,1,0,0,1,GENERAL,0,0,0,0,0,1,03159,0,0
1,CABLE COAXIAL RG-213,UNIDAD,1,0,0,1,0,0,1,GENERAL,0,0,0,0,0,1,03191,0,0
1,CABLE COAXIAL RG58L,METROS,1,0,0,1,0,0,1,GENERAL,0,0,0,0,0,1,0466,0,0
1,CABLE COAXIAL RG-59 95%SHIELD SIAMES,METROS,1,0,0,1,0,0,1,GENERAL,0,0,0,0,0,1,03527,0,0
1,CABLE COAXIAL RG59 CON NUCLEO MULTIFILAR,METRO,1,0,0,1,0,0,1,GENERAL,0,0,0,0,0,1,04870,0,0
1,CABLE COAXIAL RG59 MULTIXILIAR BELDEN,UNIDAD,1,0,0,1,0,0,1,GENERAL,0,0,0,0,0,1,0949,0,0
1,CABLE COAXIAL RG59L,METROS,1,0,0,1,0,0,1,GENERAL,0,0,0,0,0,1,0467,0,0
1,CABLE COAXIAL RG-6,METROS,1,0,0,1,0,0,1,GENERAL,0,0,0,0,0,1,03766,0,0
1,CABLE COAXIAL RG6 95% SHIELD,METROS,1,0,0,1,0,0,1,GENERAL,0,0,0,0,0,1,03235,0,0
1,CABLE CON LLAVE RUDO DE 5/8  100CM,UNIDAD,1,0,0,1,0,0,1,GENERAL,0,0,0,0,0,1,03327,0,0
1,CABLE DB9 DE 5MTS,UNIDAD,1,0,0,1,0,0,1,GENERAL,0,0,0,0,0,1,06105,0,0
1,CABLE DE 10 MTS PARA IMPRESORA STANDAR,UNIDAD,1,0,0,1,0,0,1,GENERAL,0,0,0,0,0,1,04735,0,0
1,CABLE DE 15M PARA CAMARA MOVIL,UNIDAD,1,0,0,1,0,0,1,GENERAL,0,0,0,0,0,1,04775,0,0
1,CABLE DE 25 PARES  CAT. 3 PARA INTERIOR,METROS,1,0,0,1,0,0,1,GENERAL,0,0,0,0,0,1,03554,0,0
1,CABLE DE AUDIO PROFECIONAL,UNIDAD,1,0,0,1,0,0,1,GENERAL,0,0,0,0,0,1,04505,0,0
1,CABLE DE COMUNICACION IP-PCS (PCS250),UNIDAD,1,0,0,1,0,0,1,GENERAL,0,0,0,0,0,1,04170,0,0
1,CABLE DE INCENCIO DE 4/16 MODELO 46071004.,UNIDAD,1,0,0,1,0,0,1,GENERAL,0,0,0,0,0,1,05395,0,0
1,CABLE DE INCENDIO 2/16  MODELO 46065504.,UNIDAD,1,0,0,1,0,0,1,GENERAL,0,0,0,0,0,1,05394,0,0
1,CABLE DE INCENDIO 4-/18 MODELO 5322UL 0021000,UNIDAD,1,0,0,1,0,0,1,GENERAL,0,0,0,0,0,1,05507,0,0
1,CABLE DE RED DE 6 METROS,UNIDAD,1,0,0,1,0,0,1,GENERAL,0,0,0,0,0,1,03336,0,0
1,CABLE DE SVIDEO 10 MT MACHO A MACHO,UNIDAD,1,0,0,1,0,0,1,GENERAL,0,0,0,0,0,1,05064,0,0
1,CABLE DE VIDEO DVI,UNIDAD,1,0,0,1,0,0,1,GENERAL,0,0,0,0,0,1,05052,0,0
1,CABLE DOBLE PUNTA MACHO SERIAL 6 PIES,UNIDAD,1,0,0,1,0,0,1,GENERAL,0,0,0,0,0,1,552,0,0
1,"CABLE GENESIS 22/4 500FTS, PART N11335801 WHITE",UNIDAD,1,0,0,1,0,0,1,GENERAL,0,0,0,0,0,1,05632,0,0
1,CABLE GRIS 6 PARES GENESIS,METROS,1,0,0,1,0,0,1,GENERAL,0,0,0,0,0,1,05995,0,0
1,CABLE HDMI,UNIDAD,1,0,0,1,0,0,1,GENERAL,0,0,0,0,0,1,04131,0,0
1,CABLE HDMI 1.8MTS,UNIDAD,1,0,0,1,0,0,1,GENERAL,0,0,0,0,0,1,04165,0,0
1,CABLE HDMI 10MT,UNIDAD,1,0,0,1,0,0,1,GENERAL,0,0,0,0,0,1,05158,0,0
1,CABLE HDMI 20MT,UNIDAD,1,0,0,1,0,0,1,GENERAL,0,0,0,0,0,1,04984,0,0
1,CABLE HDMI 3MTS,UNIDAD,1,0,0,1,0,0,1,GENERAL,0,0,0,0,0,1,06029,0,0
1,CABLE HDMI 5 MTS,UNIDAD,1,0,0,1,0,0,1,GENERAL,0,0,0,0,0,1,05118,0,0
1,CABLE HDMI 7 MTS,UNIDAD,1,0,0,1,0,0,1,GENERAL,0,0,0,0,0,1,04365,0,0
1,CABLE HDMI CON CONECTORES NIQUELADOS DE 90CMS.,UNIDAD,1,0,0,1,0,0,1,GENERAL,0,0,0,0,0,1,12,0,0
1,CABLE HDMI DE 15 MT,UNIDAD,1,0,0,1,0,0,1,GENERAL,0,0,0,0,0,1,05030,0,0
1,CABLE HDMI DE 22.5 MT,UNIDAD,1,0,0,1,0,0,1,GENERAL,0,0,0,0,0,1,05029,0,0
1,CABLE HDMI DE 30MTS,UNIDAD,1,0,0,1,0,0,1,GENERAL,0,0,0,0,0,1,05887,0,0
1,CABLE HDMI DE ALTA VELO. C/ETHERNET 3,UNIDAD,1,0,0,1,0,0,1,GENERAL,0,0,0,0,0,1,04164,0,0
1,CABLE MICRO USB A USB 4FT,UNIDAD,1,0,0,1,0,0,1,GENERAL,0,0,0,0,0,1,05031,0,0
1,CABLE MULTIFILIAR 22/6 BLANCO SAXXON,METRO,1,0,0,1,0,0,1,GENERAL,0,0,0,0,0,1,06227,0,0
1,CABLE O CONECTOR  PARA DISCO DURO SATA,UNIDAD,1,0,0,1,0,0,1,GENERAL,0,0,0,0,0,1,05291,0,0
1,CABLE P/DVR MOVIL XTS-MDVR-DJC3,UNIDAD,1,0,0,1,0,0,1,GENERAL,0,0,0,0,0,1,03965,0,0
1,CABLE P/PROGRAMAR MHUB 14WAY OM700273,UNIDAD,1,0,0,1,0,0,1,GENERAL,0,0,0,0,0,1,04399,0,0
1,CABLE P/TRANSFORMADOR GSM-200 TIPO Y,UNIDAD,1,0,0,1,0,0,1,GENERAL,0,0,0,0,0,1,03991,0,0
1,CABLE PARA CONEXION LAPTOP A CAÑONERA,UNIDAD,1,0,0,1,0,0,1,GENERAL,0,0,0,0,0,1,558,0,0
1,CABLE PARA INCENDIO 18*2 1 PAR 304MTS ROJO BELDEN,UNIDAD,1,0,0,1,0,0,1,GENERAL,0,0,0,0,0,1,05882,0,0
1,CABLE PARALELO #12  PAR COLOR CAT,UNIDAD,1,0,0,1,0,0,1,GENERAL,0,0,0,0,0,1,04292,0,0
1,CABLE PARALELO 2*12,UNIDAD,1,0,0,1,0,0,1,GENERAL,0,0,0,0,0,1,03749,0,0
1,CABLE PARALELO 2*14,METROS,1,0,0,1,0,0,1,GENERAL,0,0,0,0,0,1,01002,0,0
1,CABLE PARALELO 2*16,METROS,1,0,0,1,0,0,1,GENERAL,0,0,0,0,0,1,0738,0,0
1,CABLE PROGRAMADOR 134,UNIDAD,1,0,0,1,0,0,1,GENERAL,0,0,0,0,0,1,05142,0,0
1,CABLE PROGRAMADOR DE GSM-200/GPRS P/ALAR,UNIDAD,1,0,0,1,0,0,1,GENERAL,0,0,0,0,0,1,04188,0,0
1,CABLE PROGRAMADOR DE NET4PRO P/ALARMAS,UNIDAD,1,0,0,1,0,0,1,GENERAL,0,0,0,0,0,1,04214,0,0
1,CABLE PROGRAMADOR DPU,UNIDAD,1,0,0,1,0,0,1,GENERAL,0,0,0,0,0,1,03152,0,0
1,CABLE PROGRAMADOR PARA GPS CBL072 SKY PATROL,UNIDAD,1,0,0,1,0,0,1,GENERAL,0,0,0,0,0,1,04816,0,0
1,CABLE PROGRAMDOR DE NET 4PRO,UNIDAD,1,0,0,1,0,0,1,GENERAL,0,0,0,0,0,1,01185,0,0
1,CABLE RCA,UNIDAD,1,0,0,1,0,0,1,GENERAL,0,0,0,0,0,1,0594,0,0
1,CABLE RCA DE 7 MTS,UNIDAD,1,0,0,1,0,0,1,GENERAL,0,0,0,0,0,1,03130,0,0
1,CABLE RED,MTS,1,0,0,1,0,0,1,GENERAL,0,0,0,0,0,1,0033,0,0
1,CABLE SEM 200 PARA PUNTO DE RED,UNIDAD,1,0,0,1,0,0,1,GENERAL,0,0,0,0,0,1,05777,0,0
1,CABLE SEM 200 PARA PUNTO DE RED.,UNIDAD,1,0,0,1,0,0,1,GENERAL,0,0,0,0,0,1,05799,0,0
1,CABLE SILMAR DE 2 PARES ALARMACABLE,METROS,1,0,0,1,0,0,1,GENERAL,0,0,0,0,0,1,03239,0,0
1,CABLE STP CAT5E PARA EXTERIOR NEGRO,METRO,1,0,0,1,0,0,1,GENERAL,0,0,0,0,0,1,03511,0,0
1,CABLE TELEFONICO,UNIDAD,1,0,0,1,0,0,1,GENERAL,0,0,0,0,0,1,0662,0,0
1,CABLE THHN # 10 VERDE,METROS,1,0,0,1,0,0,1,GENERAL,0,0,0,0,0,1,0947,0,0
1,CABLE THHN # 12 AMARILLO,UNIDAD,1,0,0,1,0,0,1,GENERAL,0,0,0,0,0,1,02013,0,0
1,CABLE THHN # 12 AZUL,METRO,1,0,0,1,0,0,1,GENERAL,0,0,0,0,0,1,01007,0,0
1,CABLE THHN # 12 BLANCO,METRO,1,0,0,1,0,0,1,GENERAL,0,0,0,0,0,1,0898,0,0
1,CABLE THHN # 12 NEGRO,METRO,1,0,0,1,0,0,1,GENERAL,0,0,0,0,0,1,0897,0,0
1,CABLE THHN # 12 ROJO,METRO,1,0,0,1,0,0,1,GENERAL,0,0,0,0,0,1,0896,0,0
1,CABLE THHN # 12 VERDE,METROS,1,0,0,1,0,0,1,GENERAL,0,0,0,0,0,1,03080,0,0
1,CABLE THHN # 14 VERDE,METRO,1,0,0,1,0,0,1,GENERAL,0,0,0,0,0,1,0840,0,0
1,CABLE THHN # 4 BLANCO,METROS,1,0,0,1,0,0,1,GENERAL,0,0,0,0,0,1,0788,0,0
1,CABLE THHN # 4 VERDE,METROS,1,0,0,1,0,0,1,GENERAL,0,0,0,0,0,1,0789,0,0
1,CABLE THHN # 8 BLANCO,METROS,1,0,0,1,0,0,1,GENERAL,0,0,0,0,0,1,03993,0,0
1,CABLE THHN # 8 NEGRO,METROS,1,0,0,1,0,0,1,GENERAL,0,0,0,0,0,1,03994,0,0
1,CABLE THHN #10 AMARILLO,METROS,1,0,0,1,0,0,1,GENERAL,0,0,0,0,0,1,03056,0,0
1,CABLE THHN #10 AZUL,METRO,1,0,0,1,0,0,1,GENERAL,0,0,0,0,0,1,0782,0,0
1,CABLE THHN #10 BLANCO,METRO,1,0,0,1,0,0,1,GENERAL,0,0,0,0,0,1,0781,0,0
1,CABLE THHN #10 NEGRO,METRO,1,0,0,1,0,0,1,GENERAL,0,0,0,0,0,1,0783,0,0
1,CABLE THHN #10 NEGRO,METRO,1,0,0,1,0,0,1,GENERAL,0,0,0,0,0,1,0784,0,0
1,CABLE THHN #10 ROJO,METRO,1,0,0,1,0,0,1,GENERAL,0,0,0,0,0,1,0780,0,0
1,CABLE THHN #4 NEGRO,METROS,1,0,0,1,0,0,1,GENERAL,0,0,0,0,0,1,0786,0,0
1,CABLE THHN #4 ROJO,METROS,1,0,0,1,0,0,1,GENERAL,0,0,0,0,0,1,0787,0,0
1,CABLE THHN #6 VERDE,UNIDAD,1,0,0,1,0,0,1,GENERAL,0,0,0,0,0,1,06119,0,0
1,CABLE THHN #8 ROJO,UNIDAD,1,0,0,1,0,0,1,GENERAL,0,0,0,0,0,1,04208,0,0
1,CABLE THHN #8 VERDE,METROS,1,0,0,1,0,0,1,GENERAL,0,0,0,0,0,1,0785,0,0
1,"CABLE TSJ 2""X14""",UNIDAD,1,0,0,1,0,0,1,GENERAL,0,0,0,0,0,1,03709,0,0
1,CABLE TSJ 2*12,METROS,1,0,0,1,0,0,1,GENERAL,0,0,0,0,0,1,03063,0,0
1,CABLE TSJ 3 X14,METRO,1,0,0,1,0,0,1,GENERAL,0,0,0,0,0,1,0449,0,0
1,CABLE TSJ 3*10,METRO,1,0,0,1,0,0,1,GENERAL,0,0,0,0,0,1,06387,0,0
1,CABLE TSJ 3*12,METROS,1,0,0,1,0,0,1,GENERAL,0,0,0,0,0,1,0737,0,0
1,CABLE TSJ 3*18,METROS,1,0,0,1,0,0,1,GENERAL,0,0,0,0,0,1,02039,0,0
1,CABLE USB,UNIDAD,1,0,0,1,0,0,1,GENERAL,0,0,0,0,0,1,05567,0,0
1,CABLE USB 2.0,UNIDAD,1,0,0,1,0,0,1,GENERAL,0,0,0,0,0,1,03088,0,0
1,CABLE USB PARA IMPRESORA DE 10M,UNIDAD,1,0,0,1,0,0,1,GENERAL,0,0,0,0,0,1,04635,0,0
1,CABLE UTP CAT 5E DE 4 PARES GRIS,MTS,1,0,0,1,0,0,1,GENERAL,0,0,0,0,0,1,0465,0,0
1,CABLE UTP CAT 6 HUBBEL,METROS,1,0,0,1,0,0,1,GENERAL,0,0,0,0,0,1,0790,0,0
1,CABLE UTP CAT 6 SIEMON/PANDUIT,MTS,1,0,0,1,0,0,1,GENERAL,0,0,0,0,0,1,06300,0,0
1,CABLE UTP CAT5E BLANCO,METROS,1,0,0,1,0,0,1,GENERAL,0,0,0,0,0,1,02034,0,0
1,CABLE UTP CAT6 BC-2U29,METROS,1,0,0,1,0,0,1,GENERAL,0,0,0,0,0,1,04078,0,0
1,CABLE UTP CAT6 COLOR AZUL,MTS,1,0,0,1,0,0,1,GENERAL,0,0,0,0,0,1,05232,0,0
1,CABLE UTP CAT6 COLOR VIOLETA,UNIDAD,1,0,0,1,0,0,1,GENERAL,0,0,0,0,0,1,05869,0,0
1,CABLE UTP CAT6E PARA EXTERIOR,UNIDAD,1,0,0,1,0,0,1,GENERAL,0,0,0,0,0,1,04154,0,0
1,CABLE UTP CATEGORIA 5 CON GEL P/INTERPER,UNIDAD,1,0,0,1,0,0,1,GENERAL,0,0,0,0,0,1,03048,0,0
1,CABLE UTP CATEGORIA 6 EXTERIORES GEL,UNIDAD,1,0,0,1,0,0,1,GENERAL,0,0,0,0,0,1,0909,0,0
1,CABLE UTP P/EXTERIOR CAT5E 04-001-58(100,UNIDAD,1,0,0,1,0,0,1,GENERAL,0,0,0,0,0,1,04169,0,0
1,CABLE V8,UNIDAD,1,0,0,1,0,0,1,GENERAL,0,0,0,0,0,1,05279,0,0
1,CABLE VGA A HDMI CON AUDIO USB,UNIDAD,1,0,0,1,0,0,1,GENERAL,0,0,0,0,0,1,04890,0,0
1,CABLE VGA DE 6 MTS GRIS,UNIDAD,1,0,0,1,0,0,1,GENERAL,0,0,0,0,0,1,03369,0,0
1,CABLE VGA M-M- DE 15 MTS,UNIDAD,1,0,0,1,0,0,1,GENERAL,0,0,0,0,0,1,01019,0,0
1,CABLES (CANDADO) PARA GPS,UNIDAD,1,0,0,1,0,0,1,GENERAL,0,0,0,0,0,1,2109,0,0
1,CABLOFIL 50XL GS SOPO.P/ESCAL. INST.CAJA,UNIDAD,1,0,0,1,0,0,1,GENERAL,0,0,0,0,0,1,04098,0,0
1,"CABLOFIL 54/150 ESCALERIA 3MTS.2X6""",UNIDAD,1,0,0,1,0,0,1,GENERAL,0,0,0,0,0,1,04089,0,0
1,"CABLOFIL 54/200 ESCALERIA 3MTS. 2/8""",UNIDAD,1,0,0,1,0,0,1,GENERAL,0,0,0,0,0,1,04090,0,0
1,CABLOFIL CORTADORA DE BANDEJAS,UNIDAD,1,0,0,1,0,0,1,GENERAL,0,0,0,0,0,1,04095,0,0
1,CABLOFIL UNION RAPIDA SIN TORNILLERIA,UNIDAD,1,0,0,1,0,0,1,GENERAL,0,0,0,0,0,1,04097,0,0
1,CADENA DE 3/8,UNIDAD,1,0,0,1,0,0,1,GENERAL,0,0,0,0,0,1,05025,0,0
1,CADENA PARA ESCALERA,UNIDAD,1,0,0,1,0,0,1,GENERAL,0,0,0,0,0,1,03396,0,0
1,CAFE EXPRESSO EN GRANO,UNIDAD,1,0,0,1,0,0,1,GENERAL,0,0,0,0,0,1,681,0,0
1,CAFETERA,UNIDAD,1,0,0,1,0,0,1,GENERAL,0,0,0,0,0,1,30,0,0
1,CAFETERA DIGITAL NEGRA,UNIDAD,1,0,0,1,0,0,1,GENERAL,0,0,0,0,0,1,679,0,0
1,CAFETERA DIGITAL NEGRA,UNIDAD,1,0,0,1,0,0,1,GENERAL,0,0,0,0,0,1,03630,0,0
1,CAFETERA HAMILTON BEACH,UNIDAD,1,0,0,1,0,0,1,GENERAL,0,0,0,0,0,1,45,0,0
1,CAJA  190*150*70   10 ENTRADAS,UNIDAD,1,0,0,1,0,0,1,GENERAL,0,0,0,0,0,1,01138,0,0
1,CAJA  PLEXO P/INTERPERIE 190*150*70MM,UNIDAD,1,0,0,1,0,0,1,GENERAL,0,0,0,0,0,1,03861,0,0
1,CAJA  PLEXO PARA INTERPERIE DE  1,UNIDAD,1,0,0,1,0,0,1,GENERAL,0,0,0,0,0,1,01084,0,0
1,CAJA  TIPO BH INS,UNIDAD,1,0,0,1,0,0,1,GENERAL,0,0,0,0,0,1,0773,0,0
1,"CAJA + TAPADERA METALICA 8""X8""",UNIDAD,1,0,0,1,0,0,1,GENERAL,0,0,0,0,0,1,03719,0,0
1,CAJA ACME P/SENSILLO DE METAL,UNIDAD,1,0,0,1,0,0,1,GENERAL,0,0,0,0,0,1,734,0,0
1,CAJA ACRILICA STI-1200,UNIDAD,1,0,0,1,0,0,1,GENERAL,0,0,0,0,0,1,03105,0,0
1,CAJA CHICA,UNIDAD,1,0,0,1,0,0,1,GENERAL,0,0,0,0,0,1,04788,0,0
1,CAJA CON CONOS 150 X 70 #221-B,UNIDAD,1,0,0,1,0,0,1,GENERAL,0,0,0,0,0,1,01186,0,0
1,CAJA CON ROSCA DE 1/2 4 ORIFICIOS,UNIDAD,1,0,0,1,0,0,1,GENERAL,0,0,0,0,0,1,04240,0,0
1,CAJA CON TAPADERA PLEXO DE 20X16 CENT?METROS,UNIDAD,1,0,0,1,0,0,1,GENERAL,0,0,0,0,0,1,05693,0,0
1,"CAJA CONDULET  L DE 1/2""",UNIDAD,1,0,0,1,0,0,1,GENERAL,0,0,0,0,0,1,04242,0,0
1,"CAJA CONDULET LB DE 2""",UNIDAD,1,0,0,1,0,0,1,GENERAL,0,0,0,0,0,1,04257,0,0
1,CAJA CUADRADA 4*4,UNIDAD,1,0,0,1,0,0,1,GENERAL,0,0,0,0,0,1,0612,0,0
1,CAJA CUADRADA DE METAL  5*5,UNIDAD,1,0,0,1,0,0,1,GENERAL,0,0,0,0,0,1,05814,0,0
1,"CAJA CUADRADA METALICA 4*4""",UNIDAD,1,0,0,1,0,0,1,GENERAL,0,0,0,0,0,1,0452,0,0
1,CAJA DE 1000 SOBRES DE AZUCAR,UNIDAD,1,0,0,1,0,0,1,GENERAL,0,0,0,0,0,1,04931,0,0
1,"CAJA DE 23"" PARA HERRAMIENTA TRUPER",UNIDAD,1,0,0,1,0,0,1,GENERAL,0,0,0,0,0,1,03059,0,0
1,CAJA DE ANTIDIARREICO,UNIDAD,1,0,0,1,0,0,1,GENERAL,0,0,0,0,0,1,04766,0,0
1,CAJA DE BOLSAS PARA BASURA,CAJA,1,0,0,1,0,0,1,GENERAL,0,0,0,0,0,1,509,0,0
1,CAJA DE CONCRETO PARA CONTADOR,UNIDAD,1,0,0,1,0,0,1,GENERAL,0,0,0,0,0,1,03246,0,0
1,"CAJA DE CONCRETO PARA CONTRALLAVE 10""*10",UNIDAD,1,0,0,1,0,0,1,GENERAL,0,0,0,0,0,1,02055,0,0
1,CAJA DE CONEXIONES PARA INTEMPERIE 220X170X120 JSL,UNIDAD,1,0,0,1,0,0,1,GENERAL,0,0,0,0,0,1,05694,0,0
1,CAJA DE DISTRIBUCION FIBRA OPTICA,UNIDAD,1,0,0,1,0,0,1,GENERAL,0,0,0,0,0,1,03320,0,0
1,CAJA DE HERRAMIENTAS AMPLIA 14 GRIS,UNIDAD,1,0,0,1,0,0,1,GENERAL,0,0,0,0,0,1,0978,0,0
1,CAJA DE HERRMIENTAS MEDIANA,UNIDAD,1,0,0,1,0,0,1,GENERAL,0,0,0,0,0,1,0689,0,0
1,CAJA DE REGISTRO 12*12*12,UNIDAD,1,0,0,1,0,0,1,GENERAL,0,0,0,0,0,1,04002,0,0
1,"CAJA DE REGISTRO 4"" * 6 * 6",UNIDAD,1,0,0,1,0,0,1,GENERAL,0,0,0,0,0,1,0769,0,0
1,CAJA DE REGISTRO 4*12*12,UNIDAD,1,0,0,1,0,0,1,GENERAL,0,0,0,0,0,1,0767,0,0
1,CAJA DE REGISTRO 4*8*12,UNIDAD,1,0,0,1,0,0,1,GENERAL,0,0,0,0,0,1,0618,0,0
1,CAJA DE REGISTRO 6*12*12,UNIDAD,1,0,0,1,0,0,1,GENERAL,0,0,0,0,0,1,0735,0,0
1,CAJA DE REGISTRO 8X8,UNIDAD,1,0,0,1,0,0,1,GENERAL,0,0,0,0,0,1,04675,0,0
1,CAJA DE REGISTRO METALITA 6¨ALTO 6¨FONDO 12*LARGO,UNIDAD,1,0,0,1,0,0,1,GENERAL,0,0,0,0,0,1,05447,0,0
1,CAJA DE SEGURIDAD PARA DVR AEREA SE0920,UNIDAD,1,0,0,1,0,0,1,GENERAL,0,0,0,0,0,1,03143,0,0
1,CAJA FILM PARA FAX SHARP UX-P200,UNIDAD,1,0,0,1,0,0,1,GENERAL,0,0,0,0,0,1,424,0,0
1,CAJA FUERTE MODELO MA,UNIDAD,1,0,0,1,0,0,1,GENERAL,0,0,0,0,0,1,04887,0,0
1,CAJA IP 65 DE 20*20 CMS,UNIDAD,1,0,0,1,0,0,1,GENERAL,0,0,0,0,0,1,03543,0,0
1,CAJA METAL CONTRA EXPLOSION RECTANGULAR,UNIDAD,1,0,0,1,0,0,1,GENERAL,0,0,0,0,0,1,04290,0,0
1,"CAJA METALICA 10"" * 10""",UNIDAD,1,0,0,1,0,0,1,GENERAL,0,0,0,0,0,1,04025,0,0
1,CAJA METALICA 4*2 CON TAPADERA,UNIDAD,1,0,0,1,0,0,1,GENERAL,0,0,0,0,0,1,03791,0,0
1,"CAJA METALICA 6"" * 6""",UNIDAD,1,0,0,1,0,0,1,GENERAL,0,0,0,0,0,1,04026,0,0
1,"CAJA MULTIPUERTO A 45GRD (HDMI,USB,RJ45,VGA) 2 TOM",UNIDAD,1,0,0,1,0,0,1,GENERAL,0,0,0,0,0,1,05414,0,0
1,CAJA NEMA DE 50*50,UNIDAD,1,0,0,1,0,0,1,GENERAL,0,0,0,0,0,1,05161,0,0
1,"CAJA OCTAGONAL 1/2"" X 3/4"" EMBUTIDA IMPOR",UNIDAD,1,0,0,1,0,0,1,GENERAL,0,0,0,0,0,1,CAG28,0,0
1,"CAJA OCTAGONAL 8""*8""",UNIDAD,1,0,0,1,0,0,1,GENERAL,0,0,0,0,0,1,03674,0,0
1,"CAJA OCTAGONAL METALICA 10*10""",UNIDAD,1,0,0,1,0,0,1,GENERAL,0,0,0,0,0,1,03675,0,0
1,CAJA P/HERRAMIENTAS METAL 17*7*7,UNIDAD,1,0,0,1,0,0,1,GENERAL,0,0,0,0,0,1,0534,0,0
1,CAJA P/PULSADOR 2MM 1 AGUJERO AMARILLA,UNIDAD,1,0,0,1,0,0,1,GENERAL,0,0,0,0,0,1,04956,0,0
1,CAJA P/SWITCH TIPO PALANCA,UNIDAD,1,0,0,1,0,0,1,GENERAL,0,0,0,0,0,1,03891,0,0
1,CAJA PARA HERRAMIENTA,UNIDAD,1,0,0,1,0,0,1,GENERAL,0,0,0,0,0,1,06647,0,0
1,CAJA PLASTCIA CROMPTON EBC25891,UNIDAD,1,0,0,1,0,0,1,GENERAL,0,0,0,0,0,1,03469,0,0
1,CAJA PLASTICA 4*4,UNIDAD,1,0,0,1,0,0,1,GENERAL,0,0,0,0,0,1,03136,0,0
1,CAJA PLASTICA AMARILLA,UNIDAD,1,0,0,1,0,0,1,GENERAL,0,0,0,0,0,1,01069,0,0
1,CAJA PLASTICA P/DADO DE LINEA RJ11,UNIDAD,1,0,0,1,0,0,1,GENERAL,0,0,0,0,0,1,03795,0,0
1,CAJA PLASTICA PARA LLAVES STI-6700,UNIDAD,1,0,0,1,0,0,1,GENERAL,0,0,0,0,0,1,03390,0,0
1,CAJA PLEXO 6*6,UNIDAD,1,0,0,1,0,0,1,GENERAL,0,0,0,0,0,1,05898,0,0
1,CAJA PLEXO INTERPERIE 5*5,UNIDAD,1,0,0,1,0,0,1,GENERAL,0,0,0,0,0,1,03393,0,0
1,CAJA PLEXO INTERPERIE DE 175,UNIDAD,1,0,0,1,0,0,1,GENERAL,0,0,0,0,0,1,03518,0,0
1,CAJA PLEXO P. INTERPERIE 80*80,UNIDAD,1,0,0,1,0,0,1,GENERAL,0,0,0,0,0,1,03510,0,0
1,CAJA PLEXO PARA INTERPERIE 4*4,UNIDAD,1,0,0,1,0,0,1,GENERAL,0,0,0,0,0,1,03601,0,0
1,CAJA PLEXO PARA INTERPERIE 4X6,UNIDAD,1,0,0,1,0,0,1,GENERAL,0,0,0,0,0,1,03513,0,0
1,CAJA RASWELL C/ROSCA DE 1/2 2 ORIFICIOS,UNIDAD,1,0,0,1,0,0,1,GENERAL,0,0,0,0,0,1,04241,0,0
1,CAJA RASWELL RECTANGULAR 3/4,UNIDAD,1,0,0,1,0,0,1,GENERAL,0,0,0,0,0,1,06128,0,0
1,"CAJA RECTANGULAR 1/2""X3/4"" EMBUTIDA IMP",UNIDAD,1,0,0,1,0,0,1,GENERAL,0,0,0,0,0,1,CAR23,0,0
1,CAJA RECTANGULAR PLASTICA 1/2  X3/4 TUBO,UNIDAD,1,0,0,1,0,0,1,GENERAL,0,0,0,0,0,1,02065,0,0
1,CAJA RECTANGULAR SOBREPONER S/TUERCA40MM,UNIDAD,1,0,0,1,0,0,1,GENERAL,0,0,0,0,0,1,04085,0,0
1,CAJA RECTANGULARA PARA CANALETA LEGRAN,UNIDAD,1,0,0,1,0,0,1,GENERAL,0,0,0,0,0,1,0619,0,0
1,CAJA SOCKET PARA CONTADOR 2.70 MT,UNIDAD,1,0,0,1,0,0,1,GENERAL,0,0,0,0,0,1,04530,0,0
1,CAJAS NEMA 30*20 PARA INTERPERIE,UNIDAD,1,0,0,1,0,0,1,GENERAL,0,0,0,0,0,1,04643,0,0
1,CAJAS PLASTICA MULTIBOX ROJO,UNIDAD,1,0,0,1,0,0,1,GENERAL,0,0,0,0,0,1,05089,0,0
1,CAJAS PLASTICAS COLOR AZUL,UNIDAD,1,0,0,1,0,0,1,GENERAL,0,0,0,0,0,1,425,0,0
1,CAJAS PLASTICAS COLOR CAFE,UNIDAD,1,0,0,1,0,0,1,GENERAL,0,0,0,0,0,1,426,0,0
1,CAJUELA (CAJA) PARA MOTO,UNIDAD,1,0,0,1,0,0,1,GENERAL,0,0,0,0,0,1,740,0,0
1,CAJUELA SHAD SH15 PEQUEÑA,UNIDAD,1,0,0,1,0,0,1,GENERAL,0,0,0,0,0,1,04471,0,0
1,CALCOMANIA GPS AUTOMOVIL,UNIDAD,1,0,0,1,0,0,1,GENERAL,0,0,0,0,0,1,05937,0,0
1,CALCOMANIA GPS MOTOCICLETA,UNIDAD,1,0,0,1,0,0,1,GENERAL,0,0,0,0,0,1,05938,0,0
1,CALCOMANIA P/TRANSPORTE LIVIANO GPS,UNIDAD,1,0,0,1,0,0,1,GENERAL,0,0,0,0,0,1,04416,0,0
1,CALCOMANIA PARA CLIENTES GPS,UNIDAD,1,0,0,1,0,0,1,GENERAL,0,0,0,0,0,1,03427,0,0
1,CALCOMANIAS  PARA CASCO,UNIDAD,1,0,0,1,0,0,1,GENERAL,0,0,0,0,0,1,106,0,0
1,CALCOMANIAS PARA PLACAS,UNIDAD,1,0,0,1,0,0,1,GENERAL,0,0,0,0,0,1,79,0,0
1,CALCULADORA FX-85ES,UNIDAD,1,0,0,1,0,0,1,GENERAL,0,0,0,0,0,1,754,0,0
1,CALCULADORA GRANDE 12 DIGITOS CANON,UNIDAD,1,0,0,1,0,0,1,GENERAL,0,0,0,0,0,1,434,0,0
1,CALIBRADOR PARA NEUMATICOS 10-150 PSI TR,UNIDAD,1,0,0,1,0,0,1,GENERAL,0,0,0,0,0,1,03934,0,0
1,"CAM 1/3"" COLOR 500 TVL 12/24 0.6 LUX MIC",UNIDAD,1,0,0,1,0,0,1,GENERAL,0,0,0,0,0,1,0648,0,0
1,"CAM. BULLET 420TVL, 3.6M, 24 IRLED, IP66",UNIDAD,1,0,0,1,0,0,1,GENERAL,0,0,0,0,0,1,03069,0,0
1,CAM. DOMO COLOR IR 21LED/15M 500TVL 3.6M,UNIDAD,1,0,0,1,0,0,1,GENERAL,0,0,0,0,0,1,0644,0,0
1,"CAM. DOMO, 1/3 CCD, 520TVL 0.3LUX /F2.0",UNIDAD,1,0,0,1,0,0,1,GENERAL,0,0,0,0,0,1,03132,0,0
1,CAMAARA T/BALA 700TVL HRB700V 2.8-12MM,UNIDAD,1,0,0,1,0,0,1,GENERAL,0,0,0,0,0,1,04139,0,0
1,CAMAR BALA HIKVISIO IP 5 MP MOD. [DS-2CD1653G0-IZ],UNIDAD,1,0,0,1,0,0,1,GENERAL,0,0,0,0,0,1,05358,0,0
1,CAMARA  BALA ANALOGA 750*960TVL VARIFOCAL KT&C,UNIDAD,1,0,0,1,0,0,1,GENERAL,0,0,0,0,0,1,04684,0,0
1,CAMARA + TIMBRE WIFI ADC-VDB105,UNIDAD,1,0,0,1,0,0,1,GENERAL,0,0,0,0,0,1,05304,0,0
1,CAMARA 1/3 500TVL 12/24 0.6 LUX MIC,UNIDAD,1,0,0,1,0,0,1,GENERAL,0,0,0,0,0,1,0643,0,0
1,"CAMARA 1/3 SONY SUPER HAD 550TVL, 24LED",UNIDAD,1,0,0,1,0,0,1,GENERAL,0,0,0,0,0,1,0718,0,0
1,"CAMARA 1/3""  SONY 600TVL MOBILE RIGHT XT",UNIDAD,1,0,0,1,0,0,1,GENERAL,0,0,0,0,0,1,03868,0,0
1,"CAMARA 1/3"" C IR (21 LED,15MTS) 500 TVL",UNIDAD,1,0,0,1,0,0,1,GENERAL,0,0,0,0,0,1,CAMARA/133C,0,0
1,"CAMARA 1/3"" CCD C IR 35 LED, 25MTS 520TV",UNIDAD,1,0,0,1,0,0,1,GENERAL,0,0,0,0,0,1,CAMARA 139C,0,0
1,"CAMARA 1/3"" SONY 600TVL MOBILE CENTER XT",UNIDAD,1,0,0,1,0,0,1,GENERAL,0,0,0,0,0,1,03869,0,0
1,"CAMARA 1/3"" SONY 600TVL MOBILE LEFT XTS",UNIDAD,1,0,0,1,0,0,1,GENERAL,0,0,0,0,0,1,03867,0,0
1,CAMARA 1080P VARIFOCAL DAHUA,UNIDAD,1,0,0,1,0,0,1,GENERAL,0,0,0,0,0,1,05641,0,0
1,"CAMARA 207 NETWORK INDOOR AXIS, FIXED LE",UNIDAD,1,0,0,1,0,0,1,GENERAL,0,0,0,0,0,1,03968,0,0
1,CAMARA 600TVL GCD600ND-VVIR,UNIDAD,1,0,0,1,0,0,1,GENERAL,0,0,0,0,0,1,03096,0,0
1,"CAMARA 690TVL MICROCAM,WDR,3.7M 690MC3.7",UNIDAD,1,0,0,1,0,0,1,GENERAL,0,0,0,0,0,1,04051,0,0
1,CAMARA 960H ANALOGA 27XZOOM,UNIDAD,1,0,0,1,0,0,1,GENERAL,0,0,0,0,0,1,04981,0,0
1,CAMARA A QT185 MODELO AT085C/IR,UNIDAD,1,0,0,1,0,0,1,GENERAL,0,0,0,0,0,1,0995,0,0
1,CAMARA ADC ALARM RE INTERIOR/EXTERIOR,UNIDAD,1,0,0,1,0,0,1,GENERAL,0,0,0,0,0,1,05153,0,0
1,CAMARA ADC-620PT (DEMO),UNIDAD,1,0,0,1,0,0,1,GENERAL,0,0,0,0,0,1,3023,0,0
1,CAMARA ADC-825 (DEMO),UNIDAD,1,0,0,1,0,0,1,GENERAL,0,0,0,0,0,1,05197,0,0
1,CAMARA ADC-V522-IR,UNIDAD,1,0,0,1,0,0,1,GENERAL,0,0,0,0,0,1,04990,0,0
1,CAMARA ADC-V721W (DEMO),UNIDAD,1,0,0,1,0,0,1,GENERAL,0,0,0,0,0,1,3021,0,0
1,CAMARA ADC-VC725 (DEMO),UNIDAD,1,0,0,1,0,0,1,GENERAL,0,0,0,0,0,1,05196,0,0
1,CAMARA ADC-VC736,UNIDAD,1,0,0,1,0,0,1,GENERAL,0,0,0,0,0,1,05598,0,0
1,CAMARA ADC-VC826,UNIDAD,1,0,0,1,0,0,1,GENERAL,0,0,0,0,0,1,05597,0,0
1,CAMARA ADC-VC836,UNIDAD,1,0,0,1,0,0,1,GENERAL,0,0,0,0,0,1,05600,0,0
1,CAMARA ADICIONAL EXTERIOR,SERV,3,0,0,1,1,0,99,GENERAL,0,1,0,0,0,1,ADD002,0,0
1,CAMARA ADICIONAL EXTERIOR (BUSINESS),SERV,3,0,0,1,1,0,99,GENERAL,0,0,0,0,0,1,ADD006,0,0
1,CAMARA ADICIONAL EXTERIOR (COLABORADOR),SERV,3,0,0,1,1,0,99,GENERAL,0,0,0,0,0,1,ADD004,0,0
1,CAMARA ADICIONAL INTERIOR,SERV,3,0,0,1,1,0,99,GENERAL,0,0,0,0,0,1,ADD001,0,0
1,CAMARA ADICIONAL INTERIOR (BUSINESS),SERV,3,0,0,1,1,0,99,GENERAL,0,0,0,0,0,1,ADD005,0,0
1,CAMARA ADICIONAL INTERIOR (COLABORADOR),SERV,3,0,0,1,1,0,99,GENERAL,0,0,0,0,0,1,ADD003,0,0
1,CAMARA AHD ECO SERIES BULLETS 35IRS VARIFOCAL,UNIDAD,1,0,0,1,0,0,1,GENERAL,0,0,0,0,0,1,05002,0,0
1,CAMARA AHD ECO SERIES DOME 35IRS VARIFOCAL,UNIDAD,1,0,0,1,0,0,1,GENERAL,0,0,0,0,0,1,05003,0,0
1,CAMARA BALA 1080 DS-2CD-19DOT-VFIT3F,UNIDAD,1,0,0,1,0,0,1,GENERAL,0,0,0,0,0,1,06348,0,0
1,CAMARA BALA 1080P BXTURBOXW,UNIDAD,1,0,0,1,0,0,1,GENERAL,0,0,0,0,0,1,05048,0,0
1,CAMARA BALA 1080P DS-2CE16D1T-VFIR3,UNIDAD,1,0,0,1,0,0,1,GENERAL,0,0,0,0,0,1,06122,0,0
1,CAMARA BALA CON INFRARROJO HB75H,UNIDAD,1,0,0,1,0,0,1,GENERAL,0,0,0,0,0,1,06152,0,0
1,CAMARA BALA DS-2CD1623G0-12 2MP RMA,UNIDAD,1,0,0,1,0,0,1,GENERAL,0,0,0,0,0,1,06450,0,0
1,CAMARA BALA DS-2CE10KFOT 5 MP LENTE FIJO,UNIDAD,1,0,0,1,0,0,1,GENERAL,0,0,0,0,0,1,01008,0,0
1,CAMARA BALA HD-TVI 1080P IDIS TC-E1212WR,UNIDAD,1,0,0,1,0,0,1,GENERAL,0,0,0,0,0,1,04694,0,0
1,CAMARA BALA IP 3MP  XB3MDWX,UNIDAD,1,0,0,1,0,0,1,GENERAL,0,0,0,0,0,1,04751,0,0
1,CAMARA BALA IP 4MP WIB44Z,UNIDAD,1,0,0,1,0,0,1,GENERAL,0,0,0,0,0,1,04752,0,0
1,"CÁMARA BALA IP COLOR VU, RESOLUCION 4 MPX, VARIFO",UNIDAD,1,0,0,1,0,0,1,GENERAL,0,0,0,0,0,1,637,0,0
1,CAMARA BALA IP DS-2CD2666G2-IZS,UNIDAD,1,0,0,1,0,0,1,GENERAL,0,0,0,0,0,1,06317,0,0
1,CAMARA BALA IP DS-2CD7A46G0/P-IZHSY,UNIDAD,1,0,0,1,0,0,1,GENERAL,0,0,0,0,0,1,06318,0,0
1,CAMARA BALA IP TIPO BALA  4MPX HIKVISION,UNIDAD,1,0,0,1,0,0,1,GENERAL,0,0,0,0,0,1,05458,0,0
1,CAMARA BALA IR 1080P 40 MT,UNIDAD,1,0,0,1,0,0,1,GENERAL,0,0,0,0,0,1,06185,0,0
1,CAMARA BALA IR 720P HFW1100RN-VF,UNIDAD,1,0,0,1,0,0,1,GENERAL,0,0,0,0,0,1,05312,0,0
1,CAMARA BALA IR DE 2.1MP 1080P  LENTE  VARIFOCAL,UNIDAD,1,0,0,1,0,0,1,GENERAL,0,0,0,0,0,1,05662,0,0
1,CAMARA BALA IR HD-CV1 720P HAC-HFW1100S,UNIDAD,1,0,0,1,0,0,1,GENERAL,0,0,0,0,0,1,04345,0,0
1,CAMARA BALA IR HD-CVI 1080P DAHUA,UNIDAD,1,0,0,1,0,0,1,GENERAL,0,0,0,0,0,1,04519,0,0
1,"CAMARA BALA IR PYXIS 960H-R, 30M, 2.8-12",UNIDAD,1,0,0,1,0,0,1,GENERAL,0,0,0,0,0,1,03944,0,0
1,CAMARA BALA LEGEND TURBO  HD 720P RE,UNIDAD,1,0,0,1,0,0,1,GENERAL,0,0,0,0,0,1,04913,0,0
1,CAMARA BALA LEGEND TURBO HD 720P,UNIDAD,1,0,0,1,0,0,1,GENERAL,0,0,0,0,0,1,04533,0,0
1,CAMARA BALA LENTE FIJO 1080P IR 20M,UNIDAD,1,0,0,1,0,0,1,GENERAL,0,0,0,0,0,1,06183,0,0
1,CAMARA BALA LENTE FIJO DE 24 LEDS 1080,UNIDAD,1,0,0,1,0,0,1,GENERAL,0,0,0,0,0,1,04630,0,0
1,CAMARA BALA LENTEFIJA  HIKVISION DS-2CD1027G2H-LIU,UNIDAD,1,0,0,1,0,0,1,GENERAL,0,0,0,0,0,1,0229,0,0
1,CAMARA BALA PYXIS 720P BV280IR E6,UNIDAD,1,0,0,1,0,0,1,GENERAL,0,0,0,0,0,1,04509,0,0
1,CAMARA BALA PYXIS C-261/D-WDR 960-H,UNIDAD,1,0,0,1,0,0,1,GENERAL,0,0,0,0,0,1,04218,0,0
1,CAMARA BALA VAR AMER/DYNAMICS ADCA75BWO4RN,UNIDAD,1,0,0,1,0,0,1,GENERAL,0,0,0,0,0,1,06012,0,0
1,CAMARA BALA VARIFOCAL 42 LEDS 1080,UNIDAD,1,0,0,1,0,0,1,GENERAL,0,0,0,0,0,1,04627,0,0
1,CAMARA BALA VARIFOCAL 720P TURBO,UNIDAD,1,0,0,1,0,0,1,GENERAL,0,0,0,0,0,1,04712,0,0
1,CAMARA BALLA ES100HIK96 1080P 3.6-80M IP IP66,UNIDAD,1,0,0,1,0,0,1,GENERAL,0,0,0,0,0,1,05093,0,0
1,CAMARA BULET DS-2CD2085G1-I,UNIDAD,1,0,0,1,0,0,1,GENERAL,0,0,0,0,0,1,05717,0,0
1,CAMARA BULLET  42IR 1/3 SONY 480TVL SUPE,UNIDAD,1,0,0,1,0,0,1,GENERAL,0,0,0,0,0,1,0632,0,0
1,CAMARA BULLET 1/3 SH 420TVL 6.0MM 36IRL,UNIDAD,1,0,0,1,0,0,1,GENERAL,0,0,0,0,0,1,03133,0,0
1,CAMARA BULLET 20M 3.6MM PROVISION,UNIDAD,1,0,0,1,0,0,1,GENERAL,0,0,0,0,0,1,04986,0,0
1,CAMARA BULLET 2MP 2.8-12MM,UNIDAD,1,0,0,1,0,0,1,GENERAL,0,0,0,0,0,1,05487,0,0
1,CAMARA BULLET 42 IR 1/3 480 TVL VSIONIS,UNIDAD,1,0,0,1,0,0,1,GENERAL,0,0,0,0,0,1,0822,0,0
1,CAMARA BULLET ECL-597E,UNIDAD,1,0,0,1,0,0,1,GENERAL,0,0,0,0,0,1,03173,0,0
1,CAMARA BULLET GCU601N-IR,UNIDAD,1,0,0,1,0,0,1,GENERAL,0,0,0,0,0,1,03192,0,0
1,CAMARA BULLET GCU700NIR,UNIDAD,1,0,0,1,0,0,1,GENERAL,0,0,0,0,0,1,03774,0,0
1,CAMARA BULLET GIV03-VIR,UNIDAD,1,0,0,1,0,0,1,GENERAL,0,0,0,0,0,1,03471,0,0
1,CAMARA BULLET PE-IXE10DN12-EAD,UNIDAD,1,0,0,1,0,0,1,GENERAL,0,0,0,0,0,1,03445,0,0
1,CAMARA BULLET TVB-4101 TRUVISION,UNIDAD,1,0,0,1,0,0,1,GENERAL,0,0,0,0,0,1,03847,0,0
1,CAMARA BULLET TVC-BIR6-MR,UNIDAD,1,0,0,1,0,0,1,GENERAL,0,0,0,0,0,1,01021,0,0
1,CAMARA BULLET VARIFOCAL 35M PROVISION,UNIDAD,1,0,0,1,0,0,1,GENERAL,0,0,0,0,0,1,04987,0,0
1,CAMARA CCD EVER FOCUS  EQ350,UNIDAD,1,0,0,1,0,0,1,GENERAL,0,0,0,0,0,1,0420,0,0
1,CAMARA COLOR LOOPING QUAD,UNIADD,1,0,0,1,0,0,1,GENERAL,0,0,0,0,0,1,0621,0,0
1,CAMARA DIGITAL AXIS P3245-LVE,UNIDAD,1,0,0,1,0,0,1,GENERAL,0,0,0,0,0,1,05499,0,0
1,CAMARA DIGITAL FINFIX Z33B,UNIDAD,1,0,0,1,0,0,1,GENERAL,0,0,0,0,0,1,9,0,0
1,CAMARA DIGITAL KODAK C1505,UNIDAD,1,0,0,1,0,0,1,GENERAL,0,0,0,0,0,1,556,0,0
1,CAMARA DINION HD 1080P BOSCH,UNIDAD,1,0,0,1,0,0,1,GENERAL,0,0,0,0,0,1,04596,0,0
1,"CAMARA DOME GCD420N-P 420TVL, COLOR, L.6",UNIDAD,1,0,0,1,0,0,1,GENERAL,0,0,0,0,0,1,03776,0,0
1,"CAMARA DOME GCD700NIR, 700TVL, IR, ICR",UNIDAD,1,0,0,1,0,0,1,GENERAL,0,0,0,0,0,1,03775,0,0
1,CAMARA DOMMY TIPO DOMO VD-20-MM,UNIDAD,1,0,0,1,0,0,1,GENERAL,0,0,0,0,0,1,0642,0,0
1,CAMARA DOMO  PE-IM10DN10-1V,UNIDAD,1,0,0,1,0,0,1,GENERAL,0,0,0,0,0,1,03444,0,0
1,CAMARA DOMO 1080  DS-2CE56D0T-IRMMF,UNIDAD,1,0,0,1,0,0,1,GENERAL,0,0,0,0,0,1,05049,0,0
1,CAMARA DOMO 1200 TVL 3.6MM 12 VDC LD1200,UNIDAD,1,0,0,1,0,0,1,GENERAL,0,0,0,0,0,1,04273,0,0
1,CAMARA DOMO 2M NETWORK IR SND-L6083R,UNIDAD,1,0,0,1,0,0,1,GENERAL,0,0,0,0,0,1,06112,0,0
1,"CAMARA DOMO 4-9MM, 520TVL 0.15LUX",UNIDAD,1,0,0,1,0,0,1,GENERAL,0,0,0,0,0,1,03135,0,0
1,CAMARA DOMO 540TVL 1/4 SONY PELCO AC24V,KIT,1,0,0,1,0,0,1,GENERAL,0,0,0,0,0,1,0885,0,0
1,CAMARA DOMO 580TVL   GSD22NVO,UNIDAD,1,0,0,1,0,0,1,GENERAL,0,0,0,0,0,1,03357,0,0
1,CAMARA DOMO 720 PYXIS VARIFOCAL IR,UNIDAD,1,0,0,1,0,0,1,GENERAL,0,0,0,0,0,1,04516,0,0
1,CAMARA DOMO BF360IR-E/8,UNIDAD,1,0,0,1,0,0,1,GENERAL,0,0,0,0,0,1,04217,0,0
1,CAMARA DOMO CON IR LENTE 4-9MM 420TVL,UNIDAD,1,0,0,1,0,0,1,GENERAL,0,0,0,0,0,1,01162,0,0
1,CAMARA DOMO DS-2CD2165G0-IS,UNIDAD,1,0,0,1,0,0,1,GENERAL,0,0,0,0,0,1,05716,0,0
1,CAMARA DOMO DS-2CD2743G1-IZS,UNIDAD,1,0,0,1,0,0,1,GENERAL,0,0,0,0,0,1,05743,0,0
1,CAMARA DOMO DS-2CE56COT-IRMF-2.8MM IR 20MIP66,UNIDAD,1,0,0,1,0,0,1,GENERAL,0,0,0,0,0,1,01011,0,0
1,CAMARA DOMO ED230/N-4B,UNIDAD,1,0,0,1,0,0,1,GENERAL,0,0,0,0,0,1,0815,0,0
1,CAMARA DOMO EPTZ 3000,UNIDAD,1,0,0,1,0,0,1,GENERAL,0,0,0,0,0,1,0814,0,0
1,CAMARA DOMO GCD420N-P,UNIDAD,1,0,0,1,0,0,1,GENERAL,0,0,0,0,0,1,03146,0,0
1,CAMARA DOMO GCD600ND-VVIR 1/3 SONY SUPER,UNIDAD,1,0,0,1,0,0,1,GENERAL,0,0,0,0,0,1,03000,0,0
1,CAMARA DOMO GCD600N-PVIR,UNIDAD,1,0,0,1,0,0,1,GENERAL,0,0,0,0,0,1,03101,0,0
1,CAMARA DOMO GCD601N-IR,UNIDAD,1,0,0,1,0,0,1,GENERAL,0,0,0,0,0,1,03138,0,0
1,CAMARA DOMO GE-TVD-TIR6-HR,UNIDAD,1,0,0,1,0,0,1,GENERAL,0,0,0,0,0,1,01024,0,0
1,CAMARA DOMO HD41XD2 TND 1080P HD273,UNIDAD,1,0,0,1,0,0,1,GENERAL,0,0,0,0,0,1,06151,0,0
1,CAMARA DOMO IES02D10CWIYB LENTE FIJO,UNIDAD,1,0,0,1,0,0,1,GENERAL,0,0,0,0,0,1,06032,0,0
1,CAMARA DOMO INFRARROJO,UNIDAD,1,0,0,1,0,0,1,GENERAL,0,0,0,0,0,1,05701,0,0
1,CAMARA DOMO INVITECH INTER IP4 MP PAR-P4TXIR28-AI,UNIDAD,1,0,0,1,0,0,1,GENERAL,0,0,0,0,0,1,06307,0,0
1,CAMARA DOMO IP DE 2 MP VARIFOCAL 2.7-12MM ILLUSTRA,UNIDAD,1,0,0,1,0,0,1,GENERAL,0,0,0,0,0,1,05027,0,0
1,CAMARA DOMO IP DS-2CD2146G2-ISU,UNIDAD,1,0,0,1,0,0,1,GENERAL,0,0,0,0,0,1,06314,0,0
1,CAMARA DOMO IP VARIFOCAL ILLUSTRA IES02D10WIYB,UNIDAD,1,0,0,1,0,0,1,GENERAL,0,0,0,0,0,1,06009,0,0
1,CAMARA DOMO IR HD-CVI 1080P,UNIDAD,1,0,0,1,0,0,1,GENERAL,0,0,0,0,0,1,04518,0,0
1,CAMARA DOMO IR HD-CVI 1080P DAHUA HAC-T1A21,UNIDAD,1,0,0,1,0,0,1,GENERAL,0,0,0,0,0,1,05298,0,0
1,CAMARA DOMO IR HD-CVI 1080P HDW1200RN-VF,UNIDAD,1,0,0,1,0,0,1,GENERAL,0,0,0,0,0,1,04344,0,0
1,CAMARA DOMO IR HD-CVI720P  HAC-HDW1100M,UNIDAD,1,0,0,1,0,0,1,GENERAL,0,0,0,0,0,1,04335,0,0
1,CAMARA DOMO IR PYXIS C-512/D-WDR 960H-R,UNIDAD,1,0,0,1,0,0,1,GENERAL,0,0,0,0,0,1,04239,0,0
1,CAMARA DOMO LENTE FIJO 3.6 1080P IP66,UNIDAD,1,0,0,1,0,0,1,GENERAL,0,0,0,0,0,1,05022,0,0
1,CAMARA DOMO MODELO HC30W42R3,UNIDAD,1,0,0,1,0,0,1,GENERAL,0,0,0,0,0,1,05520,0,0
1,CAMARA DOMO SUPPLY/540TVL 1/4 SONY CCD/R,KIT,1,0,0,1,0,0,1,GENERAL,0,0,0,0,0,1,0887,0,0
1,CAMARA DOMO -TVD-TIR6-MR,UNIDAD,1,0,0,1,0,0,1,GENERAL,0,0,0,0,0,1,01026,0,0
1,CAMARA DOMO TVT-4103 700TVL,UNIDAD,1,0,0,1,0,0,1,GENERAL,0,0,0,0,0,1,04010,0,0
1,CAMARA DOMO VAR AMER/DYNAMICS ADCA75DWOT4RN,UNIDAD,1,0,0,1,0,0,1,GENERAL,0,0,0,0,0,1,06011,0,0
1,CAMARA DOMO XMRDOME LENTE 2.8,UNIDAD,1,0,0,1,0,0,1,GENERAL,0,0,0,0,0,1,04911,0,0
1,CAMARA EVER FOCUS INFRARROJA  ED381/N ,UNIDAD,1,0,0,1,0,0,1,GENERAL,0,0,0,0,0,1,0415,0,0
1,CAMARA EVERFOCUS EZ350/N-1,UNIDAD,1,0,0,1,0,0,1,GENERAL,0,0,0,0,0,1,0816,0,0
1,CAMARA EXTERIOR 1080 ADC-V723,UNIDAD,1,0,0,1,0,0,1,GENERAL,0,0,0,0,0,1,05718,0,0
1,CAMARA FICHEYE 360° ILLUSTRA ADCI825-F312,UNIDAD,1,0,0,1,0,0,1,GENERAL,0,0,0,0,0,1,06010,0,0
1,CAMARA FOTOGRAFICA DMC-FHA 14MP,UNIDAD,1,0,0,1,0,0,1,GENERAL,0,0,0,0,0,1,630,0,0
1,CAMARA FOTOGRAFICA SONY DSC-W800,UNIDAD,1,0,0,1,0,0,1,GENERAL,0,0,0,0,0,1,889,0,0
1,CAMARA G4S  540TVL GCU545N-VIRW,UNIDAD,1,0,0,1,0,0,1,GENERAL,0,0,0,0,0,1,03053,0,0
1,CAMARA G4S 540TVL  GCD545N-PF,UNIDAD,1,0,0,1,0,0,1,GENERAL,0,0,0,0,0,1,03055,0,0
1,"CAMARA GCB705NI 700TVL BOX,ICR,12/24 NTS",UNIDAD,1,0,0,1,0,0,1,GENERAL,0,0,0,0,0,1,03684,0,0
1,CAMARA GCD600ND-VV DOME VANDAL 600TVL D/,UNIDAD,1,0,0,1,0,0,1,GENERAL,0,0,0,0,0,1,03686,0,0
1,CAMARA GCD600NIR,UNIDAD,1,0,0,1,0,0,1,GENERAL,0,0,0,0,0,1,03604,0,0
1,CAMARA GCD600N-VS MINI-DOME VANDAL SURFA,UNIDAD,1,0,0,1,0,0,1,GENERAL,0,0,0,0,0,1,03685,0,0
1,"CAMARA GCD700ND-VVIRW DOME,700TVL,D/N VA",UNIDAD,1,0,0,1,0,0,1,GENERAL,0,0,0,0,0,1,03688,0,0
1,CAMARA GCD700N-VVIRO EXTERIOR DOME 700TV,UNIDAD,1,0,0,1,0,0,1,GENERAL,0,0,0,0,0,1,03687,0,0
1,"CAMARA GCD705N-PV,INDOOR 700TVL,12/24V N",UNIDAD,1,0,0,1,0,0,1,GENERAL,0,0,0,0,0,1,03690,0,0
1,"CAMARA GCT700NVIR,700TVL,TURRET,IR,VF NT",UNIDAD,1,0,0,1,0,0,1,GENERAL,0,0,0,0,0,1,03689,0,0
1,CAMARA GCU600NIR,UNIDAD,1,0,0,1,0,0,1,GENERAL,0,0,0,0,0,1,03603,0,0
1,"CAMARA GCU601NB-VIR,AIO,IR,MOBILE NTSC 6",UNIDAD,1,0,0,1,0,0,1,GENERAL,0,0,0,0,0,1,03691,0,0
1,"CAMARA GCU691NB-VIRW,AIO,IR, WDR, MOBILE",UNIDAD,1,0,0,1,0,0,1,GENERAL,0,0,0,0,0,1,03692,0,0
1,CAMARA GE -UVC-XP3-HR,UNIDAD,1,0,0,1,0,0,1,GENERAL,0,0,0,0,0,1,01020,0,0
1,"CAMARA GUD700N-IR ALL-IN-ONE, 1/3"" 700TV",UNIDAD,1,0,0,1,0,0,1,GENERAL,0,0,0,0,0,1,04129,0,0
1,CAMARA HIKVISION BALA 720P 2CE16COT-IRPF,UNIDAD,1,0,0,1,0,0,1,GENERAL,0,0,0,0,0,1,06070,0,0
1,CAMARA HIKVISION TURBO BALA 1080P 2CE16D7T-AIT3Z,UNIDAD,1,0,0,1,0,0,1,GENERAL,0,0,0,0,0,1,05095,0,0
1,CAMARA HIKVISION TURBO BALA 720P LENTE FIJO 2CE16C,UNIDAD,1,0,0,1,0,0,1,GENERAL,0,0,0,0,0,1,05122,0,0
1,CAMARA HIKVISION TURBO BALA 720P LENTE VARIFOCAL 2,UNIDAD,1,0,0,1,0,0,1,GENERAL,0,0,0,0,0,1,05123,0,0
1,CAMARA INALAMBRICA IP P/EXTERIOR,UNIDAD,1,0,0,1,0,0,1,GENERAL,0,0,0,0,0,1,04460,0,0
1,CAMARA INALAMBRICA IP P/INTERIOR,UNIDAD,1,0,0,1,0,0,1,GENERAL,0,0,0,0,0,1,04459,0,0
1,CAMARA INVIDTECH EXTERIOR /PANORAMICA 6MP/ P6PANNH,UNIDAD,1,0,0,1,0,0,1,GENERAL,0,0,0,0,0,1,06690,0,0
1,CAMARA INVIDTECH PTZ IP/2MPX INT/EXT P2PTZXIR25-AI,UNIDAD,1,0,0,1,0,0,1,GENERAL,0,0,0,0,0,1,06691,0,0
1,CAMARA INVITECH BALA EXTER  IP/4 MP PAR-P4BIR28-AI,UNIDAD,1,0,0,1,0,0,1,GENERAL,0,0,0,0,0,1,06308,0,0
1,CAMARA IP AXIS Q6075-E-PTZ,UNIDAD,1,0,0,1,0,0,1,GENERAL,0,0,0,0,0,1,05500,0,0
1,CAMARA IP DOMO ES201HIK37 HIK/IR 2MP/VF 2.8-12MM/I,UNIDAD,1,0,0,1,0,0,1,GENERAL,0,0,0,0,0,1,05062,0,0
1,CAMARA IP DS-2CD1023G0E-I BALA 2MX LENTE FIJO,UNIDAD,1,0,0,1,0,0,1,GENERAL,0,0,0,0,0,1,05527,0,0
1,CAMARA IP DS-2CD1123G0E-I DOMO 2MX LENTE FIJO,UNIDAD,1,0,0,1,0,0,1,GENERAL,0,0,0,0,0,1,05528,0,0
1,CAMARA IP DS-2CD1753 G0-IZ VARIFOCAL 5MPX,UNDAD,1,0,0,1,0,0,1,GENERAL,0,0,0,0,0,1,05526,0,0
1,CAMARA IP GNQ20L QUBE MINI,UNIDAD,1,0,0,1,0,0,1,GENERAL,0,0,0,0,0,1,03698,0,0
1,CAMARA IP OJO DE PEZ RESO 4MPX HIKVISION VISTA 360,UNIDAD,1,0,0,1,0,0,1,GENERAL,0,0,0,0,0,1,05457,0,0
1,CAMARA IP PARA EXTERIOR DE 1.3MPX TIPODOMO TRUVISI,UNIDAD,1,0,0,1,0,0,1,GENERAL,0,0,0,0,0,1,05082,0,0
1,CAMARA IP QH-NM311-WP WHITE HIGH DEFINI,UNIDAD,1,0,0,1,0,0,1,GENERAL,0,0,0,0,0,1,03938,0,0
1,CAMARA IP TIPO DOMO 2CD1143GO-1,UNIDAD,1,0,0,1,0,0,1,GENERAL,0,0,0,0,0,1,04383,0,0
1,CAMARA IP TIPO DOMO LND-6010R HANWHA,UNIDAD,1,0,0,1,0,0,1,GENERAL,0,0,0,0,0,1,05914,0,0
1,CAMARA IP TIPO MINI BALA 3MP DS2CD20321,UNIDAD,1,0,0,1,0,0,1,GENERAL,0,0,0,0,0,1,04382,0,0
1,CAMARA IP VIDEO ADC-V521IR (DEMO),UNIDAD,1,0,0,1,0,0,1,GENERAL,0,0,0,0,0,1,05207,0,0
1,CAMARA IP VIDEO ADC-V620PT (DEMO),UNIDAD,1,0,0,1,0,0,1,GENERAL,0,0,0,0,0,1,05206,0,0
1,"CAMARA IP, IPCAM-W12",UNIDAD,1,0,0,1,0,0,1,GENERAL,0,0,0,0,0,1,03739,0,0
1,CAMARA IPCAM-WO EXTERIOR,UNIDAD,1,0,0,1,0,0,1,GENERAL,0,0,0,0,0,1,03740,0,0
1,CAMARA IR BULLET EZ760 WD 2.8-12MM IP67,UNIDAD,1,0,0,1,0,0,1,GENERAL,0,0,0,0,0,1,04053,0,0
1,CAMARA MEGAPIXEL LENS 2.8-12MM GCA2812M2,UNIDAD,1,0,0,1,0,0,1,GENERAL,0,0,0,0,0,1,03713,0,0
1,CAMARA MINI DOMO V XTS 700TVL 700MDVPIR,UNIDAD,1,0,0,1,0,0,1,GENERAL,0,0,0,0,0,1,03964,0,0
1,CAMARA MINI PTZ 12X ZOOM 700TVL LX360,UNIDAD,1,0,0,1,0,0,1,GENERAL,0,0,0,0,0,1,04207,0,0
1,CAMARA MINIDOMO VARIFOCAL 1080 HIKVISION,UNIDAD,1,0,0,1,0,0,1,GENERAL,0,0,0,0,0,1,05889,0,0
1,CAMARA MOVIL PARA EXTERIOR,UNIDAD,1,0,0,1,0,0,1,GENERAL,0,0,0,0,0,1,04774,0,0
1,CAMARA NIKON A100 BLACK 20 MP ZOOM 5X,UNIDAD,1,0,0,1,0,0,1,GENERAL,0,0,0,0,0,1,04920,0,0
1,CAMARA PARA INTERIOR ADC-V521-IR,UNIDAD,1,0,0,1,0,0,1,GENERAL,0,0,0,0,0,1,04586,0,0
1,CAMARA PARA INTERIOR ADC-V521-IR,UNIDAD,1,0,0,1,0,0,1,GENERAL,0,0,0,0,0,1,2114,0,0
1,"CAMARA PIN HOLE PIXIM 690TVL, 3.7MM",UNIDAD,1,0,0,1,0,0,1,GENERAL,0,0,0,0,0,1,04104,0,0
1,"CAMARA PINHOLE 3.7MM 720TVL 1/3""960H WDR",UNIDAD,1,0,0,1,0,0,1,GENERAL,0,0,0,0,0,1,04187,0,0
1,"CAMARA PINHOLE 700TVL, 3.6MM, 12V",UNIDAD,1,0,0,1,0,0,1,GENERAL,0,0,0,0,0,1,04173,0,0
1,"CAMARA PINHOLE 750TVL 3.7MM 1/3"" KPC-E70",UNIDAD,1,0,0,1,0,0,1,GENERAL,0,0,0,0,0,1,04347,0,0
1,CAMARA PINHOLE HD-TVI 720P EPCOM,UNIDAD,1,0,0,1,0,0,1,GENERAL,0,0,0,0,0,1,04695,0,0
1,CAMARA PINHOLE TIPO PIR,UNIDAD,1,0,0,1,0,0,1,GENERAL,0,0,0,0,0,1,03544,0,0
1,CAMARA PINHOLE XTS 1000,UNIDAD,1,0,0,1,0,0,1,GENERAL,0,0,0,0,0,1,06177,0,0
1,CAMARA PROFECIONAL GCU545N-IR,UNIDAD,1,0,0,1,0,0,1,GENERAL,0,0,0,0,0,1,03084,0,0
1,CAMARA PROFESIONAL 1/3 380 TVL COPUSA,UNIDAD,1,0,0,1,0,0,1,GENERAL,0,0,0,0,0,1,0881,0,0
1,CAMARA PROFESIONAL CCTV SEGURITY COP-USA,UNIDAD,1,0,0,1,0,0,1,GENERAL,0,0,0,0,0,1,0908,0,0
1,CAMARA PTZ 23X TURBO HD 1080P IR100M,UNIDAD,1,0,0,1,0,0,1,GENERAL,0,0,0,0,0,1,04880,0,0
1,CAMARA PTZ 25X IR 100MTS 1080P SD49225IN-HC-S3,UNIDAD,1,0,0,1,0,0,1,GENERAL,0,0,0,0,0,1,05313,0,0
1,CAMARA PTZ 25X IR 100MTS SD5925PRO,UNIDAD,1,0,0,1,0,0,1,GENERAL,0,0,0,0,0,1,06180,0,0
1,CAMARA PTZ GSD36NVW,UNIDAD,1,0,0,1,0,0,1,GENERAL,0,0,0,0,0,1,03949,0,0
1,CAMARA PTZ OUTDOOR EPTZ3602 700TVL IP66,UNIDAD,1,0,0,1,0,0,1,GENERAL,0,0,0,0,0,1,04052,0,0
1,CAMARA PTZ SD49131IN-HC-S3 DAHUA,UNIDAD,1,0,0,1,0,0,1,GENERAL,0,0,0,0,0,1,06171,0,0
1,CAMARA PTZ UTC-TVP-12C-E,UNIDAD,1,0,0,1,0,0,1,GENERAL,0,0,0,0,0,1,03466,0,0
1,CAMARA QUADRIX QT86-CIR,UNIDAD,1,0,0,1,0,0,1,GENERAL,0,0,0,0,0,1,0954,0,0
1,CAMARA RE / IP-TIPO BALA DE 6MP / DS-2CD2663G2-IZS,UNIDAD,1,0,0,1,0,0,1,GENERAL,0,0,0,0,0,1,06420RE,0,0
1,CAMARA T/BALA 1200TVL LB1200EXIR,UNIDAD,1,0,0,1,0,0,1,GENERAL,0,0,0,0,0,1,03919,0,0
1,CAMARA T/BALA 720 TVL HRB700 3.6MM IP66,UNIDAD,1,0,0,1,0,0,1,GENERAL,0,0,0,0,0,1,04140,0,0
1,CAMARA T/BALA HD 1080P BBTURBOV,UNIDAD,1,0,0,1,0,0,1,GENERAL,0,0,0,0,0,1,04410,0,0
1,CAMARA T/BALA IP66 PXVS-BOIRV28-M4,UNIDAD,1,0,0,1,0,0,1,GENERAL,0,0,0,0,0,1,03921,0,0
1,CAMARA T/BALA LB PXVS-BOIRV28-M4,UNIDAD,1,0,0,1,0,0,1,GENERAL,0,0,0,0,0,1,03918,0,0
1,CAMARA T/DOMO ANTIVANDALICA LD1200V,UNIDAD,1,0,0,1,0,0,1,GENERAL,0,0,0,0,0,1,03920,0,0
1,CAMARA T/DOMO GCU-700IR,UNIDAD,1,0,0,1,0,0,1,GENERAL,0,0,0,0,0,1,03929,0,0
1,CAMARA T/DOMO GSD-700IR,UNIDAD,1,0,0,1,0,0,1,GENERAL,0,0,0,0,0,1,03928,0,0
1,CAMARA T/DOMO HD720P E7TURBO,UNIDAD,1,0,0,1,0,0,1,GENERAL,0,0,0,0,0,1,04411,0,0
1,CAMARA TIPO BALA  DE AGUA 180 GRADOS  DAHUA,UNIDAD,1,0,0,1,0,0,1,GENERAL,0,0,0,0,0,1,06731,0,0
1,CAMARA TIPO BALA 3MP VARIFOCAL 2.8-12 XB-3MVWCD,UNIDAD,1,0,0,1,0,0,1,GENERAL,0,0,0,0,0,1,04906,0,0
1,CAMARA TIPO BALA 720  RE,UNIDAD,1,0,0,1,0,0,1,GENERAL,0,0,0,0,0,1,04707,0,0
1,CAMARA TIPO BALA 720P LENTE VARIFOCAL 2.8-12 MM,UNIDAD,1,0,0,1,0,0,1,GENERAL,0,0,0,0,0,1,04658,0,0
1,CAMARA TIPO BALA BF360IR PYXIS,UNIDAD,1,0,0,1,0,0,1,GENERAL,0,0,0,0,0,1,04190,0,0
1,CAMARA TIPO BALA DE 5 MPX CAMHIK,UNIDAD,1,0,0,1,0,0,1,GENERAL,0,0,0,0,0,1,05976,0,0
1,CAMARA TIPO BALA HAC-HFW1220R-VF  RMA,UNIDAD,1,0,0,1,0,0,1,GENERAL,0,0,0,0,0,1,05733,0,0
1,CAMARA TIPO BALA HDR 900 TVL EPCOM,UNIDAD,1,0,0,1,0,0,1,GENERAL,0,0,0,0,0,1,04510,0,0
1,CAMARA TIPO BALA MINI-BULLET ILUSTRA,UNIDAD,1,0,0,1,0,0,1,GENERAL,0,0,0,0,0,1,05404,0,0
1,CAMARA TIPO BALA PARA EXTERIOR DE 2.8-12MM (KT&C),UNIDAD,1,0,0,1,0,0,1,GENERAL,0,0,0,0,0,1,04574,0,0
1,CAMARA TIPO BALA PXVS-28-M4 EP,UNIDAD,1,0,0,1,0,0,1,GENERAL,0,0,0,0,0,1,04101,0,0
1,"CÁMARA TIPO BALA RESOLUCIÓN HD, CON IR PARA 20M",UNIDAD,1,0,0,1,0,0,1,GENERAL,0,0,0,0,0,1,05627,0,0
1,CAMARA TIPO BALA REVO,UNIDAD,1,0,0,1,0,0,1,GENERAL,0,0,0,0,0,1,04453,0,0
1,CAMARA TIPO BALA TRU VISION TVB-4203,UNIDAD,1,0,0,1,0,0,1,GENERAL,0,0,0,0,0,1,04653,0,0
1,CAMARA TIPO BALA TURBO HD 720P LENTE 2.8 IP 66,UNIDAD,1,0,0,1,0,0,1,GENERAL,0,0,0,0,0,1,04624,0,0
1,CAMARA TIPO BALA VSIONIS,UNIDAD,1,0,0,1,0,0,1,GENERAL,0,0,0,0,0,1,0726,0,0
1,CAMARA TIPO DOMO 4MP 2.8MM 40 MTS,UNIDAD,1,0,0,1,0,0,1,GENERAL,0,0,0,0,0,1,0622,0,0
1,CAMARA TIPO DOMO DE 5 MPX CAMHIK,UNIDAD,1,0,0,1,0,0,1,GENERAL,0,0,0,0,0,1,05975,0,0
1,CAMARA TIPO DOMO ENFORCER 420 TVL,UNIDAD,1,0,0,1,0,0,1,GENERAL,0,0,0,0,0,1,02032,0,0
1,CAMARA TIPO DOMO GCU420-IR,UNIDAD,1,0,0,1,0,0,1,GENERAL,0,0,0,0,0,1,03145,0,0
1,CAMARA TIPO DOMO HD31H HONEYWELL,UNIDAD,1,0,0,1,0,0,1,GENERAL,0,0,0,0,0,1,06176,0,0
1,CAMARA TIPO DOMO PTZ MINI PX-PTZ23X-A,UNIDAD,1,0,0,1,0,0,1,GENERAL,0,0,0,0,0,1,04128,0,0
1,CAMARA TIPO DOMO PXVS-BOIRV28-VP4,UNIDAD,1,0,0,1,0,0,1,GENERAL,0,0,0,0,0,1,04102,0,0
1,CAMARA TIPO DOMO RE,UNIDAD,1,0,0,1,0,0,1,GENERAL,0,0,0,0,0,1,06031,0,0
1,CAMARA TIPO DOMO REVO,UNIDAD,1,0,0,1,0,0,1,GENERAL,0,0,0,0,0,1,04454,0,0
1,CAMARA TIPO DOMO TRU VISION TVT4201,UNIDAD,1,0,0,1,0,0,1,GENERAL,0,0,0,0,0,1,04652,0,0
1,CAMARA TIPO LAPIZ DE LENTE FIJO 3.6 P/DVR MOVIL,UNIDAD,1,0,0,1,0,0,1,GENERAL,0,0,0,0,0,1,04772,0,0
1,CAMARA TIPO PIR CON AUDIO,UNIDAD,1,0,0,1,0,0,1,GENERAL,0,0,0,0,0,1,01108,0,0
1,CAMARA TIPO PTZ DH-SD594301-HC DAHUA,UNIDAD,1,0,0,1,0,0,1,GENERAL,0,0,0,0,0,1,06004,0,0
1,CAMARA TIPO SENSOR DCV600,UNIDAD,1,0,0,1,0,0,1,GENERAL,0,0,0,0,0,1,03402,0,0
1,"CAMARA TRUVISION  IP VF BULLET, 2MPX, 2.8-12MM, TR",UNIDAD,1,0,0,1,0,0,1,GENERAL,0,0,0,0,0,1,04757,0,0
1,CAMARA TURBO BALA 720P DS-2CE16C0T-IRF,UNIDAD,1,0,0,1,0,0,1,GENERAL,0,0,0,0,0,1,05349,0,0
1,CAMARA TURBO BALA VARIFOCAL 720P DS-2CE16C0T-VFIR3,UNIDAD,1,0,0,1,0,0,1,GENERAL,0,0,0,0,0,1,05348,0,0
1,CAMARA TURBO DOMO 720P DS-2CE56C0T-IRF,UNIDAD,1,0,0,1,0,0,1,GENERAL,0,0,0,0,0,1,05347,0,0
1,CAMARA TURBO DOMO DS-2CE16DOT-IT3F,UNIDAD,1,0,0,1,0,0,1,GENERAL,0,0,0,0,0,1,05494,0,0
1,CAMARA TURBO DS-2CE56DOT-IT3F,UNIDAD,1,0,0,1,0,0,1,GENERAL,0,0,0,0,0,1,05493,0,0
1,CAMARA TURBO HD PINHOLE LENTE 3.7 P/DVR MOVIL,UNIDAD,1,0,0,1,0,0,1,GENERAL,0,0,0,0,0,1,04773,0,0
1,CAMARA TVC-BIR6-SR TIPO BALA,UNIDAD,1,0,0,1,0,0,1,GENERAL,0,0,0,0,0,1,03803,0,0
1,CAMARA UVC-XP4DN-HR T/CAJA,UNIDAD,1,0,0,1,0,0,1,GENERAL,0,0,0,0,0,1,03873,0,0
1,"CAMARA: LENTE GCA0308,V.F.8MM DC DRIVE",UNIDAD,1,0,0,1,0,0,1,GENERAL,0,0,0,0,0,1,03693,0,0
1,CAMARA+TIMBRE WIFI ALARM.COM,UNIDAD,1,0,0,1,0,0,1,GENERAL,0,0,0,0,0,1,05189,0,0
1,CAMARAS ADC-V622,UNIDAD,1,0,0,1,0,0,1,GENERAL,0,0,0,0,0,1,05603,0,0
1,CAMARAS DAHUA TURBO BALA  1080  2 MPX,UNIDAD,1,0,0,1,0,0,1,GENERAL,0,0,0,0,0,1,05635,0,0
1,CAMARAS TIPO BALA PARA EXTERIOR ANALOGA DAHUA HFW1,UNIDAD,1,0,0,1,0,0,1,GENERAL,0,0,0,0,0,1,06301,0,0
1,CAMARAS TIPO DOMO PARA INTERIOR ANALOGA DAHUA D3A2,UNIDAD,1,0,0,1,0,0,1,GENERAL,0,0,0,0,0,1,06292,0,0
1,CAMBIO DE FPLI-ON,UNIDAD,1,0,0,1,0,0,1,GENERAL,0,0,0,0,0,1,04485,0,0
1,CAMBIO DE LINEAS CALIBRE 2,UNIDAD,1,0,0,1,0,0,1,GENERAL,0,0,0,0,0,1,04484,0,0
1,"CAMERA 680TVL 1/4"" 129.5MM TRUE D/N 24VAC/12VDC",UNIDAD,1,0,0,1,0,0,1,GENERAL,0,0,0,0,0,1,04601,0,0
1,"CAMERA-AHD ECO DOMOS IR, 20M(24 LEDS)",UNIDAD,1,0,0,1,0,0,1,GENERAL,0,0,0,0,0,1,05014,0,0
1,CAMISA ADMINISTRATIVA MANGA CORTA,UNIDAD,1,0,0,1,0,0,1,GENERAL,0,0,0,0,0,1,90,0,0
1,CAMISA AZUL MANGA CORTA,UNIDAD,1,0,0,1,0,0,1,GENERAL,0,0,0,0,0,1,80,0,0
1,CAMISA AZUL MANGA LARGA,UNIDAD,1,0,0,1,0,0,1,GENERAL,0,0,0,0,0,1,81,0,0
1,CAMISA BLANCA G4S MANGA LARGA,UNIDAD,1,0,0,1,0,0,1,GENERAL,0,0,0,0,0,1,83,0,0
1,CAMISA BLANCA MANGA LARGA COLUMBIA TALLA S AL  XXL,UNIDAD,1,0,0,1,0,0,1,GENERAL,0,0,0,0,0,1,05907,0,0
1,CAMISA ELECTRONICA CELESTE P/TECNICOS,UNIDAD,1,0,0,1,0,0,1,GENERAL,0,0,0,0,0,1,653,0,0
1,CAMISA FORMAL MANGA CORTA TALLA XXL,UNIDAD,1,0,0,1,0,0,1,GENERAL,0,0,0,0,0,1,53,0,0
1,CAMISA G4S CELESTE MANGA LARGA,UNIDAD,1,0,0,1,0,0,1,GENERAL,0,0,0,0,0,1,82,0,0
1,CAMISA G4S NEGRA MANGA CORTA,UNIDAD,1,0,0,1,0,0,1,GENERAL,0,0,0,0,0,1,84,0,0
1,CAMISA MANGA CORTBLANCA  TIPO COLUMBIA TALLA S-XXL,UNIDAD,1,0,0,1,0,0,1,GENERAL,0,0,0,0,0,1,05909,0,0
1,CAMISA MANGA LARGA AZUL TIPO COLUMBIA,UNIDAD,1,0,0,1,0,0,2,GENERAL,0,0,0,0,0,1,05942,0,0
1,CAMISA NEGRA G4S,UNIDAD,1,0,0,1,0,0,1,GENERAL,0,0,0,0,0,1,72,0,0
1,CAMISA NEGRA G4S MANGA LARGA,UNIDAD,1,0,0,1,0,0,1,GENERAL,0,0,0,0,0,1,85,0,0
1,CAMISA NEGRA MANGA LARGA TIPO COLUMBIA G4S,UNIDAD,1,0,0,1,0,0,1,GENERAL,0,0,0,0,0,1,05936,0,0
1,CAMISA PARA TECNICO 2XL,UNIDAD,1,0,0,1,0,0,1,GENERAL,0,0,0,0,0,1,05319,0,0
1,CAMISA PARA TECNICO 4XL,UNIDAD,1,0,0,1,0,0,1,GENERAL,0,0,0,0,0,1,05320,0,0
1,CAMISA PARA TECNICO CON REFLECTIVO (S-M-L-XL),UNIDAD,1,0,0,1,0,0,1,GENERAL,0,0,0,0,0,1,05318,0,0
1,CAMISA POLO PARA TECNICO (3XL-4XL),UNIDAD,1,0,0,1,0,0,1,GENERAL,0,0,0,0,0,1,05323,0,0
1,CAMISA POLO PARA TECNICO (S-M-L-XL),UNIDAD,1,0,0,1,0,0,1,GENERAL,0,0,0,0,0,1,05321,0,0
1,CAMISA POLO PARA TECNICO 2XL,UNIDAD,1,0,0,1,0,0,1,GENERAL,0,0,0,0,0,1,05322,0,0
1,CAMISA ROJA G4S,UNIDAD,1,0,0,1,0,0,1,GENERAL,0,0,0,0,0,1,592,0,0
1,CAMISA TIPO POLO,UNIDAD,1,0,0,1,0,0,1,GENERAL,0,0,0,0,0,1,89,0,0
1,CAMISA TIPO POLO BLANCO CON NEGRO,UNIDAD,1,0,0,1,0,0,1,GENERAL,0,0,0,0,0,1,59,0,0
1,CAMISA TIPO POLO ELECTONICA,UNIDAD,1,0,0,1,0,0,1,GENERAL,0,0,0,0,0,1,654,0,0
1,CAMISAS BLANCAS G4S,UNIDAD,1,0,0,1,0,0,1,GENERAL,0,0,0,0,0,1,51,0,0
1,CAMISAS CELESTES G4S,UNIDAD,1,0,0,1,0,0,1,GENERAL,0,0,0,0,0,1,50,0,0
1,CAN INTERFACE/FUEL MONITOR 7004,UNIDAD,1,0,0,1,0,0,1,GENERAL,0,0,0,0,0,1,03506,0,0
1,"CANAL ELECTRICA 3""X3""X8' 'INS'",UNIDAD,1,0,0,1,0,0,1,GENERAL,0,0,0,0,0,1,0988,0,0
1,CANAL ELECTRICA PLASTICA 105*65MM*2MT SI,UNIDAD,1,0,0,1,0,0,1,GENERAL,0,0,0,0,0,1,01105,0,0
1,CANAL ELECTRICA PLASTICA 110*60MM*2MT,UNIDAD,1,0,0,1,0,0,1,GENERAL,0,0,0,0,0,1,01103,0,0
1,"CANALETA 1"" X 3"" PLASTICA BLANCA",UNIDAD,1,0,0,1,0,0,1,GENERAL,0,0,0,0,0,1,05094,0,0
1,CANALETA 50*100,UNIDAD,1,0,0,1,0,0,1,GENERAL,0,0,0,0,0,1,01128,0,0
1,CANALETA DE 100*45,UNIDAD,1,0,0,1,0,0,1,GENERAL,0,0,0,0,0,1,05609,0,0
1,CANALETA DE 13 X 7,UNIDAD,1,0,0,1,0,0,1,GENERAL,0,0,0,0,0,1,03237,0,0
1,CANALETA DE 50 X 50,UNIDAD,1,0,0,1,0,0,1,GENERAL,0,0,0,0,0,1,03337,0,0
1,CANALETA DE PISO 75*17,UNIDAD,1,0,0,1,0,0,1,GENERAL,0,0,0,0,0,1,03040,0,0
1,"CANALETA DE PISO DE 1 1/2 """,UNIDAD,1,0,0,1,0,0,1,GENERAL,0,0,0,0,0,1,05610,0,0
1,"CANALETA DE PISO DE 1""",UNIDAD,1,0,0,1,0,0,1,GENERAL,0,0,0,0,0,1,05608,0,0
1,"CANALETA DE PISO DE 2""",UNIDAD,1,0,0,1,0,0,1,GENERAL,0,0,0,0,0,1,04818,0,0
1,"CANALETA DE PISO METALICA 2 1/2""",UNIDAD,1,0,0,1,0,0,1,GENERAL,0,0,0,0,0,1,05063,0,0
1,CANALETA DENTADA DE 1 1/2,UNIDAD,1,0,0,1,0,0,1,GENERAL,0,0,0,0,0,1,04742,0,0
1,"CANALETA DENTADA DE 1""",UNIDAD,1,0,0,1,0,0,1,GENERAL,0,0,0,0,0,1,04279,0,0
1,"CANALETA DENTADA DE 2""X*2""",UNIDAD,1,0,0,1,0,0,1,GENERAL,0,0,0,0,0,1,04591,0,0
1,CANALETA ELECTRICA PLASTICA 30*40,UNIDAD,1,0,0,1,0,0,1,GENERAL,0,0,0,0,0,1,03906,0,0
1,"CANALETA ELECTRICA PLASTICA DE 1 1/2""",UNIDAD,1,0,0,1,0,0,1,GENERAL,0,0,0,0,0,1,03747,0,0
1,CANALETA METALICA 3*3,UNIDAD,1,0,0,1,0,0,1,GENERAL,0,0,0,0,0,1,04013,0,0
1,CANALETA METALICA 4*4*4 CON TAPADERA,UNIDAD,1,0,0,1,0,0,1,GENERAL,0,0,0,0,0,1,03227,0,0
1,"CANALETA ORGANIZADORA 15*10 (LARGO 2MTS C/U) 1/2""",UNIDAD,1,0,0,1,0,0,1,GENERAL,0,0,0,0,0,1,05841,0,0
1,CANALETA PLASTICA  105*35 CON TAPA LEGRA,UNIDAD,1,0,0,1,0,0,1,GENERAL,0,0,0,0,0,1,0615,0,0
1,"CANALETA PLASTICA 1/2""",UNIDAD,1,0,0,1,0,0,1,GENERAL,0,0,0,0,0,1,03885,0,0
1,CANALETA PLASTICA 20*12,UNIDAD,1,0,0,1,0,0,1,GENERAL,0,0,0,0,0,1,04215,0,0
1,CANALETA PLASTICA 20*30,UNIDAD,1,0,0,1,0,0,1,GENERAL,0,0,0,0,0,1,04229,0,0
1,CANALETA PLASTICA 20*40,UNIDAD,1,0,0,1,0,0,1,GENERAL,0,0,0,0,0,1,04210,0,0
1,CANALETA PLASTICA 200*100,UNIDAD,1,0,0,1,0,0,1,GENERAL,0,0,0,0,0,1,0491,0,0
1,CANALETA PLASTICA 30*13,UNIDAD,1,0,0,1,0,0,1,GENERAL,0,0,0,0,0,1,04216,0,0
1,CANALETA PLASTICA 32*16 MM,UNIDAD,1,0,0,1,0,0,1,GENERAL,0,0,0,0,0,1,03882,0,0
1,CANALETA PLASTICA 40*16,UNIDAD,1,0,0,1,0,0,1,GENERAL,0,0,0,0,0,1,01130,0,0
1,CANALETA PLASTICA 40*25,UNIDAD,1,0,0,1,0,0,1,GENERAL,0,0,0,0,0,1,06064,0,0
1,CANALETA PLASTICA 50*40 RANURADA,UNIDAD,1,0,0,1,0,0,1,GENERAL,0,0,0,0,0,1,01049,0,0
1,CANALETA PLASTICA 60*16,UNIDAD,1,0,0,1,0,0,1,GENERAL,0,0,0,0,0,1,03115,0,0
1,CANALETA PLASTICA DE 4 PULGADAS,UNIDAD,1,0,0,1,0,0,1,GENERAL,0,0,0,0,0,1,03553,0,0
1,CANALETA PLASTICA DE 40*10,UNIDAD,1,0,0,1,0,0,1,GENERAL,0,0,0,0,0,1,02011,0,0
1,CANALETA PLASTICA DE 50*20,UNIAD,1,0,0,1,0,0,1,GENERAL,0,0,0,0,0,1,0951,0,0
1,CANALETA PLASTICA ELECTRICA 100X40,UNIDAD,1,0,0,1,0,0,1,GENERAL,0,0,0,0,0,1,04398,0,0
1,CANALETA PLASTICA ELECTRICA 105*65,UNIDAD,1,0,0,1,0,0,1,GENERAL,0,0,0,0,0,1,03760,0,0
1,CANALETA PLASTICA ELECTRICA 12*10,UNIDAD,1,0,0,1,0,0,1,GENERAL,0,0,0,0,0,1,03761,0,0
1,"CANALETA PLASTICA ELECTRICA 60""X40""",UNIDAD,1,0,0,1,0,0,1,GENERAL,0,0,0,0,0,1,03682,0,0
1,CANALETA RANURADA LEGRAN 25*25MM,UNIDAD,1,0,0,1,0,0,1,GENERAL,0,0,0,0,0,1,03850,0,0
1,"CANALETA RANURADA PLASTICA DE 2""",UNIDAD,1,0,0,1,0,0,1,GENERAL,0,0,0,0,0,1,03530,0,0
1,CANASTA METAL P/LAMPARA T/GARAGE LA970,UNIDAD,1,0,0,1,0,0,1,GENERAL,0,0,0,0,0,1,03957,0,0
1,CANDADO DE COMBINACION 400MM YALE,UNIDAD,1,0,0,1,0,0,1,GENERAL,0,0,0,0,0,1,780,0,0
1,CANDADO LATONADO 40MM YALE,UNIDAD,1,0,0,1,0,0,1,GENERAL,0,0,0,0,0,1,06103,0,0
1,CANDADO LATONADO 70MM YALE,UNIDAD,1,0,0,1,0,0,1,GENERAL,0,0,0,0,0,1,06102,0,0
1,CANDADO PARA NOTEBOOK,UNIDAD,1,0,0,1,0,0,1,GENERAL,0,0,0,0,0,1,554,0,0
1,CANDADO YALE/VIAJE TSA/COMB.YTP2/26/216/,UNIDAD,1,0,0,1,0,0,1,GENERAL,0,0,0,0,0,1,741,0,0
1,CANECA PLASTICA 5 GL,UNIDAD,1,0,0,1,0,0,1,GENERAL,0,0,0,0,0,1,06002,0,0
1,CANLETA  3*3*2 CON TAPADERA,UNIDAD,1,0,0,1,0,0,1,GENERAL,0,0,0,0,0,1,03228,0,0
1,CAÑON DE NIEBLA 800I INCLUYE TARJETA IP,UNIDAD,1,0,0,1,0,0,1,GENERAL,0,0,0,0,0,1,05847,0,0
1,CAÑONERA EPSON POWER LITE S8 2500 LUMENE,UNIDAD,1,0,0,1,0,0,1,GENERAL,0,0,0,0,0,1,2,0,0
1,CAPACITACION PERSONAL ESTANDAR,SRV,3,0,0,1,1,0,2,GENERAL,0,0,0,0,0,1,IC0255,0,0
1,CAPACITACIONES ADMINISTRATIVO,,3,0,0,0,0,0,0,GENERAL,0,0,0,0,0,1,SRV0324,0,0
1,CAPACITACIONES DIRECTO,,3,0,0,0,0,0,0,GENERAL,0,0,0,0,0,1,SRV0322,0,0
1,CAPACITACIONES INDIRECTO,,3,0,0,0,0,0,0,GENERAL,0,0,0,0,0,1,SRV0323,0,0
1,CAPAS IMPERNEABLES CICLON,UNIDAD,1,0,0,1,0,0,1,GENERAL,0,0,0,0,0,1,769,0,0
1,CAPTURA DE VIDEO HDMI A USB,UNIDAD,1,0,0,1,0,0,1,GENERAL,0,0,0,0,0,1,16,0,0
1,CARA DE PITO,UNIDAD,1,0,0,1,0,0,1,GENERAL,0,0,0,0,0,1,2097,0,0
1,CARETA PROTECTORA PARA PULIR,UNIDAD,1,0,0,1,0,0,1,GENERAL,0,0,0,0,0,1,04978,0,0
1,CARETA TIPO ANTEOJO,UNIDAD,1,0,0,1,0,0,1,GENERAL,0,0,0,0,0,1,05624,0,0
1,CARGADOR 4 PUERTOS TIPO C POTENCIA 200W,UNIDAD,1,0,0,1,0,0,1,GENERAL,0,0,0,0,0,1,918,0,0
1,CARGADOR CON ADAPTADOR CORRIENTE PARA JT705A 4G,UNIDAD,1,0,0,1,0,0,1,GENERAL,0,0,0,0,0,1,05639,0,0
1,CARGADOR DE BATERIA NP45,UNIDAD,1,0,0,1,0,0,1,GENERAL,0,0,0,0,0,1,598,0,0
1,"CARGADOR DELL ORIGINAL 19.5, 4.62A",UNIDAD,1,0,0,1,0,0,1,GENERAL,0,0,0,0,0,1,860,0,0
1,CARGADOR P/ CELLOTRACK,UNIDAD,1,0,0,1,0,0,1,GENERAL,0,0,0,0,0,1,04402,0,0
1,CARGADOR P/ MODULO DE PULSERA P/CONTROL DE REOS,UNIDAD,1,0,0,1,0,0,1,GENERAL,0,0,0,0,0,1,04613,0,0
1,CARGADOR P/LAPTOP DELL VOSTRO 3500,UNIDAD,1,0,0,1,0,0,1,GENERAL,0,0,0,0,0,1,921,0,0
1,CARGADOR P/LAPTOP DELL/HP,UNIDAD,1,0,0,1,0,0,1,GENERAL,0,0,0,0,0,1,923,0,0
1,CARGADOR PARA BATERIA,UNIDAD,1,0,0,1,0,0,1,GENERAL,0,0,0,0,0,1,05665,0,0
1,CARGADOR PARA BATERIA PORTATIL PARA CELULAR,UNIDAD,1,0,0,1,0,0,1,GENERAL,0,0,0,0,0,1,05167,0,0
1,CARGADOR PARA BATERIAS RECARGABLES DOBLE AA,UNIDAD,1,0,0,1,0,0,1,GENERAL,0,0,0,0,0,1,05666,0,0
1,CARGADOR PARA GPS,UNIDAD,1,0,0,1,0,0,1,GENERAL,0,0,0,0,0,1,2108,0,0
1,CARGADOR PC PARA DELL LATITUDE E6430,UNIDAD,1,0,0,1,0,0,1,GENERAL,0,0,0,0,0,1,03446,0,0
1,CARGADOR PORTATIL P/CONTROL DE REOS,UNIDAD,1,0,0,1,0,0,1,GENERAL,0,0,0,0,0,1,04614,0,0
1,CARGO POR CHEQUE RECHAZADO,,3,0,0,1,0,0,0,GENERAL,0,0,0,0,0,1,CHEQUERECH,0,0
1,CARPETA PVC CLIP OFICIO,UNIDAD,1,0,0,1,0,0,1,GENERAL,0,0,0,0,0,1,669,0,0
1,CARPETA SIERRA MADRE MP-99,UNIDAD,1,0,0,1,0,0,1,GENERAL,0,0,0,0,0,1,760,0,0
1,CARPETA T/OFICIO SEMI PIEL S/DISEÑO,UNIDAD,1,0,0,1,0,0,1,GENERAL,0,0,0,0,0,1,888,0,0
1,CARPETA VINIL S/M MP-149 OFICIO,UNIDAD,1,0,0,1,0,0,1,GENERAL,0,0,0,0,0,1,650,0,0
1,CARPETAS BLANCAS 3 ANILLOS,UNIDAD,1,0,0,1,0,0,1,GENERAL,0,0,0,0,0,1,453,0,0
1,CARPETAS G4S,UNIDAD,1,0,0,1,0,0,1,GENERAL,0,0,0,0,0,1,440,0,0
1,CARRO PLATAFORMA PLEGABLE,UNIDAD,1,0,0,1,0,0,1,GENERAL,0,0,0,0,0,1,0086,0,0
1,CARTAPACIO TAMAÑO CARTA 1/2,UNIDAD,1,0,0,1,0,0,1,GENERAL,0,0,0,0,0,1,557,0,0
1,"CARTAPACIO VINIL 1"" OFICIO",UNIDAD,1,0,0,1,0,0,1,GENERAL,0,0,0,0,0,1,683,0,0
1,CARTAS DE INFORMACION,UNIDAD,1,0,0,1,0,0,1,GENERAL,0,0,0,0,0,1,112,0,0
1,CARTUCH HP 920XL CYAN,UNIDAD,1,0,0,1,0,0,1,GENERAL,0,0,0,0,0,1,878,0,0
1,CARTUCHO CANON BC-02,UNIDAD,1,0,0,1,0,0,1,GENERAL,0,0,0,0,0,1,385,0,0
1,CARTUCHO CANON BC-05,UNIDAD,1,0,0,1,0,0,1,GENERAL,0,0,0,0,0,1,386,0,0
1,CARTUCHO CANON BC-20,UNIDAD,1,0,0,1,0,0,1,GENERAL,0,0,0,0,0,1,387,0,0
1,CARTUCHO CANON BCI-24 COLOR,UNIDAD,1,0,0,1,0,0,1,GENERAL,0,0,0,0,0,1,384,0,0
1,CARTUCHO CANON BCI-24 NEGRO,UNIDAD,1,0,0,1,0,0,1,GENERAL,0,0,0,0,0,1,383,0,0
1,CARTUCHO CANON BX-3,UNIDAD,1,0,0,1,0,0,1,GENERAL,0,0,0,0,0,1,388,0,0
1,CARTUCHO CANON CL 211 COLOR,UNIDAD,1,0,0,1,0,0,1,GENERAL,0,0,0,0,0,1,698,0,0
1,CARTUCHO CANON CL-41,UNIDAD,1,0,0,1,0,0,1,GENERAL,0,0,0,0,0,1,390,0,0
1,CARTUCHO CANON PG 210 BLACK,UNIDAD,1,0,0,1,0,0,1,GENERAL,0,0,0,0,0,1,699,0,0
1,CARTUCHO CANON PG-40,UNIDAD,1,0,0,1,0,0,1,GENERAL,0,0,0,0,0,1,389,0,0
1,CARTUCHO CLI-8C,UNIDAD,1,0,0,1,0,0,1,GENERAL,0,0,0,0,0,1,401,0,0
1,CARTUCHO CLI-8M,UNIDAD,1,0,0,1,0,0,1,GENERAL,0,0,0,0,0,1,402,0,0
1,CARTUCHO CLI-8Y,UNIDAD,1,0,0,1,0,0,1,GENERAL,0,0,0,0,0,1,403,0,0
1,CARTUCHO EP-22,UNIDAD,1,0,0,1,0,0,1,GENERAL,0,0,0,0,0,1,409,0,0
1,CARTUCHO EPSON T140220AL CY,UNIDAD,1,0,0,1,0,0,1,GENERAL,0,0,0,0,0,1,515,0,0
1,CARTUCHO EPSON TL140120AL,UNIDAD,1,0,0,1,0,0,1,GENERAL,0,0,0,0,0,1,518,0,0
1,CARTUCHO EPSON TL140320AL,UNIDAD,1,0,0,1,0,0,1,GENERAL,0,0,0,0,0,1,516,0,0
1,CARTUCHO EPSON TL140420AL,UNIDAD,1,0,0,1,0,0,1,GENERAL,0,0,0,0,0,1,517,0,0
1,"CARTUCHO ETIQUETAS D1 12MM (1/2"") DYMO",UNIDAD,1,0,0,1,0,0,1,GENERAL,0,0,0,0,0,1,840,0,0
1,"CARTUCHO ETIQUETAS D1 6MM (1/4"") DYMO",UNIDAD,1,0,0,1,0,0,1,GENERAL,0,0,0,0,0,1,838,0,0
1,"CARTUCHO ETIQUETAS D1 9MM (3/8"") DYMO",UNIDAD,1,0,0,1,0,0,1,GENERAL,0,0,0,0,0,1,839,0,0
1,CARTUCHO HP 122 COLOR,UNIDAD,1,0,0,1,0,0,1,GENERAL,0,0,0,0,0,1,883,0,0
1,CARTUCHO HP 122 NEGRO,UNIDAD,1,0,0,1,0,0,1,GENERAL,0,0,0,0,0,1,884,0,0
1,CARTUCHO HP 21,UNIDAD,1,0,0,1,0,0,1,GENERAL,0,0,0,0,0,1,393,0,0
1,CARTUCHO HP 22,UNIDAD,1,0,0,1,0,0,1,GENERAL,0,0,0,0,0,1,394,0,0
1,CARTUCHO HP 51649G=49,UNIDAD,1,0,0,1,0,0,1,GENERAL,0,0,0,0,0,1,392,0,0
1,CARTUCHO HP 56,UNIDAD,1,0,0,1,0,0,1,GENERAL,0,0,0,0,0,1,395,0,0
1,CARTUCHO HP 57,UNIDAD,1,0,0,1,0,0,1,GENERAL,0,0,0,0,0,1,396,0,0
1,CARTUCHO HP 60001A,UNIDAD,1,0,0,1,0,0,1,GENERAL,0,0,0,0,0,1,411,0,0
1,CARTUCHO HP 60002A,UNIDAD,1,0,0,1,0,0,1,GENERAL,0,0,0,0,0,1,412,0,0
1,CARTUCHO HP 60003A,UNIDAD,1,0,0,1,0,0,1,GENERAL,0,0,0,0,0,1,413,0,0
1,CARTUCHO HP 6000A,UNIDAD,1,0,0,1,0,0,1,GENERAL,0,0,0,0,0,1,410,0,0
1,CARTUCHO HP 6614D-20,UNIDAD,1,0,0,1,0,0,1,GENERAL,0,0,0,0,0,1,391,0,0
1,CARTUCHO HP 920XL MAGENTA,CANTIDAD,1,0,0,1,0,0,1,GENERAL,0,0,0,0,0,1,879,0,0
1,CARTUCHO HP 920XL NEGRO,UNIDAD,1,0,0,1,0,0,1,GENERAL,0,0,0,0,0,1,877,0,0
1,CARTUCHO HP 920XL YELLOW,UNIDAD,1,0,0,1,0,0,1,GENERAL,0,0,0,0,0,1,880,0,0
1,CARTUCHO HP CH561HL COLOR NEGRO,UNIDAD,1,0,0,1,0,0,1,GENERAL,0,0,0,0,0,1,644,0,0
1,CARTUCHO LEEXMARX 17,UNIDAD,1,0,0,1,0,0,1,GENERAL,0,0,0,0,0,1,397,0,0
1,CARTUCHO PARA MASCARA CLIMAX 745,UNIDAD,1,0,0,1,0,0,1,GENERAL,0,0,0,0,0,1,04755,0,0
1,CASCO ALA ANCHA FULL BRIM,UNIDAD,1,0,0,1,0,0,1,GENERAL,0,0,0,0,0,1,04923,0,0
1,CASCO DE SEGURIDAD MARCA DELTA,UNIDAD,1,0,0,1,0,0,1,GENERAL,0,0,0,0,0,1,04924,0,0
1,CASCO DE SEGURIDAD VENITEX,UNIDAD,1,0,0,1,0,0,1,GENERAL,0,0,0,0,0,1,0829,0,0
1,CASCO INDUSTRIAL AMARILLO MARCA VENITEX,UNIDAD,1,0,0,1,0,0,1,GENERAL,0,0,0,0,0,1,589,0,0
1,CASCO INDUSTRIALES PLASTICOS,UNIDAD,1,0,0,1,0,0,2,GENERAL,0,0,0,0,0,1,0318,0,0
1,CASCO MOTORISTAS,UNIDAD,1,0,0,1,0,0,1,GENERAL,0,0,0,0,0,1,0392,0,0
1,CASE LECTOR DVR ( KIT ),UNIDAD,1,0,0,1,0,0,1,GENERAL,0,0,0,0,0,1,0042,0,0
1,CASITA DE ALMACENADORA 3.00 MTS. X 2.40,UNIDAD,1,0,0,1,0,0,1,GENERAL,0,0,0,0,0,1,768,0,0
1,CATCOM CABINETS - HPS-E10P PDU RACKEABLE HORIZONTA,UNIDAD,1,0,0,1,0,0,1,GENERAL,0,0,0,0,0,1,0399,0,0
1,CATCOMF-FST24F BANDEJA DE EMPALME PARA 24 FUSIONES,UNIDAD,1,0,0,1,0,0,1,GENERAL,0,0,0,0,0,1,06546,0,0
1,CATCOMF-ODF1R-3M ODF PARA MONTAJE DE RACK SIN BAND,UNIDAD,1,0,0,1,0,0,1,GENERAL,0,0,0,0,0,1,06543,0,0
1,CATCOMF-ODF-BB MODULO CIEGO PARA ODF1R-3M COLOR NE,UNIDAD,1,0,0,1,0,0,1,GENERAL,0,0,0,0,0,1,06545,0,0
1,CATCOMF-ODF-SCB012 PLATINA CON 6 ADAPTADORES SC DU,UNIDAD,1,0,0,1,0,0,1,GENERAL,0,0,0,0,0,1,06544,0,0
1,CAUTIN,UNIDAD,1,0,0,1,0,0,1,GENERAL,0,0,0,0,0,1,0605,0,0
1,CAUTING TIPO LAPIZ C/ACCESORIOS,UNIDAD,1,0,0,1,0,0,1,GENERAL,0,0,0,0,0,1,0852,0,0
1,CBL 141 PROGRAMMIN CABLE,UNIDAD,1,0,0,1,0,0,1,GENERAL,0,0,0,0,0,1,05663,0,0
1,CCTV STAR: DVR H.264  8  CH  CON DISCO SATA 500 GB,UNIDAD,1,0,0,1,0,0,1,GENERAL,0,0,0,0,0,1,0590,0,0
1,CCTV TESTER MON-LCD28P,UNIDAD,1,0,0,1,0,0,1,GENERAL,0,0,0,0,0,1,03912,0,0
1,CD·S IMATION O HP CON CAJA,UNIDAD,1,0,0,1,0,0,1,GENERAL,0,0,0,0,0,1,404,0,0
1,CDP BATERIA 12 VOLTIOS 200 AMPERIOS CON TERMINAL F,UNIDAD,1,0,0,1,0,0,1,GENERAL,0,0,0,0,0,1,06413,0,0
1,CDP ES-AVR612 SOL INVERSOR 400WATT 600VA,UNIDAD,1,0,0,1,0,0,1,GENERAL,0,0,0,0,0,1,06416,0,0
1,CDP R-SS2-TV-WM SUPRESOR DE PICO DE TV,UNIDAD,1,0,0,1,0,0,1,GENERAL,0,0,0,0,0,1,06548,0,0
1,CDP R-SS2-TV-WM-SUPRESOR DE PICOS TV,UNIDAD,1,0,0,1,0,0,1,GENERAL,0,0,0,0,0,1,2101,0,0
1,CDP SOL C2 10 G 1000VDC METRO DE CABLE SOLAR NEGRO,METRO,1,0,0,1,0,0,1,GENERAL,0,0,0,0,0,1,06412,0,0
1,CDP SOL C2 10 G 1000VDC METRO DE CABLE SOLAR ROJO,METRO,1,0,0,1,0,0,1,GENERAL,0,0,0,0,0,1,06411,0,0
1,CDP SOL END TERMINAL SOPORTE EXTERNO IONIZADO,UNIDAD,1,0,0,1,0,0,1,GENERAL,0,0,0,0,0,1,06402,0,0
1,CDP SOL F 20 FUSIBLE DE 20 AMPERIOS,UNIDAD,1,0,0,1,0,0,1,GENERAL,0,0,0,0,0,1,06409,0,0
1,CDP SOL FH1000 PORTA FUSIBLE ANTIINCENDIO 1000 VDC,UNIDAD,1,0,0,1,0,0,1,GENERAL,0,0,0,0,0,1,06410,0,0
1,CDP SOL GRD TIERRA,UNIDAD,1,0,0,1,0,0,1,GENERAL,0,0,0,0,0,1,06417,0,0
1,CDP SOL MC4 1-1 B NEGRO MC 4 CON JUNTAS DE SILICON,UNIDAD,1,0,0,1,0,0,1,GENERAL,0,0,0,0,0,1,06406,0,0
1,CDP SOL MC4 1-1 R ROJO MC 4 MC 4 CON JUNTAS DE SIL,UNIDAD,1,0,0,1,0,0,1,GENERAL,0,0,0,0,0,1,06407,0,0
1,CDP SOL MC4 1-2 B CONECTOR NEGRO MC 4 1 A 2 UNIDAD,UNIDAD,1,0,0,1,0,0,1,GENERAL,0,0,0,0,0,1,06408,0,0
1,CDP SOL MNT L SOPORTE EN L PARA SUJETAR RIEL,UNIDAD,1,0,0,1,0,0,1,GENERAL,0,0,0,0,0,1,06405,0,0
1,CDP SOL MR 4M 4 METROS DE RIEL EXTRUCTURA DE ALUMN,UNIDAD,1,0,0,1,0,0,1,GENERAL,0,0,0,0,0,1,06401,0,0
1,CDP UPS UPO11-3 T UPS 3KVA TORRE 2700W EN LINEA 4,UNIDAD,1,0,0,1,0,0,1,GENERAL,0,0,0,0,0,1,06414,0,0
1,CDP131 BATERIA 12 VOLTIOS 18 AMPERIOS CDP GLB12-18,UNIDAD,1,0,0,1,0,0,1,GENERAL,0,0,0,0,0,1,06721,0,0
1,CD-R MAXELL EN SOBRE,UNIDAD,1,0,0,1,0,0,1,GENERAL,0,0,0,0,0,1,578,0,0
1,CELLOTRACK MAGNETICO CARG. Y BATERIA,KIT,1,0,0,1,0,0,1,GENERAL,0,0,0,0,0,1,03453,0,0
1,CELULAR CLARO CL252 COLOR NEGRO,UNIDAD,1,0,0,1,0,0,1,GENERAL,0,0,0,0,0,1,620,0,0
1,CELULAR TIGO ALCATEL MODELO 385JA,UNIDAD,1,0,0,1,0,0,1,GENERAL,0,0,0,0,0,1,584,0,0
1,CEMENTO PREPARADO SACO,UNIDAD,1,0,0,1,0,0,1,GENERAL,0,0,0,0,0,1,04206,0,0
1,CENTRO DE COMPUTO DE MADERA   16338,UNIDAD,1,0,0,1,0,0,1,GENERAL,0,0,0,0,0,1,21,0,0
1,CEPILLO DE ALAMBRE,UNIDAD,1,0,0,1,0,0,1,GENERAL,0,0,0,0,0,1,04309,0,0
1,CEPILLO SCOTCHBRITE PARA INTERIOR,UNIDAD,1,0,0,1,0,0,1,GENERAL,0,0,0,0,0,1,03044,0,0
1,CERA SINTETICA  DE 1/4 PARA CABLES,UNIDAD,1,0,0,1,0,0,1,GENERAL,0,0,0,0,0,1,03559,0,0
1,CEREBRO 6 PUERTOS,UNIDAD,1,0,0,1,0,0,1,GENERAL,0,0,0,0,0,1,05067,0,0
1,CERRADURA DIGITAL CON  MANIJA YALE YRL226 16011,UNIDAD,1,0,0,1,0,0,1,GENERAL,0,0,0,0,0,1,06224,0,0
1,CERRADURA ELECT.D/PERNO PROEB700A,UNIDAD,1,0,0,1,0,0,1,GENERAL,0,0,0,0,0,1,04395,0,0
1,CERRADURA ELECTRICA PUERTA DE MADERA 12V,UNIDAD,1,0,0,1,0,0,1,GENERAL,0,0,0,0,0,1,0646,0,0
1,CERRADURA ELECTRICA UNO,UNIDAD,1,0,0,1,0,0,1,GENERAL,0,0,0,0,0,1,400,0,0
1,CERROJO TIPO MARIPOSA,UNIDAD,1,0,0,1,0,0,1,GENERAL,0,0,0,0,0,1,06388,0,0
1,CERTIFICADOS DE ACCIONES,UNIDAD,1,0,0,1,0,0,1,GENERAL,0,0,0,0,0,1,103,0,0
1,CHALECO ANTIBALAS NIVEL 3A,UNIDAD,1,0,0,1,0,0,1,GENERAL,0,0,0,0,0,1,86,0,0
1,CHALECO REFLECTIVO ANARANJADO,UNIDAD,1,0,0,1,0,0,2,GENERAL,0,0,0,0,0,1,03047,0,0
1,CHALECO REFLECTIVO ELASTICO TIPO ARNES NARANJA,UNIDAD,1,0,0,1,0,0,1,GENERAL,0,0,0,0,0,1,04927,0,0
1,CHALECO REFLECTIVO TIPO ARNES COLOR VERDE,UNIDAD,1,0,0,1,0,0,1,GENERAL,0,0,0,0,0,1,588,0,0
1,CHANEL ENTERPRISE ACEVENIP01-LATAM,UNIDAD,1,0,0,1,0,0,1,GENERAL,0,0,0,0,0,1,09192,0,0
1,CHAPA (DESARMADA) KWIKSET DEMO,UNIDAD,1,0,0,1,0,0,1,GENERAL,0,0,0,0,0,1,05201,0,0
1,CHAPA CON CONTACTO Y CABLE ELECTRONICO,UNIDAD,1,0,0,1,0,0,1,GENERAL,0,0,0,0,0,1,0389,0,0
1,CHAPA DE BOLA CON LLAVE,UNIDAD,1,0,0,1,0,0,1,GENERAL,0,0,0,0,0,1,93,0,0
1,CHAPA DE PISTON FCP-320,UNIDAD,1,0,0,1,0,0,1,GENERAL,0,0,0,0,0,1,03930,0,0
1,CHAPA ELECTRICA SECO-LARM SD-997AQ,UNIDAD,1,0,0,1,0,0,1,GENERAL,0,0,0,0,0,1,03099,0,0
1,CHAPA ELECTRICA SECO-LARM SL-SD-997B-GBQ,UNIDAD,1,0,0,1,0,0,1,GENERAL,0,0,0,0,0,1,04151,0,0
1,CHAPA ELECTROMAGNETICA 600 LB,UNIDAD,1,0,0,1,0,0,1,GENERAL,0,0,0,0,0,1,0555,0,0
1,CHAPA ELECTROMAGNETICA 600LBS.INCLUYE BL,UNIDAD,1,0,0,1,0,0,1,GENERAL,0,0,0,0,0,1,04178,0,0
1,CHAPA ELECTROMAGNETICA SD 997BGBQ ENFORCER,UNIDAD,1,0,0,1,0,0,1,GENERAL,0,0,0,0,0,1,05264,0,0
1,CHAPA PARA GABINETE ADEMCO,UNIDAD,1,0,0,1,0,0,1,GENERAL,0,0,0,0,0,1,02041,0,0
1,CHAPA PARA GABINETE VISTA,UNIDAD,1,0,0,1,0,0,1,GENERAL,0,0,0,0,0,1,03366,0,0
1,CHAPA PARA MUEBLE DE METAL BES VALUE,UNIDAD,1,0,0,1,0,0,1,GENERAL,0,0,0,0,0,1,05788,0,0
1,CHAPA TUBULAR,UNIDAD,1,0,0,1,0,0,1,GENERAL,0,0,0,0,0,1,0044,0,0
1,CHAPA TUBULAR CON CAJA DE REGISTRO EXPUESTA ENFORC,UNIDAD,1,0,0,1,0,0,1,GENERAL,0,0,0,0,0,1,05839,0,0
1,CHAPA TUBULAR CON PLACA DE MONTAJE SECO-ALARM 06-S,UNIDAD,1,0,0,1,0,0,1,GENERAL,0,0,0,0,0,1,06294,0,0
1,CHAPA YALE YRD226ZW619KWKD(CASITA DEMO),UNIDAD,1,0,0,1,0,0,1,GENERAL,0,0,0,0,0,1,05193,0,0
1,CHAPA Z-WAVE,UNIDAD,1,0,0,1,0,0,1,GENERAL,0,0,0,0,0,1,04585,0,0
1,CHAPA Z-WAVE (DEMO),UNIDAD,1,0,0,1,0,0,1,GENERAL,0,0,0,0,0,1,3020,0,0
1,CHAPA ZWAVE V3-BTZU,UNIDAD,1,0,0,1,0,0,1,GENERAL,0,0,0,0,0,1,05721,0,0
1,"CHAPA, BRAZO Z Y L DE 600LB  E-941S-60 ENFORCER",UNIDAD,1,0,0,1,0,0,1,GENERAL,0,0,0,0,0,1,05922,0,0
1,CHAPAS SCHALAGE DEADBOLT LOCK,UNIDAD,1,0,0,1,0,0,1,GENERAL,0,0,0,0,0,1,05190,0,0
1,CHEQUE VOUCHER BANCO INDUSTRIAL,UNIDAD,1,0,0,1,0,0,1,GENERAL,0,0,0,0,0,1,477,0,0
1,CHEQUE VOUCHER GYT CONTINENTAL,UNIDAD,1,0,0,1,0,0,1,GENERAL,0,0,0,0,0,1,109,0,0
1,CHEQUES VOUCHER BANCO GRANAI & TOWSON,MILLAR,1,0,0,1,0,0,1,GENERAL,0,0,0,0,0,1,04386,0,0
1,CHROMECAST,UNIDAD,1,0,0,1,0,0,1,GENERAL,0,0,0,0,0,1,05183,0,0
1,CHROMECAST,UNIDAD,1,0,0,1,0,0,1,GENERAL,0,0,0,0,0,1,04725,0,0
1,CHUCOS PARA CABLE ACERADO DE  1/4,UNIDAD,1,0,0,1,0,0,1,GENERAL,0,0,0,0,0,1,05155,0,0
1,CHUMPA G4S,UNIDAD,1,0,0,1,0,0,1,GENERAL,0,0,0,0,0,1,634,0,0
1,CHUMPA MOTORISTA ENGUATADA L,UNIDAD,1,0,0,1,0,0,1,GENERAL,0,0,0,0,0,1,06039,0,0
1,CHUMPA MOTORISTA ENGUATADA M,UNIDAD,1,0,0,1,0,0,1,GENERAL,0,0,0,0,0,1,06037,0,0
1,CHUMPA MOTORISTA ENGUATADA S,UNIDAD,1,0,0,1,0,0,1,GENERAL,0,0,0,0,0,1,06035,0,0
1,CHUMPA MOTORISTA ENGUATADO XL,UNIDAD,1,0,0,1,0,0,1,GENERAL,0,0,0,0,0,1,06041,0,0
1,CIELO FALSO FIBRA MINERAL 2X4,UNIDAD,1,0,0,1,0,0,1,GENERAL,0,0,0,0,0,1,863,0,0
1,"CINCEL CHINO 3/4  8""",UNIDAD,1,0,0,1,0,0,1,GENERAL,0,0,0,0,0,1,0045,0,0
1,CINCEL DE PUNTA 250 MM,UNIDAD,1,0,0,1,0,0,1,GENERAL,0,0,0,0,0,1,0826,0,0
1,CINCEL PLANO 250 MM SDS PLUS,UNIDAD,1,0,0,1,0,0,1,GENERAL,0,0,0,0,0,1,0827,0,0
1,"CINCEL PLANO SDS-MAX PARA DEMOLICION 3"" X 12""",UNIDAD,1,0,0,1,0,0,0,GENERAL,0,0,0,0,0,1,06243,0,0
1,CINCHO SUJETADOR RATCHET STRAPS,UNIDAD,1,0,0,1,0,0,1,GENERAL,0,0,0,0,0,1,781,0,0
1,CINCHOS PLASTICOS COLOR NEGRO,UNIDAD,1,0,0,1,0,0,1,GENERAL,0,0,0,0,0,1,04590,0,0
1,CINCHOS PLASTICOS PEQUEÑOS,UNIDAD,1,0,0,1,0,0,1,GENERAL,0,0,0,0,0,1,0047,0,0
1,CINCHOS PLATICOS GRANDES,UNIDAD,1,0,0,1,0,0,1,GENERAL,0,0,0,0,0,1,0048,0,0
1,CINTA  BAND-IT DE 3/4,ROLLO,1,0,0,1,0,0,1,GENERAL,0,0,0,0,0,1,03488,0,0
1,CINTA ADHESIVA DOBLE PEGUE TESA,UNIDAD,1,0,0,1,0,0,1,GENERAL,0,0,0,0,0,1,0759,0,0
1,CINTA ANTIDESLIZANTE,UNIDAD,1,0,0,1,0,0,1,GENERAL,0,0,0,0,0,1,04947,0,0
1,CINTA D/COLOR P/IMP. SMART30SK,UNIDAD,1,0,0,1,0,0,1,GENERAL,0,0,0,0,0,1,04212,0,0
1,CINTA DE AISLAR COLOR BLANCO,UNIDAD,1,0,0,1,0,0,1,GENERAL,0,0,0,0,0,1,0049,0,0
1,CINTA DE AISLAR COLOR ROJO,UNIDAD,1,0,0,1,0,0,1,GENERAL,0,0,0,0,0,1,691,0,0
1,CINTA DE AISLAR COLOR VERDE,UNIDAD,1,0,0,1,0,0,1,GENERAL,0,0,0,0,0,1,690,0,0
1,CINTA DE AISLAR SUPER 33 + COLOR NEGRO,UNIDAD,1,0,0,1,0,0,1,GENERAL,0,0,0,0,0,1,0050,0,0
1,CINTA DE BARRICADA COLOR AMARILLO,UNIDAD,1,0,0,1,0,0,1,GENERAL,0,0,0,0,0,1,04928,0,0
1,CINTA DE MAQUINA OLIVETTI PERSONAL 510,UNIDAD,1,0,0,1,0,0,1,GENERAL,0,0,0,0,0,1,420,0,0
1,CINTA DE SEÑALIZACION DE PRECAUCION,UNIDAD,1,0,0,1,0,0,1,GENERAL,0,0,0,0,0,1,574,0,0
1,"CINTA DUCTO COLOR ROJO 2""",UNIDAD,1,0,0,1,0,0,1,GENERAL,0,0,0,0,0,1,06104,0,0
1,CINTA EPSCON 8755,UNIDAD,1,0,0,1,0,0,1,GENERAL,0,0,0,0,0,1,378,0,0
1,CINTA EPSON 8755,UNIDAD,1,0,0,1,0,0,1,GENERAL,0,0,0,0,0,1,379,0,0
1,CINTA EPSON FX-2190 MOD.S015355,UNIDAD,1,0,0,1,0,0,1,GENERAL,0,0,0,0,0,1,476,0,0
1,CINTA EPSON FX890 (S015329),UNIDAD,1,0,0,1,0,0,1,GENERAL,0,0,0,0,0,1,05032,0,0
1,CINTA EPSON SO150329,UNIDAD,1,0,0,1,0,0,1,GENERAL,0,0,0,0,0,1,381,0,0
1,CINTA EPSON SO15086,UNIDAD,1,0,0,1,0,0,1,GENERAL,0,0,0,0,0,1,380,0,0
1,CINTA EPSON SO153335,UNIDAD,1,0,0,1,0,0,1,GENERAL,0,0,0,0,0,1,382,0,0
1,CINTA METRICA 5 MTS.,UNIDAD,1,0,0,1,0,0,1,GENERAL,0,0,0,0,0,1,03617,0,0
1,CINTA METRICA 8 MTS C/MPACTO,UNIDAD,1,0,0,1,0,0,1,GENERAL,0,0,0,0,0,1,0845,0,0
1,CINTA P/MAQUINA ELEC. H-CORRECTABLE H-D,UNIDAD,1,0,0,1,0,0,1,GENERAL,0,0,0,0,0,1,419,0,0
1,CINTA PARA MAQUINA OLIVETI 510,UNIDAD,1,0,0,1,0,0,1,GENERAL,0,0,0,0,0,1,450,0,0
1,CINTA PORTAGAFETE COLOR NEGRO,UNIDAD,1,0,0,1,0,0,1,GENERAL,0,0,0,0,0,1,664,0,0
1,CINTA SCOTCH 130C 3/4 HULE DOBLE PEQUE,UNIDAD,1,0,0,1,0,0,1,GENERAL,0,0,0,0,0,1,0680,0,0
1,CINTRURON PARA ELECTRICISTA,UNIDAD,1,0,0,1,0,0,1,GENERAL,0,0,0,0,0,1,03508,0,0
1,CINTURON (FAJA FUERZA LUMBAR),UNIDAD,1,0,0,1,0,0,1,GENERAL,0,0,0,0,0,1,03624,0,0
1,CINTURONES LISOS,UNIDAD,1,0,0,1,0,0,1,GENERAL,0,0,0,0,0,1,54,0,0
1,CISCO SPA112,UNIDAD,1,0,0,1,0,0,1,GENERAL,0,0,0,0,0,1,04745,0,0
1,CLARO: CLARO SIM CARD RE,UNIDAD,1,0,0,1,0,0,99,GENERAL,0,0,0,0,0,1,02099,0,0
1,"CLARO: ROLLO DE VENDA GASA 4""X4.1 YARDAS ESTERIL",UNIDAD,1,0,0,1,0,0,1,GENERAL,0,0,0,0,0,1,02090,0,0
1,CLARO: SIM CLARO CARD GPRS.,UNIDAD,1,0,0,1,0,0,1,GENERAL,0,0,0,0,0,1,0587,0,0
1,CLAVIJA MACHO PARA CONECCION,UNIDAD,1,0,0,1,0,0,1,GENERAL,0,0,0,0,0,1,03519,0,0
1,CLAVIJA PARA RELE SOCKET,UNIDAD,1,0,0,1,0,0,1,GENERAL,0,0,0,0,0,1,0597,0,0
1,CLAVO ACERADO 3/4 CON ARANDELA,UNIDAD,1,0,0,1,0,0,1,GENERAL,0,0,0,0,0,1,01134,0,0
1,"CLAVO ACERADO DE 1""",UNIDAD,1,0,0,1,0,0,1,GENERAL,0,0,0,0,0,1,0052,0,0
1,"CLAVO ACERADO DE 2""",UNIDAD,1,0,0,1,0,0,1,GENERAL,0,0,0,0,0,1,03447,0,0
1,"CLAVO CON ARANDELA DE 1"" PARA FULMINANTE",UNIDAD,1,0,0,1,0,0,1,GENERAL,0,0,0,0,0,1,03212,0,0
1,"CLAVO DE 1""",UNIDAD,1,0,0,1,0,0,1,GENERAL,0,0,0,0,0,1,0562,0,0
1,CLAVO P/PISTOLA ALTO IMPACTO CALIBRE 22,UNIDAD,1,0,0,1,0,0,1,GENERAL,0,0,0,0,0,1,01191,0,0
1,CLAVO PARA ACERO X-S 13 HILTI,UNIDAD,1,0,0,1,0,0,1,GENERAL,0,0,0,0,0,1,0459,0,0
1,CLAVO PARA ARCHIVAR,UNIDAD,1,0,0,1,0,0,1,GENERAL,0,0,0,0,0,1,596,0,0
1,CLI MAX HSGW-GEN2-V1 LTE DT-41 DOBLE RUTA CON CABL,UNIDAD,1,0,0,1,0,0,1,GENERAL,0,0,0,0,0,1,06352,0,0
1,"CLIMAX  PANEL HYBRID, 160 ZONAS,2 PARTICIONES, REC",UNIDAD,1,0,0,1,0,0,1,GENERAL,0,0,0,0,0,1,06604,0,0
1,CLIMAX HEAT SENSOR 433 MHZ,UNIDAD,1,0,0,1,0,0,1,GENERAL,0,0,0,0,0,1,06580,0,0
1,CLIMAX HSGW DT41 PANEL (GEN 2) HSGW GEN 2 PANEL WI,UNIDAD,1,0,0,1,0,0,1,GENERAL,0,0,0,0,0,1,06601,0,0
1,CLIMAX HSGW-GEN2-VI-TYPE 8 - CABLE DE ALIMENTACI?N,UNIDAD,1,0,0,1,0,0,1,GENERAL,0,0,0,0,0,1,06588,0,0
1,CLIMAX HYGW-M8 LTE GEN2 DUAL PATH HYBRID PANEL WIT,UNIDAD,1,0,0,1,0,0,1,GENERAL,0,0,0,0,0,1,06579,0,0
1,"CLIMAX IR-32SL PIR MOTION SENSOR, F1-433 MHZ",UNIDAD,1,0,0,1,0,0,1,GENERAL,0,0,0,0,0,1,06613,0,0
1,CLIMAX KP-35 REMOTE KEYPAD COMBO WITH LCD DIS,UNIDAD,1,0,0,1,0,0,1,GENERAL,0,0,0,0,0,1,06605,0,0
1,CLIMAX KP-39B REMOTE KEYPAD WITH IP34 WATER RESIST,UNIDAD,1,0,0,1,0,0,1,GENERAL,0,0,0,0,0,1,06578,0,0
1,CLIMAX MDC-3 MINI DOOR/WINDOW CONTACT SENSOR,UNIDAD,1,0,0,1,0,0,1,GENERAL,0,0,0,0,0,1,06610,0,0
1,"CLIMAX TEMPERATURE SENSOR, F1-433 MHZ",UNIDAD,1,0,0,1,0,0,1,GENERAL,0,0,0,0,0,1,06581,0,0
1,CLIMAX WTRQ EMERGENCY PENDANT/WRIST TRANSMITTER/PA,UNIDAD,1,0,0,1,0,0,1,GENERAL,0,0,0,0,0,1,06582,0,0
1,CLIPS GRANDES,CAJA,1,0,0,1,0,0,1,GENERAL,0,0,0,0,0,1,330,0,0
1,CLIPS PEQUEÑOS,CAJA,1,0,0,1,0,0,1,GENERAL,0,0,0,0,0,1,331,0,0
1,CLIPS TRIANGULAR #1,UNIDAD,1,0,0,1,0,0,1,GENERAL,0,0,0,0,0,1,694,0,0
1,"CLIPS,TARUGOS Y TORNILLO",UNIDAD,1,0,0,1,0,0,1,GENERAL,0,0,0,0,0,1,678,0,0
1,CM000061 54/50 ESCALERIA 3 METROS 2*2PLG,UNIDAD,1,0,0,1,0,0,1,GENERAL,0,0,0,0,0,1,03609,0,0
1,CM000091 54/200 ESCALERIA DE 3M 2*18PLG,UNIDAD,1,0,0,1,0,0,1,GENERAL,0,0,0,0,0,1,03608,0,0
1,CMF-300 MODULO DE SALIDA DE NOTIFICACION  (BOCINAS,UNIDAD,1,0,0,1,0,0,1,GENERAL,0,0,0,0,0,1,05687,0,0
1,COBERTOR IPAD MC939ZMA,UNIDAD,1,0,0,1,0,0,1,GENERAL,0,0,0,0,0,1,673,0,0
1,COBERTOR PARA CONECTOR DB9 HEMBRA,UNIDAD,1,0,0,1,0,0,1,GENERAL,0,0,0,0,0,1,03380,0,0
1,CODE ENCRIPTOR : BOTON INHALAMBRICO ENCRIPTOR  TIPO LLAVE,UNIDAD,1,0,0,1,0,0,1,GENERAL,0,0,0,0,0,1,0262,0,0
1,CODE ENCRIPTOR : KIT ENCRIPTOR CE2R-SP 1 CANAL,UNIDAD,1,0,0,1,0,0,1,GENERAL,0,0,0,0,0,1,0017,0,0
1,CODE ENCRIPTOR : KIT ENCRIPTOR CE2Y HONEYWELL,UNIDAD,1,0,0,1,0,0,1,GENERAL,0,0,0,0,0,1,0259,0,0
1,CODE ENCRIPTOR : KIT ENCRIPTOR CE2Y-LX2  4 FUNCIONES,UNIDAD,1,0,0,1,0,0,1,GENERAL,0,0,0,0,0,1,0329,0,0
1,CODE ENCRIPTOR RE,UNIDAD,1,0,0,1,0,0,1,GENERAL,0,0,0,0,0,1,2102,0,0
1,CODERAS,PARES,1,0,0,1,0,0,1,GENERAL,0,0,0,0,0,1,0591,0,0
1,CODO DE 4 PULGADAS PVC,UNIDAD,1,0,0,1,0,0,1,GENERAL,0,0,0,0,0,1,05850,0,0
1,CODO DE CANALETA PLANO DE 100X45,UNIDAD,1,0,0,1,0,0,1,GENERAL,0,0,0,0,0,1,04110,0,0
1,CODO EXTERNO PARA CANALETA 100*45,UNIDAD,1,0,0,1,0,0,1,GENERAL,0,0,0,0,0,1,04111,0,0
1,CODO INTERNO PARA CANALETA DE 100*45,UNIDAD,1,0,0,1,0,0,1,GENERAL,0,0,0,0,0,1,04112,0,0
1,"CODO PARA CANAL ELECTRICA 3""X3"" 'INS'",UNIDAD,1,0,0,1,0,0,1,GENERAL,0,0,0,0,0,1,0989,0,0
1,CODO PLANO PARA CANALETA DE 105*65MM LEG,UNIDAD,1,0,0,1,0,0,1,GENERAL,0,0,0,0,0,1,0893,0,0
1,"CODO PVC GRIS 3/4""",UNIDAD,1,0,0,1,0,0,1,GENERAL,0,0,0,0,0,1,04038,0,0
1,COFRE CON CERRADURA ELECTRONICA P/VALORES,UNIDAD,1,0,0,1,0,0,1,GENERAL,0,0,0,0,0,1,04780,0,0
1,COLECTOR DE RONDA INDIVIDUAL CON FUNDA,UNIDAD,1,0,0,1,0,0,1,GENERAL,0,0,0,0,0,1,01113,0,0
1,COMBO BARRENO INALAMBRICO MILWAUKEE,UNIDAD,1,0,0,1,0,0,1,GENERAL,0,0,0,0,0,1,04489,0,0
1,COMBO DE TECLADO Y MOUSE INALAMBRICO PUERTO USB,KIT,1,0,0,1,0,0,1,GENERAL,0,0,0,0,0,1,615,0,0
1,COMBO MONITOR Y 4 CAMARAS R4B4DCM-5G,KIT,1,0,0,1,0,0,1,GENERAL,0,0,0,0,0,1,03151,0,0
1,COMBUSTIBLE ADMINISTRATIVO,,3,0,0,0,0,0,0,GENERAL,0,0,0,0,0,1,SRV0208,0,0
1,COMBUSTIBLE DIESEL GALON ADMINISTRATIVO,,3,0,0,0,0,0,0,GENERAL,0,0,0,0,0,1,SRV0336,0,0
1,COMBUSTIBLE DIESEL GALON DIRECTO,,3,0,0,0,0,0,0,GENERAL,0,0,0,0,0,1,SRV0334,0,0
1,COMBUSTIBLE DIESEL GALON INDIRECTO,,3,0,0,0,0,0,0,GENERAL,0,0,0,0,0,1,SRV0335,0,0
1,COMBUSTIBLE DIRECTO,,3,0,0,0,0,0,0,GENERAL,0,0,0,0,0,1,SRV0209,0,0
1,COMBUSTIBLE INDIRECTO,,3,0,0,0,0,0,0,GENERAL,0,0,0,0,0,1,SRV0210,0,0
1,COMBUSTIBLE REGULAR GALON ADMINISTRATIVO,,3,0,0,0,0,0,0,GENERAL,0,0,0,0,0,1,SRV0339,0,0
1,COMBUSTIBLE REGULAR GALON DIRECTO,,3,0,0,0,0,0,0,GENERAL,0,0,0,0,0,1,SRV0337,0,0
1,COMBUSTIBLE REGULAR GALON INDIRECTO,,3,0,0,0,0,0,0,GENERAL,0,0,0,0,0,1,SRV0338,0,0
1,COMBUSTIBLE SUPER GALON ADMINISTRATIVO,,3,0,0,0,0,0,0,GENERAL,0,0,0,0,0,1,SRV0342,0,0
1,COMBUSTIBLE SUPER GALON DIRECTO,,3,0,0,0,0,0,0,GENERAL,0,0,0,0,0,1,SRV0340,0,0
1,COMBUSTIBLE SUPER GALON INDIRECTO,,3,0,0,0,0,0,0,GENERAL,0,0,0,0,0,1,SRV0341,0,0
1,COMISION COBROS,SRV,3,0,0,0,0,0,0,GENERAL,0,0,0,0,0,1,SRV0386,0,0
1,COMISIONES FRE,SRV,3,0,0,0,0,0,0,GENERAL,0,0,0,0,0,1,SRV0391,0,0
1,COMISIONES INDIRECTO,,3,0,0,0,0,0,0,GENERAL,0,0,0,0,0,1,SRV0372,0,0
1,COMM INTERFACE ADAPTER MODEM CIA2,UNIDAD,1,0,0,1,0,0,1,GENERAL,0,0,0,0,0,1,04267,0,0
1,COMPAQ: COMPUTADORA DE ESCRITORIO CQ1-1407LA,UNIDAD,1,0,0,1,0,0,1,GENERAL,0,0,0,0,0,1,594,0,0
1,COMPAQ: LAPTOP CQ43-300LA,UNIDAD,1,0,0,1,0,0,1,GENERAL,0,0,0,0,0,1,595,0,0
1,COMPLA EMT DE 1 1/2,UNIDAD,1,0,0,1,0,0,1,GENERAL,0,0,0,0,0,1,04319,0,0
1,COMPRAS PENDIENTES DE DOCUMENTACION,UNIDAD,3,0,0,0,0,0,0,GENERAL,0,0,0,0,0,1,SRV0389,0,0
1,COMPRESA FRIA NO TOXICA,UNIDAD,1,0,0,1,0,0,1,GENERAL,0,0,0,0,0,1,06202,0,0
1,COMPUTADORA COMPAC CQ1-3071,UNIDAD,1,0,0,1,0,0,1,GENERAL,0,0,0,0,0,1,533,0,0
1,COMPUTADORA DE ESCRITORIO  CORE2 DUO,UNIDAD,1,0,0,1,0,0,1,GENERAL,0,0,0,0,0,1,01032,0,0
1,COMPUTADORA DE ESCRITORIO HP CORE I5-459,UNIDAD,1,0,0,1,0,0,1,GENERAL,0,0,0,0,0,1,04490,0,0
1,COMPUTADORA DE ESCRITORIO LENOVO M700 SPA CI5 8G,UNIDAD,1,0,0,1,0,0,1,GENERAL,0,0,0,0,0,1,04801,0,0
1,COMPUTADORA DE TRABAJO,UNIDAD,1,0,0,1,0,0,1,GENERAL,0,0,0,0,0,1,06631,0,0
1,COMPUTADORA DELL CORE I3 8GB RAM HDD 500GB DESKTOP,UNIDAD,1,0,0,1,0,0,1,GENERAL,0,0,0,0,0,1,05290,0,0
1,COMPUTADORA DELL LATITUDE E6440,UNIDAD,1,0,0,1,0,0,1,GENERAL,0,0,0,0,0,1,907,0,0
1,COMPUTADORA HP 260GL MINI PC CORE3,UNIDAD,1,0,0,1,0,0,1,GENERAL,0,0,0,0,0,1,2078,0,0
1,"COMPUTADORA LAPTOP HP,15-DY2062LA 8GB 15.6""",UNIDAD,1,0,0,1,0,0,1,GENERAL,0,0,0,0,0,1,04646,0,0
1,"COMPUTADORA OPTIPLEX 7010/T,COREI7-3770,",UNIDAD,1,0,0,1,0,0,1,GENERAL,0,0,0,0,0,1,830,0,0
1,COMPUTADORA PORTATIL ACER EMD728-4693,UNIDAD,1,0,0,1,0,0,1,GENERAL,0,0,0,0,0,1,510,0,0
1,COMPUTADORA PORTATIL HP15-H006LA PC LTNA,UNIDAD,1,0,0,1,0,0,1,GENERAL,0,0,0,0,0,1,776,0,0
1,COMPUTADORAS,UNI,4,1,0,1,0,0,0,GENERAL,0,0,0,0,0,1,COMP01,0,0
1,"COMUNIC GSM CUADRIBANDA, CON GABINETE",UNIDAD,1,0,0,1,0,0,1,GENERAL,0,0,0,0,0,1,04197,0,0
1,COMUNICACIONES ADMINISTRATIVO,,3,0,0,0,0,0,0,GENERAL,0,0,0,0,0,1,SRV0180,0,0
1,COMUNICACIONES DIRECTO,,3,0,0,0,0,0,0,GENERAL,0,0,0,0,0,1,SRV0179,0,0
1,COMUNICACIONES INDIRECTO,,3,0,0,0,0,0,0,GENERAL,0,0,0,0,0,1,SRV0173,0,0
1,COMUNICACIONES INTERNET ADMINISTRATIVO,,3,0,0,0,0,0,0,GENERAL,0,0,0,0,0,1,SRV0362,0,0
1,COMUNICACIONES INTERNET DIRECTO,,3,0,0,0,0,0,0,GENERAL,0,0,0,0,0,1,SRV0360,0,0
1,COMUNICACIONES INTERNET INDIRECTO,,3,0,0,0,0,0,0,GENERAL,0,0,0,0,0,1,SRV0361,0,0
1,COMUNICACIONES LINEA FIJA ADMINISTRATIVO,,3,0,0,0,0,0,0,GENERAL,0,0,0,0,0,1,SRV0365,0,0
1,COMUNICACIONES LINEA FIJA DIRECTO,,3,0,0,0,0,0,0,GENERAL,0,0,0,0,0,1,SRV0363,0,0
1,COMUNICACIONES LINEA FIJA INDIRECTO,,3,0,0,0,0,0,0,GENERAL,0,0,0,0,0,1,SRV0364,0,0
1,COMUNICACIONES MOVIL ADMINISTRATIVO,,3,0,0,0,0,0,0,GENERAL,0,0,0,0,0,1,SRV0368,0,0
1,COMUNICACIONES MOVIL DIRECTO,,3,0,0,0,0,0,0,GENERAL,0,0,0,0,0,1,SRV0366,0,0
1,COMUNICACIONES MOVIL INDIRECTO,,3,0,0,0,0,0,0,GENERAL,0,0,0,0,0,1,SRV0367,0,0
1,COMUNICADOR 3G4005 HSPA INOCOMM 3G4005-LAT,UNIDAD,1,0,0,1,0,0,1,GENERAL,0,0,0,0,0,1,05235,0,0
1,COMUNICADOR ADC-R100-LA-AT,UNIDAD,1,0,0,1,0,0,1,GENERAL,0,0,0,0,0,1,06657,0,0
1,COMUNICADOR ALARM.COM DSC TL8803GAT-LAT,UNIDAD,1,0,0,1,0,0,1,GENERAL,0,0,0,0,0,1,04805,0,0
1,COMUNICADOR CELULAR GPRS/GSM PCS250,UNIDAD,1,0,0,1,0,0,1,GENERAL,0,0,0,0,0,1,04415,0,0
1,COMUNICADOR DE ALARMA VIA INTERNET TL2803G,UNIDAD,1,0,0,1,0,0,1,GENERAL,0,0,0,0,0,1,04577,0,0
1,COMUNICADOR DE VOZ CHIP 12VCD EEPROM,UNIDAD,1,0,0,1,0,0,1,GENERAL,0,0,0,0,0,1,0717,0,0
1,COMUNICADOR DSC NEO 3G2080E-LAT,UNIDAD,1,0,0,1,0,0,1,GENERAL,0,0,0,0,0,1,06076,0,0
1,COMUNICADOR DSC TL405LELAT,UNIDAD,1,0,0,1,0,0,1,GENERAL,0,0,0,0,0,1,06332,0,0
1,COMUNICADOR GSM/GPRS DSC GS3055,UNIDAD,1,0,0,1,0,0,1,GENERAL,0,0,0,0,0,1,06019,0,0
1,COMUNICADOR GSMX,UNIDAD,1,0,0,1,0,0,1,GENERAL,0,0,0,0,0,1,03738,0,0
1,COMUNICADOR INTERACTIVO ADC-100 SEM LTE,UNIDAD,1,0,0,1,0,0,1,GENERAL,0,0,0,0,0,1,04897,0,0
1,COMUNICADOR INTERACTIVO ADC-200H-EVD,UNIDAD,1,0,0,1,0,0,1,GENERAL,0,0,0,0,0,1,04462,0,0
1,COMUNICADOR INTERACTIVO DSC SEM100-PS-TF,UNIDAD,1,0,0,1,0,0,1,GENERAL,0,0,0,0,0,1,04936,0,0
1,COMUNICADOR MODEM 120-3633,UNIDAD,1,0,0,1,0,0,1,GENERAL,0,0,0,0,0,1,03755,0,0
1,COMUNICADOR NEO TL8803 RE,UNIDAD,1,0,0,1,0,0,1,GENERAL,0,0,0,0,0,1,06528,0,0
1,COMUNICADOR PARA GARAGE Z-WAVE (DEMO),UNIDAD,1,0,0,1,0,0,1,GENERAL,0,0,0,0,0,1,05200,0,0
1,COMUNICADOR PARA PANEL SIMON RE,UNIDAD,1,0,0,1,0,0,1,GENERAL,0,0,0,0,0,1,05072,0,0
1,COMUNICADOR SEM (DEMO),UNIDAD,1,0,0,1,0,0,1,GENERAL,0,0,0,0,0,1,05198,0,0
1,COMUNICADOR SEM 200 RMA-RE,UNIDAD,1,0,0,1,0,0,1,GENERAL,0,0,0,0,0,1,05403,0,0
1,COMUNICADOR SEM GPRS(DEMO),UNIDAD,1,0,0,1,0,0,1,GENERAL,0,0,0,0,0,1,05199,0,0
1,COMUNICADOR TL8803GAT-LAT RMA RE,UNIDAD,1,0,0,1,0,0,1,GENERAL,0,0,0,0,0,1,05734,0,0
1,COMUNICADOR UNIVERSAL DSC 3G4000W/3G4005W,UNIDAD,1,0,0,1,0,0,1,GENERAL,0,0,0,0,0,1,05888,0,0
1,COMUNICADOR UNIVERSAL GSM/3GDSC(3G4005) RMA,UNIDAD,1,0,0,1,0,0,1,GENERAL,0,0,0,0,0,1,05968,0,0
1,COMUNICADOR UNIVERSAL MARCA EBS EPX400-A30C,UNIDAD,1,0,0,1,0,0,1,GENERAL,0,0,0,0,0,1,06389,0,0
1,COMUNICADOR UNIVERSAL TCP-IP TL300,UNIDAD,1,0,0,1,0,0,1,GENERAL,0,0,0,0,0,1,05365,0,0
1,CONCTACTO MAGNETICO DE 30 AMPERIOS,UNIDAD,1,0,0,1,0,0,1,GENERAL,0,0,0,0,0,1,03309,0,0
1,"CONDULET ""LR"" DE 2""",UNIDAD,1,0,0,1,0,0,1,GENERAL,0,0,0,0,0,1,04262,0,0
1,CONDULET C DE 1 1/4,UNIDAD,1,0,0,1,0,0,1,GENERAL,0,0,0,0,0,1,04478,0,0
1,"CONDULET C DE 1"" CON TAPADERA",UNIDAD,1,0,0,1,0,0,1,GENERAL,0,0,0,0,0,1,04180,0,0
1,"CONDULET C DE 1/2"" CON TAPADERA",UNIDAD,1,0,0,1,0,0,1,GENERAL,0,0,0,0,0,1,04179,0,0
1,"CONDULET C DE 2"" CON TAPADERA",UNIDAD,1,0,0,1,0,0,1,GENERAL,0,0,0,0,0,1,04296,0,0
1,CONDULET C DE 3/4 CON TAPADERA,UNIDAD,1,0,0,1,0,0,1,GENERAL,0,0,0,0,0,1,01080,0,0
1,CONDULET LB DE 1 1/4,UNIDAD,1,0,0,1,0,0,1,GENERAL,0,0,0,0,0,1,04481,0,0
1,"CONDULET LB DE 1"" CON TAPADERA",UNIDAD,1,0,0,1,0,0,1,GENERAL,0,0,0,0,0,1,01047,0,0
1,"CONDULET LB DE 1/2"" CON TAPADERA",UNIDAD,1,0,0,1,0,0,1,GENERAL,0,0,0,0,0,1,04205,0,0
1,CONDULET LB DE 3/4,UNIDAD,1,0,0,1,0,0,1,GENERAL,0,0,0,0,0,1,01078,0,0
1,CONDULET LL  DE 3/4,UNIDAD,1,0,0,1,0,0,1,GENERAL,0,0,0,0,0,1,03547,0,0
1,CONDULET LL DE 1 1/4,UNIDAD,1,0,0,1,0,0,1,GENERAL,0,0,0,0,0,1,04479,0,0
1,"CONDULET LL DE 1"" CON TAPADERA",UNIDAD,1,0,0,1,0,0,1,GENERAL,0,0,0,0,0,1,01048,0,0
1,CONDULET LR DE 1 1/4,UNIDAD,1,0,0,1,0,0,1,GENERAL,0,0,0,0,0,1,04482,0,0
1,"CONDULET LR DE 1"" CON TAPADERA",UNIDAD,1,0,0,1,0,0,1,GENERAL,0,0,0,0,0,1,01046,0,0
1,CONDULET LR DE 3/4,UNIDAD,1,0,0,1,0,0,1,GENERAL,0,0,0,0,0,1,03546,0,0
1,"CONDULET RECTAS DE 1/2""",UNIDAD,1,0,0,1,0,0,1,GENERAL,0,0,0,0,0,1,04243,0,0
1,CONDULET T 3/4,UNIDAD,1,0,0,1,0,0,1,GENERAL,0,0,0,0,0,1,03548,0,0
1,CONDULET T DE 1 1/4,UNIDAD,1,0,0,1,0,0,1,GENERAL,0,0,0,0,0,1,04480,0,0
1,"CONDULET T DE 1""",UNIDAD,1,0,0,1,0,0,1,GENERAL,0,0,0,0,0,1,03616,0,0
1,"CONDULET T DE 1"" CON TAPADERA",UNIDAD,1,0,0,1,0,0,1,GENERAL,0,0,0,0,0,1,04182,0,0
1,"CONDULET T DE 1/2"" CON TAPADERA",UNIDAD,1,0,0,1,0,0,1,GENERAL,0,0,0,0,0,1,04181,0,0
1,CONDULET T DE 3/4 CON TAPADERA,UNIDAD,1,0,0,1,0,0,1,GENERAL,0,0,0,0,0,1,01079,0,0
1,CONDULET TIPO L DE 3/4,UNIDAD,1,0,0,1,0,0,1,GENERAL,0,0,0,0,0,1,03542,0,0
1,"CONECTON DUCTOR DE 1""",UNIDAD,1,0,0,1,0,0,1,GENERAL,0,0,0,0,0,1,0507,0,0
1,CONECTOR  AISLADO PARA COMUNICACION 2,UNIDAD,1,0,0,1,0,0,1,GENERAL,0,0,0,0,0,1,01081,0,0
1,CONECTOR  BNC,UNIDAD,1,0,0,1,0,0,1,GENERAL,0,0,0,0,0,1,0056,0,0
1,CONECTOR  DE VOLTAJE/MACHO PARA CAMARA,UNIDAD,1,0,0,1,0,0,1,GENERAL,0,0,0,0,0,1,03618,0,0
1,CONECTOR BLINDADO RJ45 CAT6,UNIDAD,1,0,0,1,0,0,1,GENERAL,0,0,0,0,0,1,01164,0,0
1,CONECTOR BNC A RCA,UNIDAD,1,0,0,1,0,0,1,GENERAL,0,0,0,0,0,1,03526,0,0
1,CONECTOR BNC CON BORNERAS,UNIDAD,1,0,0,1,0,0,1,GENERAL,0,0,0,0,0,1,04889,0,0
1,CONECTOR BNC RG/6,UNIDAD,1,0,0,1,0,0,1,GENERAL,0,0,0,0,0,1,04975,0,0
1,CONECTOR BX CURVO 1 1/4,UNIDAD,1,0,0,1,0,0,1,GENERAL,0,0,0,0,0,1,04219,0,0
1,CONECTOR BX CURVO 3/4,UNIDAD,1,0,0,1,0,0,1,GENERAL,0,0,0,0,0,1,0055,0,0
1,CONECTOR BX DE 1  1/4,UNIDAD,1,0,0,1,0,0,1,GENERAL,0,0,0,0,0,1,03155,0,0
1,CONECTOR BX DE 3/8,UNIDAD,1,0,0,1,0,0,1,GENERAL,0,0,0,0,0,1,01066,0,0
1,"CONECTOR BX L 1""",UNIDAD,1,0,0,1,0,0,1,GENERAL,0,0,0,0,0,1,04786,0,0
1,"CONECTOR BX L DE 1/2""",UNIDAD,1,0,0,1,0,0,1,GENERAL,0,0,0,0,0,1,04806,0,0
1,CONECTOR BX LT CURVO DE 1/2,UNIDAD,1,0,0,1,0,0,1,GENERAL,0,0,0,0,0,1,03486,0,0
1,"CONECTOR BX LT DE  1""",UNIDAD,1,0,0,1,0,0,1,GENERAL,0,0,0,0,0,1,04488,0,0
1,"CONECTOR BX LT RECTO 3/4""",UNIDAD,1,0,0,1,0,0,1,GENERAL,0,0,0,0,0,1,03661,0,0
1,"CONECTOR BX LT RECTO DE 1 1/4""",UNIDAD,1,0,0,1,0,0,1,GENERAL,0,0,0,0,0,1,03660,0,0
1,CONECTOR BX LT RECTO DE 1/2,UNIDAD,1,0,0,1,0,0,1,GENERAL,0,0,0,0,0,1,03485,0,0
1,"CONECTOR BX RECTO 1/2""",UNIDAD,1,0,0,1,0,0,1,GENERAL,0,0,0,0,0,1,0968,0,0
1,CONECTOR BX RECTO DE   1  1/4,UNIDAD,1,0,0,1,0,0,1,GENERAL,0,0,0,0,0,1,03205,0,0
1,CONECTOR BX RECTO DE 1   1/2,UNIDAD,1,0,0,1,0,0,1,GENERAL,0,0,0,0,0,1,03465,0,0
1,"CONECTOR BX RECTO DE 1""",UNIDAD,1,0,0,1,0,0,1,GENERAL,0,0,0,0,0,1,03065,0,0
1,"CONECTOR BX RECTO DE 2""",UNIDAD,1,0,0,1,0,0,1,GENERAL,0,0,0,0,0,1,03408,0,0
1,CONECTOR BX RECTO DE 3/4,UNIDAD,1,0,0,1,0,0,1,GENERAL,0,0,0,0,0,1,01070,0,0
1,CONECTOR CURVO BX 1/2,UNIDAD,1,0,0,1,0,0,1,GENERAL,0,0,0,0,0,1,05612,0,0
1,"CONECTOR CURVO DE LT 2""",UNIDAD,1,0,0,1,0,0,1,GENERAL,0,0,0,0,0,1,03790,0,0
1,CONECTOR CURVO LT DE 1,UNIDAD,1,0,0,1,0,0,1,GENERAL,0,0,0,0,0,1,03582,0,0
1,CONECTOR DB15   MACHO,UNIDAD,1,0,0,1,0,0,1,GENERAL,0,0,0,0,0,1,03312,0,0
1,CONECTOR DB9 HEMBRA,UNIDAD,1,0,0,1,0,0,1,GENERAL,0,0,0,0,0,1,03379,0,0
1,CONECTOR DE 1/2 PARA FLEXITUBO,UNIDAD,1,0,0,1,0,0,1,GENERAL,0,0,0,0,0,1,06564,0,0
1,CONECTOR DUCTON DE 1 1/2,UNIDAD,1,0,0,1,0,0,1,GENERAL,0,0,0,0,0,1,0751,0,0
1,CONECTOR DUCTON DE 1 1/4,UNIDAD,1,0,0,1,0,0,1,GENERAL,0,0,0,0,0,1,0610,0,0
1,CONECTOR DUCTON DE 1/2,UNIDAD,1,0,0,1,0,0,1,GENERAL,0,0,0,0,0,1,01085,0,0
1,"CONECTOR DUCTON DE 2""",UNIDAD,1,0,0,1,0,0,1,GENERAL,0,0,0,0,0,1,0982,0,0
1,CONECTOR DUCTON EMT  1  1/2,UNIDAD,1,0,0,1,0,0,1,GENERAL,0,0,0,0,0,1,02017,0,0
1,"CONECTOR DUCTOR DE 1 1/4""",UNIDAD,1,0,0,1,0,0,1,GENERAL,0,0,0,0,0,1,0508,0,0
1,"CONECTOR EMT 1""",UNIDAD,1,0,0,1,0,0,1,GENERAL,0,0,0,0,0,1,04902,0,0
1,"CONECTOR EMT 3/4""",UNIDAD,1,0,0,1,0,0,1,GENERAL,0,0,0,0,0,1,04289,0,0
1,CONECTOR EMT DE 1 1/4,UNIDAD,1,0,0,1,0,0,1,GENERAL,0,0,0,0,0,1,04320,0,0
1,"CONECTOR EMT DE 1/2""",UNIDAD,1,0,0,1,0,0,1,GENERAL,0,0,0,0,0,1,04322,0,0
1,"CONECTOR EMT DE 2""",UNIDAD,1,0,0,1,0,0,1,GENERAL,0,0,0,0,0,1,04255,0,0
1,CONECTOR GEL PARA DATOS,UNIDAD,1,0,0,1,0,0,1,GENERAL,0,0,0,0,0,1,01074,0,0
1,CONECTOR JR52 EPCOM,UNIDAD,1,0,0,1,0,0,1,GENERAL,0,0,0,0,0,1,03926,0,0
1,CONECTOR LT DE 3/4,UNIDAD,1,0,0,1,0,0,1,GENERAL,0,0,0,0,0,1,01088,0,0
1,CONECTOR PARA DATOS RJ-11,UNIDAD,1,0,0,1,0,0,1,GENERAL,0,0,0,0,0,1,01041,0,0
1,CONECTOR PARA DATOS RJ-45,UNIDAD,1,0,0,1,0,0,1,GENERAL,0,0,0,0,0,1,483,0,0
1,"CONECTOR PARA FLEXITUBO 1""",UNIDAD,1,0,0,1,0,0,1,GENERAL,0,0,0,0,0,1,05555,0,0
1,CONECTOR PARA FLEXITUBO DE 1/2,METRO,1,0,0,1,0,0,1,GENERAL,0,0,0,0,0,1,0770,0,0
1,CONECTOR PARA FLEXITUBO DE 3/4¨¨,UNIDAD,1,0,0,1,0,0,1,GENERAL,0,0,0,0,0,1,05554,0,0
1,CONECTOR PL,UNIDAD,1,0,0,1,0,0,1,GENERAL,0,0,0,0,0,1,0057,0,0
1,CONECTOR PRENSA CABLE CALIBRE 4,UNIDAD,1,0,0,1,0,0,1,GENERAL,0,0,0,0,0,1,03643,0,0
1,"CONECTOR PVC 1/2""",UNIDAD,1,0,0,1,0,0,1,GENERAL,0,0,0,0,0,1,0966,0,0
1,CONECTOR PVC 3/4 CON TUERCA,UNIDAD,1,0,0,1,0,0,1,GENERAL,0,0,0,0,0,1,0692,0,0
1,CONECTOR PVC DE 1 1/2,UNIDAD,1,0,0,1,0,0,1,GENERAL,0,0,0,0,0,1,05010,0,0
1,"CONECTOR PVC DE 1 1/4""",UNIDAD,1,0,0,1,0,0,1,GENERAL,0,0,0,0,0,1,03653,0,0
1,"CONECTOR PVC DE 1""",UNIDAD,1,0,0,1,0,0,1,GENERAL,0,0,0,0,0,1,03153,0,0
1,CONECTOR PVC DE 2 PULGADAS,UNIDAD,1,0,0,1,0,0,1,GENERAL,0,0,0,0,0,1,03169,0,0
1,CONECTOR PVC DE 3/4,UNIDAD,1,0,0,1,0,0,1,GENERAL,0,0,0,0,0,1,03210,0,0
1,CONECTOR RCA,UNIDAD,1,0,0,1,0,0,1,GENERAL,0,0,0,0,0,1,03503,0,0
1,CONECTOR RCA A BNC,UNIDAD,1,0,0,1,0,0,1,GENERAL,0,0,0,0,0,1,0810,0,0
1,CONECTOR RE PARA CAMARA MACHO,UNIDAD,1,0,0,1,0,0,1,GENERAL,0,0,0,0,0,1,0214,0,0
1,"CONECTOR RECTO LT 2""",UNIDAD,1,0,0,1,0,0,1,GENERAL,0,0,0,0,0,1,03789,0,0
1,CONECTOR RECTO LT DE 1,UNIDAD,1,0,0,1,0,0,1,GENERAL,0,0,0,0,0,1,03583,0,0
1,CONECTOR RJ-12,UNIDAD,1,0,0,1,0,0,1,GENERAL,0,0,0,0,0,1,04909,0,0
1,CONECTOR RJ45 8 CONTACTOS CAT6 PARA CABLE REDONDO,UNIDAD,1,0,0,1,0,0,1,GENERAL,0,0,0,0,0,1,05359,0,0
1,CONECTOR RJ-45 HEMBRA HEMBRA,UNIDAD,1,0,0,1,0,0,1,GENERAL,0,0,0,0,0,1,05342,0,0
1,CONECTOR TWISLOCK,UNIDAD,1,0,0,1,0,0,1,GENERAL,0,0,0,0,0,1,03072,0,0
1,CONECTOR UHF,UNIDAD,1,0,0,1,0,0,1,GENERAL,0,0,0,0,0,1,03362,0,0
1,CONECTOR UTP RJ45 CAT6,UNIDAD,1,0,0,1,0,0,1,GENERAL,0,0,0,0,0,1,04092,0,0
1,CONECTOR VGA A RJ45,UNIDAD,1,0,0,1,0,0,1,GENERAL,0,0,0,0,0,1,06572,0,0
1,CONEXION BNC EN T 3 MACHOS,UNIDAD,1,0,0,1,0,0,1,GENERAL,0,0,0,0,0,1,05737,0,0
1,CONEXION HUB YALE CONNECT 6636,UNIDAD,1,0,0,1,0,0,1,GENERAL,0,0,0,0,0,1,06223,0,0
1,CONEXION KIT BASICO DE ALARMAS,SRV,3,0,0,1,0,0,99,GENERAL,0,0,0,0,0,1,CONX001,0,0
1,CONEXION KIT DE ALARMAS (SOLICITUD CLIENTE),SRV,3,0,0,1,0,0,99,GENERAL,0,1,0,0,0,1,CONX002,0,0
1,CONFIGURACION DEL DISPOSTIVO ESCORT BLE-BASE-USB,UNIDAD,1,0,0,1,0,0,1,GENERAL,0,0,0,0,0,1,05675,0,0
1,CONFIGURAR Y CARGAR JT707A,UNIDAD,1,0,0,1,0,0,1,GENERAL,0,0,0,0,0,1,06236,0,0
1,"CONO FLEXIBLE P/SEÑAIIZACION VIAL DE 28""",UNIDAD,1,0,0,1,0,0,1,GENERAL,0,0,0,0,0,1,03640,0,0
1,CONO NARANJA DE HULE 45CM,UNIDAD,1,0,0,1,0,0,1,GENERAL,0,0,0,0,0,1,573,0,0
1,CONSOLA DE AUDIO AVA-5302 1 COMCO SYSTEM,UNIDAD,1,0,0,1,0,0,1,GENERAL,0,0,0,0,0,1,02042,0,0
1,CONSOLA INALAMBRICA MG6250 + TRANSFORMAD,UNIDAD,1,0,0,1,0,0,1,GENERAL,0,0,0,0,0,1,03807,0,0
1,CONSOLA K-641 PARADOX,UNIDAD,1,0,0,1,0,0,1,GENERAL,0,0,0,0,0,1,03307,0,0
1,CONSUMIBLES,SRV,3,0,0,1,0,0,99,GENERAL,0,1,0,0,0,1,CONSUMO,0,0
1,CONTACOR MAGNETICO IEC 12A 120V MOELLER,UNIDAD,1,0,0,1,0,0,1,GENERAL,0,0,0,0,0,1,0839,0,0
1,CONTACT MPX 4939SN-BR,UNIDAD,1,0,0,1,0,0,1,GENERAL,0,0,0,0,0,1,05568,0,0
1,CONTACT OVH XTP FORM A ADJ MAG,UNIDAD,1,0,0,1,0,0,1,GENERAL,0,0,0,0,0,1,05908,0,0
1,CONTACTO DE VENTANA INALAMBRICO DSC PG9945,UNIDAD,1,0,0,1,0,0,1,GENERAL,0,0,0,0,0,1,04502,0,0
1,CONTACTO INALAMBRICO WS4945 DSC,UNIDAD,1,0,0,1,0,0,1,GENERAL,0,0,0,0,0,1,04329,0,0
1,CONTACTO MAGNETICO DS-PD1-MC-MS,UNIDAD,1,0,0,1,0,0,1,GENERAL,0,0,0,0,0,1,06366,0,0
1,CONTACTO MAGNETICO INALAMBRICO DS-PDMC-EG2-WB,UNIDAD,1,0,0,1,0,0,1,GENERAL,0,0,0,0,0,1,06369,0,0
1,CONTACTO PARA PUERTA INALAMBRICO PARADOX,UNIDAD,1,0,0,1,0,0,1,GENERAL,0,0,0,0,0,1,03029,0,0
1,CONTACTOR MAGNETICO IEC  110 / 220V,UNIDAD,1,0,0,1,0,0,1,GENERAL,0,0,0,0,0,1,03962,0,0
1,CONTACTOR MAGNETICO IEC 12A 120V MOELLER,UNIDAD,1,0,0,1,0,0,1,GENERAL,0,0,0,0,0,1,0880,0,0
1,CONTACTOR MAGNETICO IEC 25A 120V MOELLER,UNIDAD,1,0,0,1,0,0,1,GENERAL,0,0,0,0,0,1,0879,0,0
1,CONTENEDOR CON TAPA 135 LITROS,UNIDAD,1,0,0,1,0,0,1,GENERAL,0,0,0,0,0,1,06343,0,0
1,CONTRATO TIPO CUADRIFOLIAR G4S,UNIDAD,1,0,0,1,0,0,1,GENERAL,0,0,0,0,0,1,639,0,0
1,CONTRO DE ACCESO PARA LECTOR APC/L 2,UNIDAD,1,0,0,1,0,0,1,GENERAL,0,0,0,0,0,1,03252,0,0
1,CONTROL ACCESO,SRV,3,0,0,1,1,0,99,GENERAL,0,0,0,0,0,1,CTRLACC36,0,0
1,CONTROL CENTRAL PARADOX SP500 CON TECLADO,UNIDAD,1,0,0,1,0,0,1,GENERAL,0,0,0,0,0,1,05266,0,0
1,CONTROL DE ACCESO  C/PROX Y BIOM.APX4000,UNIDAD,1,0,0,1,0,0,1,GENERAL,0,0,0,0,0,1,04174,0,0
1,CONTROL DE ACCESO 430187001 WIU-2 TWO,UNIDAD,1,0,0,1,0,0,1,GENERAL,0,0,0,0,0,1,03280,0,0
1,CONTROL DE ACCESO BIO 500 USR,UNIDAD,1,0,0,1,0,0,1,GENERAL,0,0,0,0,0,1,0558,0,0
1,CONTROL DE ACCESO BIOMET MA300,UNIDAD,1,0,0,1,0,0,1,GENERAL,0,0,0,0,0,1,03120,0,0
1,CONTROL DE ACCESO DD1-2RDRKIT100B,KIT,1,0,0,1,0,0,1,GENERAL,0,0,0,0,0,1,03109,0,0
1,CONTROL DE ACCESO F8 ZK SOFTWARE,UNIDAD,1,0,0,1,0,0,1,GENERAL,0,0,0,0,0,1,03094,0,0
1,CONTROL DE ACCESO HUELLA Y TECLADO F-707,UNIDAD,1,0,0,1,0,0,1,GENERAL,0,0,0,0,0,1,0946,0,0
1,CONTROL DE ACCESO MA500-ID PIXIS,UNIDAD,1,0,0,1,0,0,1,GENERAL,0,0,0,0,0,1,04340,0,0
1,"CONTROL DE ACCESO/ T&A, BIO+PROX +COD",UNIDAD,1,0,0,1,0,0,1,GENERAL,0,0,0,0,0,1,0666,0,0
1,CONTROL DE ACCESOS BIOMET STAN ALONE WIE,UNIDAD,1,0,0,1,0,0,1,GENERAL,0,0,0,0,0,1,0715,0,0
1,CONTROL DE AIRE ACONDICIONADO (DEMO),UNIDAD,1,0,0,1,0,0,1,GENERAL,0,0,0,0,0,1,05202,0,0
1,CONTROL DE EXPOSICION 6 PUERTOS (KIOSKO),UNIDAD,1,0,0,1,0,0,1,GENERAL,0,0,0,0,0,1,05191,0,0
1,CONTROL INALAMBRICO 04 TECLAS PG9929,UNIDAD,1,0,0,1,0,0,1,GENERAL,0,0,0,0,0,1,04306,0,0
1,CONTROL INALAMBRICO RF P/PRESENTACIONES,UNIDAD,1,0,0,1,0,0,1,GENERAL,0,0,0,0,0,1,04469,0,0
1,CONTROL P/PTZ HID2404CLN TECLADO,UNIDAD,1,0,0,1,0,0,1,GENERAL,0,0,0,0,0,1,03950,0,0
1,CONTROL REMOTO,UNIDAD,1,0,0,1,0,0,1,GENERAL,0,0,0,0,0,1,05066,0,0
1,CONTROL REMOTO MAGELLAN,UNIDAD,1,0,0,1,0,0,1,GENERAL,0,0,0,0,0,1,0495,0,0
1,CONTROL TIPO LLAVERO MCT-234-868 4 FUNCI,UNIDAD,1,0,0,1,0,0,1,GENERAL,0,0,0,0,0,1,0553,0,0
1,CONTROLADOR DE 1 PUERTA IP POE + 12VDC,UNIDAD,1,0,0,1,0,0,1,GENERAL,0,0,0,0,0,1,05233,0,0
1,CONTROLADOR DE 1 PUERTA ONE TOUCH KT-1-LA,UNIDAD,1,0,0,1,0,0,1,GENERAL,0,0,0,0,0,1,05265,0,0
1,CONTROLADOR DE ACCESO KT-1-M-LA,UNIDAD,1,0,0,1,0,0,1,GENERAL,0,0,0,0,0,1,05326,0,0
1,CONTROLADOR DE RED INK1000,UNIDAD,1,0,0,1,0,0,1,GENERAL,0,0,0,0,0,1,03697,0,0
1,CONTROLADOR DOMO,UNIDAD,1,0,0,1,0,0,1,GENERAL,0,0,0,0,0,1,0654,0,0
1,CONTROLADOR L5100-ZWAVE,UNIDAD,1,0,0,1,0,0,1,GENERAL,0,0,0,0,0,1,03734,0,0
1,CONTROLADOR MULTINODE 8000-5300-S,UNIDAD,1,0,0,1,0,0,1,GENERAL,0,0,0,0,0,1,0712,0,0
1,CONTROLADOR MULTINODE MDU-4/A SOPORTA 4,UNIDAD,1,0,0,1,0,0,1,GENERAL,0,0,0,0,0,1,0704,0,0
1,CONVERTIDOR (ADAPTADOR) VGA A HDMI,UNIDAD,1,0,0,1,0,0,1,GENERAL,0,0,0,0,0,1,01014,0,0
1,CONVERTIDOR 485-232 PARA CCTV SIERRA,UNIDAD,1,0,0,1,0,0,1,GENERAL,0,0,0,0,0,1,02050,0,0
1,CONVERTIDOR BNC A RCA.,UNIDAD,1,0,0,1,0,0,1,GENERAL,0,0,0,0,0,1,05486,0,0
1,CONVERTIDOR BNC A VGA,UNIDAD,1,0,0,1,0,0,1,GENERAL,0,0,0,0,0,1,03078,0,0
1,CONVERTIDOR DE DVI A VGA,UNIDAD,1,0,0,1,0,0,1,GENERAL,0,0,0,0,0,1,05043,0,0
1,CONVERTIDOR DE HDMI A COMPONENTE VGA,UNIDAD,1,0,0,1,0,0,1,GENERAL,0,0,0,0,0,1,03818,0,0
1,CONVERTIDOR DE HDMI A RCA,UNIDAD,1,0,0,1,0,0,1,GENERAL,0,0,0,0,0,1,06208,0,0
1,CONVERTIDOR DE VOLTAJE 24 CA-12 DC,UNIDAD,1,0,0,1,0,0,1,GENERAL,0,0,0,0,0,1,04894,0,0
1,CONVERTIDOR DE VOLTAJE ENFORCER ST-LA110-TTQ,UNIDAD,1,0,0,1,0,0,1,GENERAL,0,0,0,0,0,1,06021,0,0
1,CONVERTIDOR DISPLAYPOR A VGA,UNIDAD,1,0,0,1,0,0,1,GENERAL,0,0,0,0,0,1,05268,0,0
1,CONVERTIDOR HDMI A SDI-3G 1080P-60HZ,UNIDAD,1,0,0,1,0,0,1,GENERAL,0,0,0,0,0,1,0091,0,0
1,CONVERTIDOR RCA A HDMI,UNIDAD,1,0,0,1,0,0,1,GENERAL,0,0,0,0,0,1,03131,0,0
1,CONVERTIDOR RJ-45 A HDMI 60M,UNIDAD,1,0,0,1,0,0,1,GENERAL,0,0,0,0,0,1,04809,0,0
1,CONVERTIDOR SDI A HDMI-3G 1080P-60HZ,UNIDAD,1,0,0,1,0,0,1,GENERAL,0,0,0,0,0,1,01003,0,0
1,CONVERTIDOR USB A RJ45,UNIDAD,1,0,0,1,0,0,1,GENERAL,0,0,0,0,0,1,03913,0,0
1,CONVERTIDOR USB A SERIAL 205146 MANHATTA,UNIDAD,1,0,0,1,0,0,1,GENERAL,0,0,0,0,0,1,03704,0,0
1,CONVERTIDOR USB A SERIAL DB9,UNIDAD,1,0,0,1,0,0,1,GENERAL,0,0,0,0,0,1,03378,0,0
1,CONVERTIDOR VGA A BNC,UNIDAD,1,0,0,1,0,0,1,GENERAL,0,0,0,0,0,1,01037,0,0
1,CONVERTIDORES DE DISPLAY PORT A DVI,UNIDAD,1,0,0,1,0,0,1,GENERAL,0,0,0,0,0,1,05051,0,0
1,COORDINADOR ESTANDAR (AG),SRV,3,1,0,1,1,0,99,GENERAL,0,0,0,0,0,1,PERS001,0,0
1,COPA EXAGONAL PARA TORNILLO POLSER,UNIDAD,1,0,0,1,0,0,1,GENERAL,0,0,0,0,0,1,03344,0,0
1,COPA PARA ATORNILLADOR 5/16,UNIDAD,1,0,0,1,0,0,1,GENERAL,0,0,0,0,0,1,01188,0,0
1,"COPAS PARA TORNILLOS POLSER 2X1/4""",UNIDAD,1,0,0,1,0,0,1,GENERAL,0,0,0,0,0,1,04977,0,0
1,COPAS Y ACCESORIOS EN SET 21,UNIDAD,1,0,0,1,0,0,1,GENERAL,0,0,0,0,0,1,845,0,0
1,COPIA DE LLAVES,UNIDAD,1,0,0,1,0,0,1,GENERAL,0,0,0,0,0,1,01058,0,0
1,"COPLA  PVC  DE 1/2""",UNIDAD,1,0,0,1,0,0,1,GENERAL,0,0,0,0,0,1,01016,0,0
1,COPLA  PVC DE 1  1/2,UNIDAD,1,0,0,1,0,0,1,GENERAL,0,0,0,0,0,1,03202,0,0
1,"COPLA  PVC DE 3/4""",UNIDAD,1,0,0,1,0,0,1,GENERAL,0,0,0,0,0,1,0453,0,0
1,COPLA 1 1/4 DE CONDUIT,UNIDAD,1,0,0,1,0,0,1,GENERAL,0,0,0,0,0,1,03250,0,0
1,COPLA CONDUIT  1  1/2,UNIDAD,1,0,0,1,0,0,1,GENERAL,0,0,0,0,0,1,02018,0,0
1,COPLA DUCTON 1  1/4,UNIDAD,1,0,0,1,0,0,1,GENERAL,0,0,0,0,0,1,0917,0,0
1,"COPLA DUCTON DE 1""",UNIDAD,1,0,0,1,0,0,1,GENERAL,0,0,0,0,0,1,0969,0,0
1,COPLA DUCTON DE 3/4,UNIDAD,1,0,0,1,0,0,1,GENERAL,0,0,0,0,0,1,0748,0,0
1,"COPLA EMT 1""",UNIDAD,1,0,0,1,0,0,1,GENERAL,0,0,0,0,0,1,04105,0,0
1,COPLA EMT 1/2,UNIDAD,1,0,0,1,0,0,1,GENERAL,0,0,0,0,0,1,01145,0,0
1,"COPLA EMT 2""",UNIDAD,1,0,0,1,0,0,1,GENERAL,0,0,0,0,0,1,04720,0,0
1,"COPLA EMT DE 1 1/4""",UNIDAD,1,0,0,1,0,0,1,GENERAL,0,0,0,0,0,1,03725,0,0
1,"COPLA EMT DE 1/2""",UNIDAD,1,0,0,1,0,0,1,GENERAL,0,0,0,0,0,1,04321,0,0
1,COPLA EMT DE 3/4,UNIDAD,1,0,0,1,0,0,1,GENERAL,0,0,0,0,0,1,03317,0,0
1,COPLA EMT DE 3/4,UNIDAD,1,0,0,1,0,0,1,GENERAL,0,0,0,0,0,1,03545,0,0
1,COPLA GALVANIZA DE 3/4,UNIDAD,1,0,0,1,0,0,1,GENERAL,0,0,0,0,0,1,03536,0,0
1,COPLA HEXAGONAL UNICANAL PARA VARILLA,UNIDAD,1,0,0,1,0,0,1,GENERAL,0,0,0,0,0,1,01044,0,0
1,COPLA PARA TUBO PVC DE 1  1/2,UNIDAD,1,0,0,1,0,0,1,GENERAL,0,0,0,0,0,1,03411,0,0
1,"COPLA PARA TUBO PVC DE 1""",UNIDAD,1,0,0,1,0,0,1,GENERAL,0,0,0,0,0,1,0732,0,0
1,"COPLA PARA TUBO PVC DE 3""",UNIDAD,1,0,0,1,0,0,1,GENERAL,0,0,0,0,0,1,03030,0,0
1,COPLA PARA TUBO PVC GRIS 1 1/4,UNIDAD,1,0,0,1,0,0,1,GENERAL,0,0,0,0,0,1,0608,0,0
1,"COPLA PVC DE 2""",UNIDAD,1,0,0,1,0,0,1,GENERAL,0,0,0,0,0,1,0984,0,0
1,"COPLAS BX LT 3/4""",UNIDAD,1,0,0,1,0,0,1,GENERAL,0,0,0,0,0,1,03662,0,0
1,CORDON DESCONECTABLE ..,UNIDAD,1,0,0,1,0,0,1,GENERAL,0,0,0,0,0,1,06-QDC-2,0,0
1,CORDON DESCONECTABLE REUT.,UNIDAD,1,0,0,1,0,0,1,GENERAL,0,0,0,0,0,1,2063,0,0
1,CORDONES ESTANDAR DE ESPIRAL,UNIDAD,1,0,0,1,0,0,1,GENERAL,0,0,0,0,0,1,662,0,0
1,CORRECTOR EN PAPEL,CAJA,1,0,0,1,0,0,1,GENERAL,0,0,0,0,0,1,364,0,0
1,CORRECTOR LIQUIDO EN BOTE,UNIDAD,1,0,0,1,0,0,1,GENERAL,0,0,0,0,0,1,325,0,0
1,CORRECTOR LIQUIDO TIPO LAPICERO,UNIDAD,1,0,0,1,0,0,1,GENERAL,0,0,0,0,0,1,326,0,0
1,CORTA ALAMBRE,UNIDAD,1,0,0,1,0,0,1,GENERAL,0,0,0,0,0,1,0490,0,0
1,CORTA FRIO,UNIDAD,1,0,0,1,0,0,1,GENERAL,0,0,0,0,0,1,03522,0,0
1,CORTADORA CABLE UTP,UNIDAD,1,0,0,1,0,0,1,GENERAL,0,0,0,0,0,1,01004,0,0
1,CORTADORA DE TUBO,UNIDAD,1,0,0,1,0,0,1,GENERAL,0,0,0,0,0,1,05021,0,0
1,CORTADORA DE TUBO 3/16 A 2 PULGADAS TRUPER,UNIDAD,1,0,0,1,0,0,1,GENERAL,0,0,0,0,0,1,3,0,0
1,CORTINA INALAMBRICA PG9924 POWER DETEC MOVIM G PIR,UNIDAD,1,0,0,1,0,0,1,GENERAL,0,0,0,0,0,1,05642,0,0
1,COURIER,SRV,3,0,0,0,0,0,0,GENERAL,0,0,0,0,0,1,SRV0392,0,0
1,CREMORA CAJA DE 1000 SOBRES INDIVIDUALES,UNIDAD,1,0,0,1,0,0,1,GENERAL,0,0,0,0,0,1,04930,0,0
1,CRIMPEADORA MODULAR P/RJ11 RJ12 RJ45,UNIDAD,1,0,0,1,0,0,1,GENERAL,0,0,0,0,0,1,04091,0,0
1,CRISTAL EN FORMA DE DIAMANTE (ADORNOS EN VASOS),UNIDAD,1,0,0,1,0,0,1,GENERAL,0,0,0,0,0,1,05174,0,0
1,CROW SENSOR 360 GRADOS RMA,UNIDAD,1,0,0,1,0,0,1,GENERAL,0,0,0,0,0,1,06448,0,0
1,CROW SRX360 DETECTOR DE MOVIMIENTO INDUSRIAL 360 G,UNIDAD,1,0,0,1,0,0,1,GENERAL,0,0,0,0,0,1,05838,0,0
1,CROW: PASIVO INFRARROJO PET,UNIDAD,1,0,0,1,0,0,1,GENERAL,0,0,0,0,0,1,0550,0,0
1,CROW: SENSOR 360 GRADOS MARCA CROW,UNIDAD,1,0,0,1,0,0,1,GENERAL,0,0,0,0,0,1,03060,0,0
1,CROW: SENSOR DE CORTINA MR-CRT CROW,UNIDAD,1,0,0,1,0,0,1,GENERAL,0,0,0,0,0,1,03948,0,0
1,CROW: SENSOR MICROWAVE,UNIDAD,1,0,0,1,0,0,1,GENERAL,0,0,0,0,0,1,0235,0,0
1,CROW: SHOCK SENSOR VIB-2000 DSC SS-102,UNIDAD,1,0,0,1,0,0,1,GENERAL,0,0,0,0,0,1,03558,0,0
1,CRS317-1G-16S+RM CONMUTADOR GESTIONADO MIKROTIK CL,UNIDAD,1,0,0,1,0,0,1,GENERAL,0,0,0,0,0,1,06542,0,0
1,CUADERNO 200 HOJAS C/L T/FRANCES,UNIDAD,1,0,0,1,0,0,1,GENERAL,0,0,0,0,0,1,783,0,0
1,CUADERNO COPY BOOK CON INDICE,UNIDAD,1,0,0,1,0,0,1,GENERAL,0,0,0,0,0,1,695,0,0
1,CUADERNO CUADRICULA MEDIANO TAMAÑO UNIVERSITARIO,UNIDAD,1,0,0,1,0,0,1,GENERAL,0,0,0,0,0,1,05670,0,0
1,CUADERNO DE 50H. EN 4 SEPARACIONES COLOR,UNIDAD,1,0,0,1,0,0,1,GENERAL,0,0,0,0,0,1,887,0,0
1,CUADERNO DE TAQUIGRAFIA,UNIDAD,1,0,0,1,0,0,1,GENERAL,0,0,0,0,0,1,339,0,0
1,CUADERNO EMPASTADO,UNIDAD,1,0,0,1,0,0,1,GENERAL,0,0,0,0,0,1,108,0,0
1,CUADERNO PROFESIONAL BASICO C7 9,UNIDAD,1,0,0,1,0,0,1,GENERAL,0,0,0,0,0,1,682,0,0
1,CUADERNO PROFESIONAL VIEW TA,UNIDAD,1,0,0,1,0,0,1,GENERAL,0,0,0,0,0,1,530,0,0
1,CUADERNO UNIVERSITARIO C/LINEAS #2,UNIDAD,1,0,0,1,0,0,1,GENERAL,0,0,0,0,0,1,886,0,0
1,CUADERNO UNIVERSITARIO CON LINEAS,UNIDAD,1,0,0,1,0,0,1,GENERAL,0,0,0,0,0,1,452,0,0
1,CUADRO PARA EXHIBIDOR CON OJETES,UNIDAD,1,0,0,1,0,0,1,GENERAL,0,0,0,0,0,1,560,0,0
1,CUBETA GBPLACK PLASTICA CRISTAL,UNIDAD,1,0,0,1,0,0,1,GENERAL,0,0,0,0,0,1,525,0,0
1,CUBETA GBPLACK PLASTICA TRANSPARENTE,UNIDAD,1,0,0,1,0,0,1,GENERAL,0,0,0,0,0,1,524,0,0
1,CUBETA PLASTICA RAYA HUMO C/2,UNIDAD,1,0,0,1,0,0,1,GENERAL,0,0,0,0,0,1,523,0,0
1,CUBIERTA PROTECTORA PARA RJ-45,UNIDAD,1,0,0,1,0,0,1,GENERAL,0,0,0,0,0,1,05341,0,0
1,CUBIERTA UNIVERSAL TRANSPARENTE P/ESTACION MANUAL,UNIDAD,1,0,0,1,0,0,1,GENERAL,0,0,0,0,0,1,04594,0,0
1,CUBRE BOCA DESECHABLE,UNIDAD,1,0,0,1,0,0,1,GENERAL,0,0,0,0,0,1,03619,0,0
1,CUCHARA DE ALBAÑIL,UNIDAD,1,0,0,1,0,0,1,GENERAL,0,0,0,0,0,1,04221,0,0
1,CUCHILLA MULTIUSOS,UNIDAD,1,0,0,1,0,0,1,GENERAL,0,0,0,0,0,1,0847,0,0
1,CUCHILLA STANLEY C/MANGO PESADO 10-179,UNIDAD,1,0,0,1,0,0,1,GENERAL,0,0,0,0,0,1,823,0,0
1,CUCHILLA STANLEY C/MANGO PESADO 10-179,UNIDAD,1,0,0,1,0,0,1,GENERAL,0,0,0,0,0,1,804,0,0
1,CUCHILLO DESECHABLE,UNIDAD,1,0,0,1,0,0,1,GENERAL,0,0,0,0,0,1,3050,0,0
1,CUCKOL PASTA INSECTICIDA P/CUCARACHAS -JERINGA 90G,1,1,0,0,1,0,0,1,GENERAL,0,0,0,0,0,1,06800,0,0
1,CUENTA ALARM.COM (CCTV),SRV,3,0,0,0,0,0,2,GENERAL,0,0,0,0,0,1,SRVREC007,0,0
1,CUENTA ALARM.COM (COMERCIAL),SRV,3,0,0,0,0,0,2,GENERAL,0,0,0,0,0,1,SRVREC004,0,0
1,CUENTA ALARM.COM (RESIDENCIAL),SRV,3,0,0,0,0,0,2,GENERAL,0,0,0,0,0,1,SRVREC005,0,0
1,CUENTA FACIL EN BARRA,UNIDAD,1,0,0,1,0,0,1,GENERAL,0,0,0,0,0,1,328,0,0
1,CUENTA TRACKER,SRV,3,0,0,0,0,0,2,GENERAL,0,0,0,0,0,1,SRVREC003,0,0
1,CUERDA  DE 1.75MTS DE 14MM CONJUNTO41,UNIDAD,1,0,0,1,0,0,1,GENERAL,0,0,0,0,0,1,03570,0,0
1,CUERDA DE BLOQUEO 35 CM,UNIDAD,1,0,0,1,0,0,1,GENERAL,0,0,0,0,0,1,06237,0,0
1,CUERDA DE BLOQUEO DE 1M. JT701,UNIDAD,1,0,0,1,0,0,1,GENERAL,0,0,0,0,0,1,06339,0,0
1,CUERDA DE VIDA TITAN  DE 6 PIES,UNIDAD,1,0,0,1,0,0,1,GENERAL,0,0,0,0,0,1,03490,0,0
1,CUOTA INICIAL  ARREND.KITKS04720L EPCOM,UNIDAD,1,0,0,1,0,0,1,GENERAL,0,0,0,0,0,1,773,0,0
1,CUOTA INICIAL ARREND.KIT EPKIT1008HDX720,UNIDAD,1,0,0,1,0,0,1,GENERAL,0,0,0,0,0,1,784,0,0
1,CUOTA INICIAL ARREND.KIT EPKIT1016HDX720,UNIDAD,1,0,0,1,0,0,1,GENERAL,0,0,0,0,0,1,789,0,0
1,CUOTA PATRONAL PERSONAL ESTANDAR,SRV,3,0,0,1,1,0,3,GENERAL,0,0,0,0,0,1,IC0161,0,0
1,CUOTAS Y SUSCRIPCIONES ADMINISTRATIVO,,3,0,0,0,0,0,0,GENERAL,0,0,0,0,0,1,SRV0311,0,0
1,CUOTAS Y SUSCRIPCIONES DIRECTO,,3,0,0,0,0,0,0,GENERAL,0,0,0,0,0,1,SRV0309,0,0
1,CURITA ESTERIL,UNIDAD,1,0,0,1,0,0,1,GENERAL,0,0,0,0,0,1,01135,0,0
1,CURVOS LT 3/4,UNIDAD,1,0,0,1,0,0,1,GENERAL,0,0,0,0,0,1,05891,0,0
1,CUSTOM INTEGRATION OF GUATEMALA MAPS,UNIDAD,1,0,0,1,0,0,1,GENERAL,0,0,0,0,0,1,505,0,0
1,CVSYM 5.1 LICENCIA DE SYMMETRY COMPLETE VIEW,UNIDAD,1,0,0,1,0,0,1,GENERAL,0,0,0,0,0,1,05589,0,0
1,CYBER POWER CSP606T PROTECTOR,UNIDAD,1,0,0,1,0,0,1,GENERAL,0,0,0,0,0,1,04747,0,0
1,D101 CHAPA Y LLAVES PARA GABINETE,UNIDAD,1,0,0,1,0,0,1,GENERAL,0,0,0,0,0,1,06355,0,0
1,D122 ARNÉS DE BATERÍA DUAL,UNIDAD,1,0,0,1,0,0,1,GENERAL,0,0,0,0,0,1,06354,0,0
1,D5070 DISPOSITIVO PROGRAMADOR ANALOGO BOSH,UNIDAD,1,0,0,1,0,0,1,GENERAL,0,0,0,0,0,1,05766,0,0
1,D703777 PWRMNG-PKG-LIC-ALL-PANELS-500 CUENTAS,UNIDAD,1,0,0,1,0,0,1,GENERAL,0,0,0,0,0,1,06350,0,0
1,DADO CAT6 90 GRADOS ROJO,UNIDAD,1,0,0,1,0,0,1,GENERAL,0,0,0,0,0,1,04083,0,0
1,DADO CAT6 C/AZULKJVNL-22161 AUTO PONCHAB,UNIDAD,1,0,0,1,0,0,1,GENERAL,0,0,0,0,0,1,04079,0,0
1,DADO PARA CONECTOR RJ45,UNIDAD,1,0,0,1,0,0,1,GENERAL,0,0,0,0,0,1,03164,0,0
1,DADO PARA RJ11 TELEFONO BTICINO,UNIDAD,1,0,0,1,0,0,1,GENERAL,0,0,0,0,0,1,03148,0,0
1,DADO TOMACORRIENTE POLARIZADO TCINO,UNIDAD,1,0,0,1,0,0,1,GENERAL,0,0,0,0,0,1,0882,0,0
1,DAHUA 32 CANALES - DH XVR8565AN-I3,UNIDAD,1,0,0,1,0,0,1,GENERAL,0,0,0,0,0,1,438,0,0
1,DATA-CONNECT-V7 MODULE LICENSE V7,UNIDAD,1,0,0,1,0,0,1,GENERAL,0,0,0,0,0,1,03496,0,0
1,DATA-CONNECT-V8 SYMMETRY DATA CONNECT MODULE,UNIDAD,1,0,0,1,0,0,1,GENERAL,0,0,0,0,0,1,06097,0,0
1,DC-23-F1 433 CONTACTO MAGNETICO VIA RADIO. GAP DE,UNIDAD,1,0,0,1,0,0,1,GENERAL,0,0,0,0,0,1,06611,0,0
1,DC4065L BRAZO HIDRAULICO REVERSIBLE MAX 65 KGS,UNIDAD,1,0,0,1,0,0,1,GENERAL,0,0,0,0,0,1,06687,0,0
1,DCD4213WRX DOME CAMERA 2.8MM FULL HD,UNIDAD,1,0,0,1,0,0,1,GENERAL,0,0,0,0,0,1,05459,0,0
1,DC-E4212WR CAMARA BALLA IP IDIS 2MP,UNIDAD,1,0,0,1,0,0,1,GENERAL,0,0,0,0,0,1,05286,0,0
1,DCE4213WRX BULLET CAMERA 2.8MM,UNIDAD,1,0,0,1,0,0,1,GENERAL,0,0,0,0,0,1,05460,0,0
1,DCSV-32-F1-2W-433 SENSOR DE CONTACTO DE PUERTA INA,UNIDAD,1,0,0,1,0,0,1,GENERAL,0,0,0,0,0,1,06612,0,0
1,DCT: GPS,UNIDAD,1,0,0,1,0,0,1,GENERAL,0,0,0,0,0,1,0107,0,0
1,DDPAI 1600P HD DASH CAMERA,UNIDAD,1,0,0,1,0,0,1,GENERAL,0,0,0,0,0,1,05370,0,0
1,DEBUJ JT701,UNIDAD,1,0,0,1,0,0,1,GENERAL,0,0,0,0,0,1,05565,0,0
1,DECIBELIMETRO PARA SEÑAL GEM-4,UNIDAD,1,0,0,1,0,0,1,GENERAL,0,0,0,0,0,1,05306,0,0
1,DEHN - 929126 SUPRESOR DE PICOS INDUSTRIAL MONTAJE,UNIDAD,1,0,0,1,0,0,1,GENERAL,0,0,0,0,0,1,0113,0,0
1,DELL INSPIRON 15.6 3542 INTEL COMPUTADOR,UNIDAD,1,0,0,1,0,0,1,GENERAL,0,0,0,0,0,1,916,0,0
1,DEMO CAMARA INTERIOR 1080 ADC-V523,UNIDAD,1,0,0,1,0,0,1,GENERAL,0,0,0,0,0,1,05719,0,0
1,DEMO CAMARA WI-FI1080 ADC-V515,UNIDAD,1,0,0,1,0,0,1,GENERAL,0,0,0,0,0,1,05711,0,0
1,DEMO COMUNICADOR UNIVERSAL ALARM.COM EPX400-A30C,UNIDAD,1,0,0,1,0,0,1,GENERAL,0,0,0,0,0,1,06507,0,0
1,DEMO MICROSD CARD 128GB ADC-98-005003-100,UNIDAD,1,0,0,1,0,0,1,GENERAL,0,0,0,0,0,1,05712,0,0
1,DEMO PARA GPS,UNIDAD,1,0,0,1,0,0,1,GENERAL,0,0,0,0,0,1,2110,0,0
1,DEMO SENSOR DE TEMPERAT. INALAMB. NEO DSC PG9905,UNIDAD,1,0,0,1,0,0,1,GENERAL,0,0,0,0,0,1,05421,0,0
1,DEMO SENSOR IMPACTO INALAMB. NEO PG9935,UNIDAD,1,0,0,1,0,0,1,GENERAL,0,0,0,0,0,1,05419,0,0
1,DEMO SENSOR INUNDACION INALAMB. NEO DSC PG9985,UNIDAD,1,0,0,1,0,0,1,GENERAL,0,0,0,0,0,1,05420,0,0
1,"DERIVACION EN ""T"" P/CANALETA",UNIDAD,1,0,0,1,0,0,1,GENERAL,0,0,0,0,0,1,04006,0,0
1,DESACTIVADOR DE TAGS PRODLA,UNIDAD,1,0,0,1,0,0,1,GENERAL,0,0,0,0,0,1,04535,0,0
1,DESACTIVADOR- PROXIMIDAD -SLIMPAD (ZBSMP-SL2),UNIDAD,1,0,0,1,0,0,1,GENERAL,0,0,0,0,0,1,04741,0,0
1,DESARMADOR  DG-1/8 X 48P,UNIDAD,1,0,0,1,0,0,1,GENERAL,0,0,0,0,0,1,02027,0,0
1,DESARMADOR  ELECTRICO,UNIDAD,1,0,0,1,0,0,1,GENERAL,0,0,0,0,0,1,04709,0,0
1,DESARMADOR CABINET 1/8X6 MANGO,UNIDAD,1,0,0,1,0,0,1,GENERAL,0,0,0,0,0,1,0849,0,0
1,DESARMADOR PHILIPS # 2*6 STANLEY,UNIDAD,1,0,0,1,0,0,1,GENERAL,0,0,0,0,0,1,03281,0,0
1,DESARMADOR PHILIPS # 3 D/GOL,UNIDAD,1,0,0,1,0,0,1,GENERAL,0,0,0,0,0,1,03014,0,0
1,DESARMADOR PHILLIPS NO. 1 CUADRA,UNIDAD,1,0,0,1,0,0,1,GENERAL,0,0,0,0,0,1,0850,0,0
1,DESARMADOR PLANO  1/4*6 CUADRADO,UNIDAD,1,0,0,1,0,0,1,GENERAL,0,0,0,0,0,1,01054,0,0
1,DESARMADOR PLANO 5/16X8,UNIDAD,1,0,0,1,0,0,1,GENERAL,0,0,0,0,0,1,03013,0,0
1,DESARMADOR TIPO MATRACA Y PUNTAS 26PZ,JUEGO,1,0,0,1,0,0,1,GENERAL,0,0,0,0,0,1,0977,0,0
1,DESARMADORES PHILLIPS CASTIGADERA 6 PCS,JUEGO,1,0,0,1,0,0,1,GENERAL,0,0,0,0,0,1,0528,0,0
1,DESKTOP RECORDER IP04-02T-LC,UNIDAD,1,0,0,1,0,0,1,GENERAL,0,0,0,0,0,1,06191,0,0
1,DESMADORES STANLEY 6 PIEZAS,UNIDAD,1,0,0,1,0,0,1,GENERAL,0,0,0,0,0,1,0683,0,0
1,DESTAPADORES,UNIDAD,1,0,0,1,0,0,1,GENERAL,0,0,0,0,0,1,05176,0,0
1,DESTORNILLADOR PUNTA PHILLIPS STANLEY 69,UNIDAD,1,0,0,1,0,0,1,GENERAL,0,0,0,0,0,1,819,0,0
1,DESTORNILLADOR PUNTA STANDAR STANLEY 69-,UNIDAD,1,0,0,1,0,0,1,GENERAL,0,0,0,0,0,1,820,0,0
1,DESTORNILLADOR ST.P/RELOJERO 66-052/6PZ.,UNIDAD,1,0,0,1,0,0,1,GENERAL,0,0,0,0,0,1,737,0,0
1,DESTORNILLADOR TORX JUEGO 4 PZS. PRO 691,UNIDAD,1,0,0,1,0,0,1,GENERAL,0,0,0,0,0,1,817,0,0
1,DETECTOR CO FCC-380 BOSCH,UNIDAD,1,0,0,1,0,0,1,GENERAL,0,0,0,0,0,1,05280,0,0
1,DETECTOR DE CALOR C/P AFBK5601P,UNIDAD,1,0,0,1,0,0,1,GENERAL,0,0,0,0,0,1,03730,0,0
1,DETECTOR DE HUMO 4 HILOS CON BASE,UNIDAD,1,0,0,1,0,0,1,GENERAL,0,0,0,0,0,1,04819,0,0
1,DETECTOR DE HUMO ED828,UNIDAD,1,0,0,1,0,0,1,GENERAL,0,0,0,0,0,1,03830,0,0
1,DETECTOR DE HUMO FIRERAY ONE BEAM + KIT DE DETECTO,UNIDAD,1,0,0,1,0,0,1,GENERAL,0,0,0,0,0,1,06538,0,0
1,DETECTOR DE HUMO FOTO THERMICO,UNIDAD,1,0,0,1,0,0,1,GENERAL,0,0,0,0,0,1,0557,0,0
1,DETECTOR DE HUMO FOTOELECTRICO LH93LL,UNIDAD,1,0,0,1,0,0,1,GENERAL,0,0,0,0,0,1,0953,0,0
1,DETECTOR DE HUMO FOTOTHERMICO NB-338-H4,UNIDAD,1,0,0,1,0,0,1,GENERAL,0,0,0,0,0,1,0957,0,0
1,DETECTOR DE HUMO GE-541CXT,UNIDAD,1,0,0,1,0,0,1,GENERAL,0,0,0,0,0,1,02089,0,0
1,DETECTOR DE HUMO PG9916,UNIDAD,1,0,0,1,0,0,1,GENERAL,0,0,0,0,0,1,04503,0,0
1,DETECTOR DE HUMO RE,UNIDAD,1,0,0,1,0,0,1,GENERAL,0,0,0,0,0,1,2083,0,0
1,DETECTOR DE HUMO SFIRE SF-119-4H12,UNIDAD,1,0,0,1,0,0,1,GENERAL,0,0,0,0,0,1,06293,0,0
1,DETECTOR DE HUMO TIPO FOTOCELDA - 24 VDC D296,UNIDAD,1,0,0,1,0,0,1,GENERAL,0,0,0,0,0,1,05886,0,0
1,DETECTOR DE HUMO TX-6010-01-1,UNIDAD,1,0,0,1,0,0,1,GENERAL,0,0,0,0,0,1,04680,0,0
1,DETECTOR DE METAL MANUAL RANGER M-1000,UNIDAD,1,0,0,1,0,0,1,GENERAL,0,0,0,0,0,1,0891,0,0
1,DETECTOR DE METAL MANUAL SUPER SCAN,UNIDAD,1,0,0,1,0,0,1,GENERAL,0,0,0,0,0,1,03315,0,0
1,DETECTOR DE METAL SUPER SCAN,UNIDAD,1,0,0,1,0,0,1,GENERAL,0,0,0,0,0,1,02054,0,0
1,DETECTOR DE MICROONDAS CROW,UNIDAD,1,0,0,1,0,0,1,GENERAL,0,0,0,0,0,1,0388,0,0
1,DETECTOR DE MOVIMIENTO,UNI,2,1,0,1,0,0,0,GENERAL,0,0,0,0,0,1,DTMV001,0,0
1,DETECTOR DE MOVIMIENTO INALAMBRICO DSC,UNIDAD,1,0,0,1,0,0,1,GENERAL,0,0,0,0,0,1,04501,0,0
1,DETECTOR DE ROTURA DE VIDRIO RE,UNIDAD,1,0,0,1,0,0,1,GENERAL,0,0,0,0,0,1,2080,0,0
1,DETECTOR DE ROTURA DE VIDRIO SIMON 60-873,UNIDAD,1,0,0,1,0,0,1,GENERAL,0,0,0,0,0,1,04682,0,0
1,DETECTOR DE ROURA DE VIDRIO DG-50,UNIDAD,1,0,0,1,0,0,1,GENERAL,0,0,0,0,0,1,04988,0,0
1,DETECTOR DIGITAL P/EXTERIOR D/V NV-780,UNIDAD,1,0,0,1,0,0,1,GENERAL,0,0,0,0,0,1,04307,0,0
1,DETECTOR FOTOELECTRICO ECO1003 2 HILOS,UNIDAD,1,0,0,1,0,0,1,GENERAL,0,0,0,0,0,1,03806,0,0
1,DETECTOR HUMO INALAMBRICO WS4936 DSC,UNIDAD,1,0,0,1,0,0,1,GENERAL,0,0,0,0,0,1,05514,0,0
1,DETECTOR INALAMBRICO PG9935,UNIDAD,1,0,0,1,0,0,1,GENERAL,0,0,0,0,0,1,04504,0,0
1,DETECTOR MANUAL MARCA GARRET MODELO 1165190,UNIDAD,1,0,0,1,0,0,1,GENERAL,0,0,0,0,0,1,04760,0,0
1,DETECTOR METAL PORTATIL ZKTECO (ZK-D100S),UNIDAD,1,0,0,1,0,0,1,GENERAL,0,0,0,0,0,1,03651,0,0
1,DETECTOR MOVIMIENTO PG9934 DEMO(WIRELESS PIR MOTIO,UNIDAD,1,0,0,1,0,0,1,GENERAL,0,0,0,0,0,1,05606,0,0
1,DETECTOR ROTURA DE VIDRIO - VISONIC,UNIDAD,1,0,0,1,0,0,1,GENERAL,0,0,0,0,0,1,0082,0,0
1,DG-1/8*8BP DESARMADOR MAGO BICOLOR,UNIDAD,1,0,0,1,0,0,1,GENERAL,0,0,0,0,0,1,01158,0,0
1,DH-HAC-B1A21N-U CAMARA TIPO BALA 2MP LENTE FIJO,UNIDAD,1,0,0,1,0,0,1,GENERAL,0,0,0,0,0,1,06658,0,0
1,DH-HAC-HDBW3200FN-M CAMARA DOMO IR HDCVI MOVIL DE,UNIDAD,1,0,0,1,0,0,1,GENERAL,0,0,0,0,0,1,06674,0,0
1,DH-HAC-HFW1500CLN-IL-A CAMARA TIPO BALA 5MP DAHUA,UNIDAD,1,0,0,1,0,0,1,GENERAL,0,0,0,0,0,1,06677,0,0
1,DHI-MXVR1004-GFWI GRABADOR DE VIDEO MOVIL 4 CH H.2,UNIDAD,1,0,0,1,0,0,1,GENERAL,0,0,0,0,0,1,06673,0,0
1,DHI-NVR4208-8P-4KS3 NVR DAHUA 8CH POE RESOLUCION M,UNIDAD,1,0,0,1,0,0,1,GENERAL,0,0,0,0,0,1,06524,0,0
1,DH-IPC-HDBW2541RP-ZS-27135 CAMARA IP TIPO DOMO 5MP,UNIDAD,1,0,0,1,0,0,1,GENERAL,0,0,0,0,0,1,06497,0,0
1,DH-IPC-HDW1530T-S6 CAMARA DAHUA IP TIPO TURRET DE,UNIDAD,1,0,0,1,0,0,1,GENERAL,0,0,0,0,0,1,06525,0,0
1,DH-WBC5-30AC-05P ENLACE WIFI PARA ASCENSORES 2.4GH,UNIDAD,1,0,0,1,0,0,1,GENERAL,0,0,0,0,0,1,06433,0,0
1,DH-XVR1B04H-I(V2.0) DVR 4CH RESOLUCION MAXIMA 5MP,UNIDAD,1,0,0,1,0,0,1,GENERAL,0,0,0,0,0,1,06679,0,0
1,DH-XVR1B04-I DVR 4CH 1080 DAHUA SOPORTA 1HDD DE 6T,UNIDAD,1,0,0,1,0,0,1,GENERAL,0,0,0,0,0,1,06597,0,0
1,DH-XVR1B08H-I DVR 8CH 5MP DAHUA SOPORTA 1HDD DE 6T,UNIDAD,1,0,0,1,0,0,1,GENERAL,0,0,0,0,0,1,06680,0,0
1,DH-XVR1B16H-I DVR 16CH DAHUA 5MP SOPORTA 1HDD DE 1,UNIDAD,1,0,0,1,0,0,1,GENERAL,0,0,0,0,0,1,06741,0,0
1,DH-XVR1B16-I DVR 16 CANALES 2MPX  DAHUA,UNIDAD,1,0,0,1,0,0,1,GENERAL,0,0,0,0,0,1,06226,0,0
1,DH-XVR5116HS-I3 DVR 16CH DAHUA WIZSENSE RESOLUCION,UNIDAD,1,0,0,1,0,0,1,GENERAL,0,0,0,0,0,1,06681,0,0
1,DIADEMAS AUDIO 628 PLATRONICS,UNIDAD,1,0,0,1,0,0,1,GENERAL,0,0,0,0,0,1,842,0,0
1,DIADEMAS KX TCA 92 (LOGINTECH),UNIDAD,1,0,0,1,0,0,1,GENERAL,0,0,0,0,0,1,663,0,0
1,DIMM DE MEMORIA RAM DE 4GB P/OPTPLEX9010,UNIDAD,1,0,0,1,0,0,1,GENERAL,0,0,0,0,0,1,919,0,0
1,DIODO RECTIFICADOR DE CORRIENTE,UNIDAD,1,0,0,1,0,0,1,GENERAL,0,0,0,0,0,1,05009,0,0
1,DIODOS,UNIDAD,1,0,0,1,0,0,1,GENERAL,0,0,0,0,0,1,0322,0,0
1,DISCADOR TELEFONICO PARADOX VDMP3,UNIDAD,1,0,0,1,0,0,1,GENERAL,0,0,0,0,0,1,05267,0,0
1,"DISCO CORTE DE METAL 4""",UNIDAD,1,0,0,1,0,0,1,GENERAL,0,0,0,0,0,1,0942,0,0
1,DISCO DURO 10 TB,UNIDAD,1,0,0,1,0,0,1,GENERAL,0,0,0,0,0,1,06001,0,0
1,DISCO DURO 12TB WD121PURP,UNIDAD,1,0,0,1,0,0,1,GENERAL,0,0,0,0,0,1,06575,0,0
1,DISCO DURO 1TB PARA LAPTOP,UNIDAD,1,0,0,1,0,0,1,GENERAL,0,0,0,0,0,1,06210,0,0
1,DISCO DURO 2TB WESTERN DIGITAL PURPLE CERTIFICADO,UNIDAD,1,0,0,1,0,0,1,GENERAL,0,0,0,0,0,1,04693,0,0
1,DISCO DURO 320GB RE PARA LAPTOP,UNIDAD,1,0,0,1,0,0,1,GENERAL,0,0,0,0,0,1,05073,0,0
1,DISCO DURO 3TB WD PURPLE WD30PURX,UNIDAD,1,0,0,1,0,0,1,GENERAL,0,0,0,0,0,1,04332,0,0
1,DISCO DURO 4TB CERTIFICADO P/CCTV,UNIDAD,1,0,0,1,0,0,1,GENERAL,0,0,0,0,0,1,04331,0,0
1,DISCO DURO 4TB WESTERN DIGITAL PURPLE CERTIFICADO,UNIDAD,1,0,0,1,0,0,1,GENERAL,0,0,0,0,0,1,05557,0,0
1,DISCO DURO 500GB P/NOTEBOOK,UNIDAD,1,0,0,1,0,0,1,GENERAL,0,0,0,0,0,1,04384,0,0
1,DISCO DURO 500GB SATA,UNIDAD,1,0,0,1,0,0,1,GENERAL,0,0,0,0,0,1,0939,0,0
1,"DISCO DURO 500GB,S3,7.2K,WESTERN DIGITAL",UNIDAD,1,0,0,1,0,0,1,GENERAL,0,0,0,0,0,1,03650,0,0
1,DISCO DURO 6TB,UNIDAD,1,0,0,1,0,0,1,GENERAL,0,0,0,0,0,1,06069,0,0
1,DISCO DURO DE 1TB SATA,UNIDAD,1,0,0,1,0,0,1,GENERAL,0,0,0,0,0,1,03417,0,0
1,DISCO DURO DE 250GB,UNIDAD,1,0,0,1,0,0,1,GENERAL,0,0,0,0,0,1,03111,0,0
1,DISCO DURO DE 2TB SATA,UNIDAD,1,0,0,1,0,0,1,GENERAL,0,0,0,0,0,1,03523,0,0
1,DISCO DURO DE 320GB,UNIDAD,1,0,0,1,0,0,1,GENERAL,0,0,0,0,0,1,03112,0,0
1,DISCO DURO DE 500GB IDE DVR,UNIDAD,1,0,0,1,0,0,1,GENERAL,0,0,0,0,0,1,02029,0,0
1,"DISCO DURO DE 6.0 TB,SATA III",UNIDAD,1,0,0,1,0,0,1,GENERAL,0,0,0,0,0,1,05523,0,0
1,DISCO DURO DE 8 TERAS ST800VX0022,UNIDAD,1,0,0,1,0,0,1,GENERAL,0,0,0,0,0,1,05549,0,0
1,DISCO DURO DE 80GB PARA ENVS,UNIDAD,1,0,0,1,0,0,1,GENERAL,0,0,0,0,0,1,03220,0,0
1,DISCO DURO ESTADO SOLIDO 480GB,UNIDAD,1,0,0,1,0,0,1,GENERAL,0,0,0,0,0,1,05521,0,0
1,DISCO DURO ESTADO SOLIDO DE 500 GB PC ESCRITORIO,UNIDAD,1,0,0,1,0,0,1,GENERAL,0,0,0,0,0,1,05958,0,0
1,DISCO DURO EXTERNO 1TB,UNIDAD,1,0,0,1,0,0,1,GENERAL,0,0,0,0,0,1,0833,0,0
1,DISCO DURO EXTERNO 2TB,UNIDAD,1,0,0,1,0,0,1,GENERAL,0,0,0,0,0,1,05706,0,0
1,DISCO DURO EXTERNO 4TB,UNIDAD,1,0,0,1,0,0,1,GENERAL,0,0,0,0,0,1,05037,0,0
1,DISCO DURO EXTERNO DE 8TB SEAGATE,UNIDAD,1,0,0,1,0,0,1,GENERAL,0,0,0,0,0,1,06017,0,0
1,DISCO DURO GB HDD2L03 TOSHIBA,UNIDAD,1,0,0,1,0,0,1,GENERAL,0,0,0,0,0,1,701,0,0
1,DISCO DURO INTERNO 3.5 SATA III 4TB 5900RPM PARA C,UNIDAD,1,0,0,1,0,0,1,GENERAL,0,0,0,0,0,1,05978,0,0
1,DISCO DURO P/LAPTOP 1TB 5400RPM SATA,UNIDAD,1,0,0,1,0,0,1,GENERAL,0,0,0,0,0,1,866,0,0
1,"DISCO DURO SEAGATE L?NEA SKYHAWK, CAPACIDAD DE 4.0",UNIDAD,1,0,0,1,0,0,1,GENERAL,0,0,0,0,0,1,05631,0,0
1,DISCO DURO SG EA,UNIDAD,1,0,0,1,0,0,1,GENERAL,0,0,0,0,0,1,03482,0,0
1,DISCO DURO VSIONIS,UNIDAD,1,0,0,1,0,0,1,GENERAL,0,0,0,0,0,1,0743,0,0
1,"DISCO HDD,HK7210AH,10TB SATA",UNIDAD,1,0,0,1,0,0,1,GENERAL,0,0,0,0,0,1,04616,0,0
1,DISCO P/PULIDORA CORTE METAL PEQUEÑO,UNIDAD,1,0,0,1,0,0,1,GENERAL,0,0,0,0,0,1,04311,0,0
1,"DISCO PARA CONCRETO DE DIAMANTE 7""",UNIDAD,1,0,0,1,0,0,1,GENERAL,0,0,0,0,0,1,04644,0,0
1,"DISCO PARA CORTAR METAL/INOX 4.1/2"" X 1/16"" X",1,1,0,0,1,0,0,0,GENERAL,0,0,0,0,0,1,06242,0,0
1,DISCO PARA PULIR METAL,UNIDAD,1,0,0,1,0,0,1,GENERAL,0,0,0,0,0,1,0631,0,0
1,DISCO PRA PULIDORA,UNIDAD,1,0,0,1,0,0,1,GENERAL,0,0,0,0,0,1,0084,0,0
1,DISCO SIERRA 24 DIENTES 7/14,UNIDAD,1,0,0,1,0,0,1,GENERAL,0,0,0,0,0,1,0943,0,0
1,DISCO SSD ESTADO SOLIDO BX500 2.5'' 1 TB.,UNIDAD,1,0,0,1,0,0,1,GENERAL,0,0,0,0,0,1,0540,0,0
1,DISCO ST4000VX000 HDD 4TB,UNIDAD,1,0,0,1,0,0,1,GENERAL,0,0,0,0,0,1,05753,0,0
1,DISCOS CD,UNIDAD,1,0,0,1,0,0,1,GENERAL,0,0,0,0,0,1,05182,0,0
1,DISCOS DVD,UNIDAD,1,0,0,1,0,0,1,GENERAL,0,0,0,0,0,1,05181,0,0
1,DISCRIMINADOR DE AUDIO POWER MAX,UNIDAD,1,0,0,1,0,0,1,GENERAL,0,0,0,0,0,1,0513,0,0
1,DISOLVENTE AGUARAS,UNIDAD,1,0,0,1,0,0,1,GENERAL,0,0,0,0,0,1,03887,0,0
1,DISPENSADOR DE CLIP ABLE MAGNETICO #3702,UNIDAD,1,0,0,1,0,0,1,GENERAL,0,0,0,0,0,1,468,0,0
1,DISPOSITIVO APAGADOR Z-WAVE,UNIDAD,1,0,0,1,0,0,1,GENERAL,0,0,0,0,0,1,04544,0,0
1,DISPOSITIVO DE BLOQUEO JT701 RE,UNIDAD,1,0,0,1,0,0,99,GENERAL,0,0,0,0,0,1,06270,0,0
1,"DISPOSITIVO GSMX4G, GPS",UNIDAD,1,0,0,1,0,0,1,GENERAL,0,0,0,0,0,1,03736,0,0
1,DISPOSITIVO RADIO GSMV4G REMOTO,UNIDAD,1,0,0,1,0,0,1,GENERAL,0,0,0,0,0,1,03737,0,0
1,DISPOSITIVO TELEMETRIA GPS ST310U,UNIDAD,1,0,0,1,0,0,1,GENERAL,0,0,0,0,0,1,06107,0,0
1,DISPOSITIVO TELEMETRIA GPS ST410,UNIDAD,1,0,0,1,0,0,1,GENERAL,0,0,0,0,0,1,06109,0,0
1,DISPOSITIVO TELEMETRIA GPS ST440,UNIDAD,1,0,0,1,0,0,1,GENERAL,0,0,0,0,0,1,06108,0,0
1,DISPOSITIVO TELEMETRIA GPS ST480,UNIDAD,1,0,0,1,0,0,1,GENERAL,0,0,0,0,0,1,06110,0,0
1,DIVISOR HDMI DE 4 PUERTOS CON BOOSTER,UNIDAD,1,0,0,1,0,0,1,GENERAL,0,0,0,0,0,1,04468,0,0
1,DOBLADORA DE TUBOS,UNIDAD,1,0,0,1,0,0,1,GENERAL,0,0,0,0,0,1,01059,0,0
1,DOBLADORA DE TUBOS DE 1 PULGADA,UNIDAD,1,0,0,1,0,0,1,GENERAL,0,0,0,0,0,1,03230,0,0
1,DOBLADORA DE TUBOS DE 1/2,UNIDAD,1,0,0,1,0,0,1,GENERAL,0,0,0,0,0,1,03083,0,0
1,DOCK STATION PARA LECTOR USB,UNIDAD,1,0,0,1,0,0,1,GENERAL,0,0,0,0,0,1,0971,0,0
1,DOCKIN STATION PARA LAPTOP,UNIDAD,1,0,0,1,0,0,1,GENERAL,0,0,0,0,0,1,908,0,0
1,DOCKING STATION,UNIDAD,1,0,0,1,0,0,1,GENERAL,0,0,0,0,0,1,06635,0,0
1,DOKING REVOLVE 800 FILIO,UNIDAD,1,0,0,1,0,0,1,GENERAL,0,0,0,0,0,1,05338,0,0
1,DOME ANALOG MOTORIZED VARIFOCAL ADHD2MVFDO1224,UNIDAD,1,0,0,1,0,0,1,GENERAL,0,0,0,0,0,1,05237,0,0
1,DOMO 12MP FISHEYE 180/360 IP 66 DCY3C14WRX,UNIDAD,1,0,0,1,0,0,1,GENERAL,0,0,0,0,0,1,05223,0,0
1,DOMO COLOR IR(14LED/10M) 420TVL 3.6MM,UNIDAD,1,0,0,1,0,0,1,GENERAL,0,0,0,0,0,1,03026,0,0
1,DOMO PTZ EXT 22X 480TVL D/N 0.001 LU,UNIDAD,1,0,0,1,0,0,1,GENERAL,0,0,0,0,0,1,0653,0,0
1,DOOR CONTROLLER PACK W/PS,UNIDAD,1,0,0,1,0,0,1,GENERAL,0,0,0,0,0,1,04526,0,0
1,DP-222Q COLOR VIDEO DOOR PHONE,UNIDAD,1,0,0,1,0,0,1,GENERAL,0,0,0,0,0,1,05377,0,0
1,DR-4316PS NVR X DE 16CH POE H265,UNIDAD,1,0,0,1,0,0,1,GENERAL,0,0,0,0,0,1,05285,0,0
1,DREMEL,UNIDAD,1,0,0,1,0,0,1,GENERAL,0,0,0,0,0,1,04899,0,0
1,DRV 16 CH 480 PFS 500GB SATA USB,UNIDAD,1,0,0,1,0,0,1,GENERAL,0,0,0,0,0,1,0647,0,0
1,DS004BRIDGE WIEGAND BRIDGE TX/RX UHF,UNIDAD,1,0,0,1,0,0,1,GENERAL,0,0,0,0,0,1,05275,0,0
1,DS006RELAY BRIDGE TX/RX UHF-900MHZ,UNIDAD,1,0,0,1,0,0,1,GENERAL,0,0,0,0,0,1,05276,0,0
1,DS-1005KI HIK JOYSTICK DVR NVR,UNIDAD,1,0,0,1,0,0,1,GENERAL,0,0,0,0,0,1,05833,0,0
1,DS-1602ZJ SOPORTE PARA MONTAJE EN PARED,UNIDAD,1,0,0,1,0,0,1,GENERAL,0,0,0,0,0,1,05832,0,0
1,DS-1604ZJ SOPORTE PARA CAMARA,UNIDAD,1,0,0,1,0,0,1,GENERAL,0,0,0,0,0,1,05749,0,0
1,DS-2AE4225TI-D CAMARA DOMO 1080P,UNIDAD,1,0,0,1,0,0,1,GENERAL,0,0,0,0,0,1,05831,0,0
1,DS-2CD1043G2-LIU CAMARA IP BALA 4 MP DUAL LIGHT 30,UNIDAD,1,0,0,1,0,0,1,GENERAL,0,0,0,0,0,1,06640,0,0
1,DS-2CD1047G0-L CÁMARA IP TIPO BALA DE 4 MP COLORVU,UNIDAD,1,0,0,1,0,0,1,GENERAL,0,0,0,0,0,1,06330,0,0
1,DS-2CD1053G0-I CAMARA IP BALA LENTE FIJO,UNIDAD,1,0,0,1,0,0,1,GENERAL,0,0,0,0,0,1,05790,0,0
1,"DS-2CD1063G2-LIUF/SL C?MARA BALA IP 6 MPX, LENTE 2",UNIDAD,1,0,0,1,0,0,1,GENERAL,0,0,0,0,0,1,06638,0,0
1,DS-2CD1143G2-LIU CAMARA IP DOMO 4 MEGAPIXEL DUAL L,UNIDAD,1,0,0,1,0,0,1,GENERAL,0,0,0,0,0,1,06639,0,0
1,DS-2CD1153G0-I CAMARA TIPO DOMO,UNIDAD,1,0,0,1,0,0,1,GENERAL,0,0,0,0,0,1,05801,0,0
1,DS-2CD1323G2-LCAMARA TIPO TORRETA 2MP SMART,UNIDAD,1,0,0,1,0,0,1,GENERAL,0,0,0,0,0,1,06457,0,0
1,DS-2CD1347G0-L CAMARA IP TIPO TURRET DE 4 MP COLO,UNIDAD,1,0,0,1,0,0,1,GENERAL,0,0,0,0,0,1,06446,0,0
1,DS-2CD1353G0-I CÁMARA IP TIPO TURRET DE 5 MP LENTE,UNIDAD,1,0,0,1,0,0,1,GENERAL,0,0,0,0,0,1,06331,0,0
1,DS-2CD1663G2-LIZU CAMARA TIPO BALA IP 6 MPX LENTE,UNIDAD,1,0,0,1,0,0,1,GENERAL,0,0,0,0,0,1,06554,0,0
1,DS-2CD1743G0-IZ CAMARA DOMO VARIFO 2.0 IR30M IP67,UNIDAD,1,0,0,1,0,0,1,GENERAL,0,0,0,0,0,1,06376,0,0
1,DS-2CD2043G2-IU CAMARA TIPO BALA FIJA,UNIDAD,1,0,0,1,0,0,1,GENERAL,0,0,0,0,0,1,06537,0,0
1,DS-2CD2063G2-I CAMARA TIPO BALA HIKVISION 2.8MM,UNIDAD,1,0,0,1,0,0,1,GENERAL,0,0,0,0,0,1,05747,0,0
1,DS-2CD2063G2-I(U) CAMARA TIPO BALA PARA EXTERIOR A,UNIDAD,1,0,0,1,0,0,1,GENERAL,0,0,0,0,0,1,06418,0,0
1,DS-2CD2063G2-IU CAMARA BALA IP 6M L/FIJO IR 30MTS,UNIDAD,1,0,0,1,0,0,1,GENERAL,0,0,0,0,0,1,05795,0,0
1,DS-2CD2143G2-IS CAMARA IP TIPO DOMO DE 4 MP LENTE,UNIDAD,1,0,0,1,0,0,1,GENERAL,0,0,0,0,0,1,06421,0,0
1,DS-2CD2163G0-IS CAMARA DOMO DE 6MP,UNIDAD,1,0,0,1,0,0,1,GENERAL,0,0,0,0,0,1,05796,0,0
1,DS-2CD2166G2-ISU CAMARA IP TIPO DOMO IP67 HIKVISIO,UNIDAD,1,0,0,1,0,0,1,GENERAL,0,0,0,0,0,1,06395,0,0
1,DS-2CD2621G0-IZS CAMARA BULLET,UNIDAD,1,0,0,1,0,0,1,GENERAL,0,0,0,0,0,1,05946,0,0
1,DS-2CD2643G2-IZS-2.8-12MM CAMARA BULLET VARIFOCAL,UNIDAD,1,0,0,1,0,0,1,GENERAL,0,0,0,0,0,1,05791,0,0
1,DS-2CD2663G2-IZS CAMARA IP TIPO BALA DE 6 MP VARIF,UNIDAD,1,0,0,1,0,0,1,GENERAL,0,0,0,0,0,1,06420,0,0
1,DS-2CD6365G0E-IVS0 CAMARA IP TIPO FISHEYE HIKVISIO,UNIDAD,1,0,0,1,0,0,1,GENERAL,0,0,0,0,0,1,06472,0,0
1,DS-2CD7A26G0-IZS(2.8-12MM) CAMARA BALA MOTORIZADA,UNIDAD,1,0,0,1,0,0,1,GENERAL,0,0,0,0,0,1,05132,0,0
1,DS-2CE16D0T VFIR3F CAMARAS VARIFOCALES 1080P,UNIDAD,1,0,0,1,0,0,1,GENERAL,0,0,0,0,0,1,05548,0,0
1,DS-2CE16DOT-IRPF CAMARA BALA 1080,UNIDAD,1,0,0,1,0,0,1,GENERAL,0,0,0,0,0,1,05949,0,0
1,DS-2CE16H0T-IT3ZF CAMARA BALA 5 MP VERIFOCAL,UNIDAD,1,0,0,1,0,0,1,GENERAL,0,0,0,0,0,1,05965,0,0
1,DS-2CE16HOT-ITPFS CAMRA BALA 5 MPX,UNIDAD,1,0,0,1,0,0,1,GENERAL,0,0,0,0,0,1,06229,0,0
1,DS-2CE17DOT-IT3FC CAMARA BALA,UNIDAD,1,0,0,1,0,0,1,GENERAL,0,0,0,0,0,1,05787,0,0
1,DS-2CE17HOT-IT5F CAMARA BALA 5MPX LENTE FIJO,UNIDAD,1,0,0,1,0,0,1,GENERAL,0,0,0,0,0,1,06228,0,0
1,DS-2CE56D0T-VFIR3F CAMARA VARIFOCAL 2MP,UNIDAD,1,0,0,1,0,0,1,GENERAL,0,0,0,0,0,1,05973,0,0
1,DS-2CE5AD8T-VPIT3Z CAMARA TURBO DOMO 1080P,UNIDAD,1,0,0,1,0,0,1,GENERAL,0,0,0,0,0,1,05818,0,0
1,DS-2CE79D0T-VFIT3F CÁMARA TIPO TURRET HIKVISION,UNIDAD,1,0,0,1,0,0,1,GENERAL,0,0,0,0,0,1,06469,0,0
1,DS-2DC2143G2-IS CAMARA TIPO DOMO HIKVISION 2.8MM,UNIDA,1,0,0,1,0,0,1,GENERAL,0,0,0,0,0,1,05748,0,0
1,DS-2DF8225IX-AEL CAMARA TIPO PTZ,UNIDAD,1,0,0,1,0,0,1,GENERAL,0,0,0,0,0,1,05750,0,0
1,DS-2TD2617B-6/PA CAMARA TERMICA DE 6 PIES DE DISTA,UNIDAD,1,0,0,1,0,0,1,GENERAL,0,0,0,0,0,1,05463,0,0
1,DS-3E0109P-E/M(B)L2 SWITCH NO ADMIN DE 8 PUERTOS,UNIDAD,1,0,0,1,0,0,1,GENERAL,0,0,0,0,0,1,06344,0,0
1,DS-3E0318P-E/M] SWITCH POE+ HIKVISION NO ADMINISTR,UNIDAD,1,0,0,1,0,0,1,GENERAL,0,0,0,0,0,1,04993,0,0
1,DS-3E0505P-E/M SWITCH HIKVISION 4 PUERTOS POE,UNIDAD,1,0,0,1,0,0,1,GENERAL,0,0,0,0,0,1,05515,0,0
1,DS-3E0518P-E/M(O-STD) CONMUTADOR POE NO ADMINISTRA,UNIDAD,1,0,0,1,0,0,1,GENERAL,0,0,0,0,0,1,06522,0,0
1,DS-3E0526P-E/M SWITCH NO ADMINISTRABLE 24 PUERTOS,UNIDAD,1,0,0,1,0,0,1,GENERAL,0,0,0,0,0,1,06397,0,0
1,DS-3E1526P-SI SWITCH POE 24 PUERTOS,UNIDAD,1,0,0,1,0,0,1,GENERAL,0,0,0,0,0,1,06536,0,0
1,DS-6908UDI HIK VIDEO DECODER 8CH HDMI/VGA/BNC,UNIDAD,1,0,0,1,0,0,1,GENERAL,0,0,0,0,0,1,06215,0,0
1,DS-6912UDI(C)(STD) DESCODIFICADOR 4K,UNIDAD,1,0,0,1,0,0,1,GENERAL,0,0,0,0,0,1,06555,0,0
1,DS-6916UDI(C)(STD) DESCODIFICADOR 4K,UNIDAD,1,0,0,1,0,0,1,GENERAL,0,0,0,0,0,1,06556,0,0
1,"DS-7104HQHI-K1 DVR HIKVISION DE 4 CANALES TURBO,",UNIDAD,1,0,0,1,0,0,1,GENERAL,0,0,0,0,0,1,05112,0,0
1,DS-7108HQHI-K1 DVR 8CH HIKVISION,UNIDAD,1,0,0,1,0,0,1,GENERAL,0,0,0,0,0,1,05303,0,0
1,DS-7216HQHI-K2 DVR 16 CANALES 1080P,UNIDAD,1,0,0,1,0,0,1,GENERAL,0,0,0,0,0,1,05547,0,0
1,DS-7216HUHI-K2SDVR HIBRIDO DE 16 CANALES COMPRESIÓ,UNIDAD,1,0,0,1,0,0,1,GENERAL,0,0,0,0,0,1,05964,0,0
1,DS-7216HUHI-M2/S  DVR 16 CANALES 8MPX,UNIDAD,1,0,0,1,0,0,1,GENERAL,0,0,0,0,0,1,06230,0,0
1,DS-7232HGHI-K2 DVR 32CH,UNIDAD,1,0,0,1,0,0,1,GENERAL,0,0,0,0,0,1,05948,0,0
1,DS-7608NI-K2/8P  NVR DE 8 CANALES,UNIDAD,1,0,0,1,0,0,1,GENERAL,0,0,0,0,0,1,05800,0,0
1,DS-7616NI-12/16P NVR IP 16 CANALES RESOLUCION 12MP,UNIDAD,1,0,0,1,0,0,1,GENERAL,0,0,0,0,0,1,05513,0,0
1,DS-7716NI-I4(B)(STD) NVR HIKVISION,UNIDAD,1,0,0,1,0,0,1,GENERAL,0,0,0,0,0,1,05752,0,0
1,DS-7716NI-K4/16P NVR IP DE 16 CANALES,UNIDAD,1,0,0,1,0,0,1,GENERAL,0,0,0,0,0,1,05794,0,0
1,DS-7732NI-K4/16P(STD) NVR DE 32 CANALES 4 BAHIAS P,UNIDAD,1,0,0,1,0,0,1,GENERAL,0,0,0,0,0,1,06396,0,0
1,DS-773NI-M4 NVR 32K,UNIDAD,1,0,0,1,0,0,1,GENERAL,0,0,0,0,0,1,06535,0,0
1,DS9370 DETECTOR TRITECH 360? PARA ALTURAS HASTA 20,UNIDAD,1,0,0,1,0,0,1,GENERAL,0,0,0,0,0,1,06357,0,0
1,DS-A81016S DISPOSITIVO DE ALMACENAMIENTO EN RED,UNIDAD,1,0,0,1,0,0,1,GENERAL,0,0,0,0,0,1,06521,0,0
1,DSC BATT 13036V PARA SIRENA PG9901/PG9911,UNIDAD,1,0,0,1,0,0,1,GENERAL,0,0,0,0,0,1,05714,0,0
1,DSC EXPANSORA CABLEADA HSM 2208,UNIDAD,1,0,0,1,0,0,1,GENERAL,0,0,0,0,0,1,05125,0,0
1,DSC EXPANSORA CABLEADA HSM2108 NEO,UNIDAD,1,0,0,1,0,0,1,GENERAL,0,0,0,0,0,1,05058,0,0
1,DSC SENSOR DE HUMO PG9926,UNIDAD,1,0,0,1,0,0,1,GENERAL,0,0,0,0,0,1,04734,0,0
1,DSC SENSOR DE ROTURA DE VIDRIO WLS-912L-433,UNIDAD,1,0,0,1,0,0,1,GENERAL,0,0,0,0,0,1,05239,0,0
1,DSC TECLADO D5511,UNIDAD,1,0,0,1,0,0,1,GENERAL,0,0,0,0,0,1,05061,0,0
1,DSC: BOTON INALAMBRICO WS-4939 4 FUNCIONES,UNIDAD,1,0,0,1,0,0,1,GENERAL,0,0,0,0,0,1,04351,0,0
1,DSC: CABLE C/CONECTOR DB9 P/GSM 3125-BA,UNIDAD,1,0,0,1,0,0,1,GENERAL,0,0,0,0,0,1,03840,0,0
1,DSC: COMUNICADOR DE ALARMA TL2603G-LAT,UNIDAD,1,0,0,1,0,0,1,GENERAL,0,0,0,0,0,1,0053,0,0
1,DSC: COMUNICADOR RE DSC SEM,UNIDAD,1,0,0,1,0,0,1,GENERAL,0,0,0,0,0,1,05116,0,0
1,DSC: COMUNICADOR TCP/IP+GPRS 2 VIA TL260GS,UNIDAD,1,0,0,1,0,0,1,GENERAL,0,0,0,0,0,1,04045,0,0
1,DSC: DETECTOR ROTURA DE VIDRIO DG-50AU,UNIDAD,1,0,0,1,0,0,1,GENERAL,0,0,0,0,0,1,03945,0,0
1,DSC: EXPANSORA 8 ZONAS CABLEADA 832/864,UNIDAD,1,0,0,1,0,0,1,GENERAL,0,0,0,0,0,1,03421,0,0
1,DSC: EXPANSORA 8 ZONAS CABLEADA PC5108 RMA,UNIDAD,1,0,0,1,0,0,1,GENERAL,0,0,0,0,0,1,2103,0,0
1,DSC: EXPANSORA DE 8 ZONAS 5801,UNIDAD,1,0,0,1,0,0,1,GENERAL,0,0,0,0,0,1,04117,0,0
1,DSC: FUENTE DE PODER PC5204,UNIDAD,1,0,0,1,0,0,1,GENERAL,0,0,0,0,0,1,04120,0,0
1,DSC: FUENTE DE PODER SUPERVISADA,UNIDAD,1,0,0,1,0,0,1,GENERAL,0,0,0,0,0,1,04706,0,0
1,DSC: FUENTE HSM2300,UNIDAD,1,0,0,1,0,0,1,GENERAL,0,0,0,0,0,1,04647,0,0
1,DSC: FUENTE PODER PC5200 SUPERVISADA,UNIDAD,1,0,0,1,0,0,1,GENERAL,0,0,0,0,0,1,04044,0,0
1,DSC: INTERFASE DE COMUNICACION SURGAR,UNIDAD,1,0,0,1,0,0,1,GENERAL,0,0,0,0,0,1,0291,0,0
1,"DSC: KIT DE ANTENA P/ 15""",UNIDAD,1,0,0,1,0,0,1,GENERAL,0,0,0,0,0,1,04106,0,0
1,"DSC: KIT DE ANTENA P/ 50""",UNIDAD,1,0,0,1,0,0,1,GENERAL,0,0,0,0,0,1,04107,0,0
1,DSC: KIT INALAMBRICO DE 32 ZONAS (2MA/1PIR/1B,UNIDAD,1,0,0,1,0,0,1,GENERAL,0,0,0,0,0,1,03769,0,0
1,DSC: LECTOR FACIAL PASS PARA ACCESO IP65 MIFARE/(MORPHO,UNIDAD,1,0,0,1,0,0,1,GENERAL,0,0,0,0,0,1,0230,0,0
1,DSC: MODULO DE COMUNICACION GMS 3G4005 LAT,UNIDAD,1,0,0,1,0,0,1,GENERAL,0,0,0,0,0,1,03839,0,0
1,DSC: MODULO DE COMUNICACION GSM,UNIDAD,1,0,0,1,0,0,1,GENERAL,0,0,0,0,0,1,0381,0,0
1,DSC: MODULO DE COMUNICACION GSM RE,UNIDAD,1,0,0,1,0,0,1,GENERAL,0,0,0,0,0,1,2082,0,0
1,DSC: MODULO DE COMUNICACION GSM RE,UNIDAD,1,0,0,1,0,0,1,GENERAL,0,0,0,0,0,1,2050,0,0
1,DSC: MODULO RELAY PC5208,UNIDAD,1,0,0,1,0,0,1,GENERAL,0,0,0,0,0,1,04119,0,0
1,DSC: PANEL DE CONTROL DE ALARMA PC-1864,UNIDAD,1,0,0,1,0,0,1,GENERAL,0,0,0,0,0,1,04114,0,0
1,DSC: PANEL INALAMBRICO DSC WS9019 LHATA LOTEGA,UNIDAD,1,0,0,1,0,0,1,GENERAL,0,0,0,0,0,1,05127,0,0
1,DSC: PASIVO EXTERIOR LC-151,UNIDAD,1,0,0,1,0,0,1,GENERAL,0,0,0,0,0,1,03750,0,0
1,DSC: PASIVO INALAMBRICO ANTIMASK WS4904-P,UNIDAD,1,0,0,1,0,0,1,GENERAL,0,0,0,0,0,1,04253,0,0
1,DSC: PASIVO INFRARROJO LX-402,UNIDAD,1,0,0,1,0,0,1,GENERAL,0,0,0,0,0,1,03748,0,0
1,DSC: PASIVO PARA EXTERIOR LC-171,UNIDAD,1,0,0,1,0,0,1,GENERAL,0,0,0,0,0,1,03823,0,0
1,DSC: RECEPTOR INALAMBRICO RF5108WK C/BOTWS-49,UNIDAD,1,0,0,1,0,0,1,GENERAL,0,0,0,0,0,1,04350,0,0
1,DSC: REPETIDOR DE SEÑAL WSARPT,UNIDAD,1,0,0,1,0,0,1,GENERAL,0,0,0,0,0,1,04457,0,0
1,DSC: SENSOR 360 GRADOS,UNIDAD,1,0,0,1,0,0,1,GENERAL,0,0,0,0,0,1,03360,0,0
1,DSC: SENSOR 360 GRADOS,UNIDAD,1,0,0,1,0,0,1,GENERAL,0,0,0,0,0,1,0541,0,0
1,DSC: SENSOR DOOR/WINDOW 433MHZ DSC,UNIDAD,1,0,0,1,0,0,1,GENERAL,0,0,0,0,0,1,04254,0,0
1,DSC: SIRENA DE TROMPETA 20 WATTS -,UNIDAD,1,0,0,1,0,0,1,GENERAL,0,0,0,0,0,1,0184,0,0
1,DSC: SIRENAS DE 15 WATTS DE SOBRE PONER,UNIDAD,1,0,0,1,0,0,1,GENERAL,0,0,0,0,0,1,0187,0,0
1,DSC: T LINK TL300,UNIDAD,1,0,0,1,0,0,1,GENERAL,0,0,0,0,0,1,0190,0,0
1,DSC: TABLILLA PC1832 PC1832PCB-V,UNIDAD,1,0,0,1,0,0,1,GENERAL,0,0,0,0,0,1,04039,0,0
1,DSC: TARJETA DE RED DE LINEA P/SYSTEM 3,UNIDAD,1,0,0,1,0,0,1,GENERAL,0,0,0,0,0,1,01083,0,0
1,DSC: TARJETA DSC 1832 RE,UNIDAD,1,0,0,1,0,0,1,GENERAL,0,0,0,0,0,1,05114,0,0
1,DSC: TARJETA RECEPTORA DE LINEA TELEFONI,UNIDAD,1,0,0,1,0,0,1,GENERAL,0,0,0,0,0,1,0198,0,0
1,DSC: TECLADO ALFANUMERICO LCD POWER PC550,UNIDAD,1,0,0,1,0,0,1,GENERAL,0,0,0,0,0,1,0736,0,0
1,DSC: TECLADO DSC RE 5511,UNIDAD,1,0,0,1,0,0,1,GENERAL,0,0,0,0,0,1,05115,0,0
1,"DSC: TECLADO LCD SERIE POWER, PK5501 ICONOS",UNIDAD,1,0,0,1,0,0,1,GENERAL,0,0,0,0,0,1,04043,0,0
1,DSC: TECLADO NEO HS21CN,UNIDAD,1,0,0,1,0,0,1,GENERAL,0,0,0,0,0,1,04958,0,0
1,DSC: TRANMISOR INALAMBRICO WSA4945,UNIDAD,1,0,0,1,0,0,1,GENERAL,0,0,0,0,0,1,04456,0,0
1,"DSC: TRANSFORMADOR 120-16VCA, PTC1640 40VA",UNIDAD,1,0,0,1,0,0,1,GENERAL,0,0,0,0,0,1,04041,0,0
1,DSC: TRANSFORMADORES 16 VOLITOS 40 AMPER,UNIDAD,1,0,0,1,0,0,1,GENERAL,0,0,0,0,0,1,0246,0,0
1,DSC: VIBRATION SENSOR/SEISMIC DETECTOR SS-102,UNIDAD,1,0,0,1,0,0,1,GENERAL,0,0,0,0,0,1,04225,0,0
1,DSC18103-ZWUS MICRO SMART ENERGY AEOTEC (DEMO),UNIDAD,1,0,0,1,0,0,1,GENERAL,0,0,0,0,0,1,05214,0,0
1,DS-K17320MFWX LECTORA FASCIAL  HIKVISION,UNIDAD,1,0,0,1,0,0,1,GENERAL,0,0,0,0,0,1,06523,0,0
1,DS-K1T607MW LECTOR FACIAL WIEGAND Y CODIGOS QR,UNIDAD,1,0,0,1,0,0,1,GENERAL,0,0,0,0,0,1,05465,0,0
1,DS-K1T67TM-MXF LECTOR FACIAL WIEGAND,UNIDAD,1,0,0,1,0,0,1,GENERAL,0,0,0,0,0,1,05464,0,0
1,DS-K3H4411-120 MOLINETE HIKVISION,UNIDAD,1,0,0,1,0,0,1,GENERAL,0,0,0,0,0,1,06560,0,0
1,DS-KAB671-B BASE DE INSTALACION PARA CONTROL DE AC,UNIDAD,1,0,0,1,0,0,1,GENERAL,0,0,0,0,0,1,05506,0,0
1,DS-KH6110-WE1(O-STD) ESTACI?N INTERIOR BASADA EN I,UNIDAD,1,0,0,1,0,0,1,GENERAL,0,0,0,0,0,1,06633,0,0
1,DS-KIS603-P  KIT DE VIDEO PORTERO IP CON CAMARA HD,UNIDAD,1,0,0,1,0,0,1,GENERAL,0,0,0,0,0,1,06648,0,0
1,DT 7550C DETECTOR DE MOVIMIENTO,UNIDAD,1,0,0,1,0,0,1,GENERAL,0,0,0,0,0,1,2105,0,0
1,DT8050 DUAL TEC 50FT G2,UNIDAD,1,0,0,1,0,0,1,GENERAL,0,0,0,0,0,1,05384,0,0
1,DUAL-CAM2 CAMARA DE VEHICULO PARA GESTION FLOTA,UNIDAD,1,0,0,1,0,0,1,GENERAL,0,0,0,0,0,1,05969,0,0
1,DUPLICADOR DE SEÑAL HDMI,UNIDAD,1,0,0,1,0,0,1,GENERAL,0,0,0,0,0,1,04366,0,0
1,DVD,UNIDAD,1,0,0,1,0,0,1,GENERAL,0,0,0,0,0,1,05178,0,0
1,DVD IMPRIMIBLE,UNIDAD,1,0,0,1,0,0,1,GENERAL,0,0,0,0,0,1,643,0,0
1,DVD MARCA PHILIPS MODELO DVP3681,UNIDAD,1,0,0,1,0,0,1,GENERAL,0,0,0,0,0,1,03459,0,0
1,DVD TOSHIBA,UNIDAD,1,0,0,1,0,0,1,GENERAL,0,0,0,0,0,1,590,0,0
1,DVR  GE H.264  DE 8 CH TVR-3108-1T,UNIDAD,1,0,0,1,0,0,1,GENERAL,0,0,0,0,0,1,02007,0,0
1,DVR 0804-02T-Q HYBRID DESKTOP RECORDER WITH,UNIDAD,1,0,0,1,0,0,1,GENERAL,0,0,0,0,0,1,05875,0,0
1,"DVR 12HD, 1080P HD, H264 16CH 1216HD 2T",UNIDAD,1,0,0,1,0,0,1,GENERAL,0,0,0,0,0,1,04314,0,0
1,DVR 16 CANALES  RESOLUCION 5MP DS-7116HQHI-M ,UNIDAD,1,0,0,1,0,0,1,GENERAL,0,0,0,0,0,1,05121,0,0
1,DVR 16 CANALES DISC 2TB MARCA XTS,UNIDAD,1,0,0,1,0,0,1,GENERAL,0,0,0,0,0,1,01036,0,0
1,DVR 16 CANALES DVD/CD 3TB G&E,UNIDAD,1,0,0,1,0,0,1,GENERAL,0,0,0,0,0,1,01017,0,0
1,DVR 16 CANALES GE-TVR-3016-3T,UNIDAD,1,0,0,1,0,0,1,GENERAL,0,0,0,0,0,1,02021,0,0
1,"DVR 16 CANALES, 2TB GDH164A 2TB",UNIDAD,1,0,0,1,0,0,1,GENERAL,0,0,0,0,0,1,03694,0,0
1,DVR 16 CH  250GB  DVD-RW 2*USB2,UNIDAD,1,0,0,1,0,0,1,GENERAL,0,0,0,0,0,1,0729,0,0
1,"DVR 16 CH 480FPS VGA PTZ, M, 500 GB AVTE",UNIDAD,1,0,0,1,0,0,1,GENERAL,0,0,0,0,0,1,0645,0,0
1,DVR 16 CH H.264 400 IPS 1TB  GDL164,UNIDAD,1,0,0,1,0,0,1,GENERAL,0,0,0,0,0,1,03052,0,0
1,DVR 16 CH H.264/I-PHO EVERFOCUS,UNIDAD,1,0,0,1,0,0,1,GENERAL,0,0,0,0,0,1,01129,0,0
1,DVR 16 CHANEL RE,UNIDAD,1,0,0,1,0,0,1,GENERAL,0,0,0,0,0,1,04642,0,0
1,DVR 16CH 240I 1000GB PUERTO USB AVTECH,UNIDAD,1,0,0,1,0,0,1,GENERAL,0,0,0,0,0,1,03845,0,0
1,DVR 16CH 2TB EXACQ 1604-02T-LC,UNIDAD,1,0,0,1,0,0,1,GENERAL,0,0,0,0,0,1,06027,0,0
1,DVR 16CH 480/480FPS FULL D1 SALIDA HDMI,UNIDAD,1,0,0,1,0,0,1,GENERAL,0,0,0,0,0,1,04330,0,0
1,DVR 16CH 960H/1080P PX-HDVR16-960H,UNIDAD,1,0,0,1,0,0,1,GENERAL,0,0,0,0,0,1,04317,0,0
1,DVR 16CH CON SALIDA HD PERFORMANCE WD1,UNIDAD,1,0,0,1,0,0,1,GENERAL,0,0,0,0,0,1,04494,0,0
1,"DVR 16CH D1/1080P PYXIS, 1HD+ DISCO DURO",UNIDAD,1,0,0,1,0,0,1,GENERAL,0,0,0,0,0,1,04198,0,0
1,DVR 16CH DAHUA C/DIS HHDD-2TB 1604HF-A-E,UNIDAD,1,0,0,1,0,0,1,GENERAL,0,0,0,0,0,1,04141,0,0
1,DVR 16CH EV1016HDX HIKVISION,UNIDAD,1,0,0,1,0,0,1,GENERAL,0,0,0,0,0,1,04392,0,0
1,DVR 16CH GE-SYMDEC16+4,UNIDAD,1,0,0,1,0,0,1,GENERAL,0,0,0,0,0,1,01027,0,0
1,DVR 16CH H264 2TB GDL164A,UNIDAD,1,0,0,1,0,0,1,GENERAL,0,0,0,0,0,1,03851,0,0
1,DVR 16CH HICKVISION 7216 HQHI-F2,UNIDAD,1,0,0,1,0,0,1,GENERAL,0,0,0,0,0,1,05099,0,0
1,DVR 16CH IP 4TB EXACQ 1604-04T-LC,UNIDAD,1,0,0,1,0,0,1,GENERAL,0,0,0,0,0,1,06013,0,0
1,DVR 16-CHANNEL NV-1642 STUBEQ ACTIVE HUB,UNIDAD,1,0,0,1,0,0,1,GENERAL,0,0,0,0,0,1,04130,0,0
1,DVR 32 CANALES TURBO HD,UNIDAD,1,0,0,1,0,0,1,GENERAL,0,0,0,0,0,1,04875,0,0
1,"DVR 4 CANALES, 1TB GDS04A",UNIDAD,1,0,0,1,0,0,1,GENERAL,0,0,0,0,0,1,03695,0,0
1,DVR 4 CH 1080P HIKVISION,UNIDAD,1,0,0,1,0,0,1,GENERAL,0,0,0,0,0,1,05297,0,0
1,DVR 4 CH 120FPS VGA 320 GB,UNIDAD,1,0,0,1,0,0,1,GENERAL,0,0,0,0,0,1,0512,0,0
1,DVR 4 CH AHD STAND 1080P PROVISION,UNIDAD,1,0,0,1,0,0,1,GENERAL,0,0,0,0,0,1,04985,0,0
1,DVR 4CH 264 500/1000GB PX-HDVR4-D1,UNIDAD,1,0,0,1,0,0,1,GENERAL,0,0,0,0,0,1,04278,0,0
1,DVR 4CH EPCOM S04,UNIDAD,1,0,0,1,0,0,1,GENERAL,0,0,0,0,0,1,03925,0,0
1,DVR 4CH RE CON DISCO INCLUIDO,UNIDAD,1,0,0,1,0,0,1,GENERAL,0,0,0,0,0,1,04615,0,0
1,DVR 4CH TRIBRIDO EV1004TURBOX,UNIDAD,1,0,0,1,0,0,1,GENERAL,0,0,0,0,0,1,06056,0,0
1,"DVR 4CH, H264, VGA MAIN 500 GB",UNIDAD,1,0,0,1,0,0,1,GENERAL,0,0,0,0,0,1,0938,0,0
1,"DVR 4CH, MDVR9804WGP3, D1,LINUX H.264 XT",UNIDAD,1,0,0,1,0,0,1,GENERAL,0,0,0,0,0,1,03866,0,0
1,DVR 8 CANALES GE-TVR-3008 1TB,UNIDAD,1,0,0,1,0,0,1,GENERAL,0,0,0,0,0,1,02022,0,0
1,DVR 8 CANALES TVR-1108-2T STORAGE SN,UNIDAD,1,0,0,1,0,0,1,GENERAL,0,0,0,0,0,1,03705,0,0
1,DVR 8 CH 1TB SRD-893-1TB,UNIDAD,1,0,0,1,0,0,1,GENERAL,0,0,0,0,0,1,06153,0,0
1,DVR 8CH 1080P HIKVISION,UNIDAD,1,0,0,1,0,0,1,GENERAL,0,0,0,0,0,1,06182,0,0
1,DVR 8CH DAHUA 1080P S2,UNIDAD,1,0,0,1,0,0,1,GENERAL,0,0,0,0,0,1,04517,0,0
1,DVR 8CH H-264 500/1000GB PX-HDVR8-D1,UNIDAD,1,0,0,1,0,0,1,GENERAL,0,0,0,0,0,1,04033,0,0
1,DVR 8CH H-264 PX-HDVR8-960H DISCO 500GB,UNIDAD,1,0,0,1,0,0,1,GENERAL,0,0,0,0,0,1,04100,0,0
1,DVR AHD STAND ALONE 1080P 16CH VIDEO INPUTS,UNIDAD,1,0,0,1,0,0,1,GENERAL,0,0,0,0,0,1,05013,0,0
1,DVR AVC792D 500GB,UNIDAD,1,0,0,1,0,0,1,GENERAL,0,0,0,0,0,1,03826,0,0
1,DVR AVTECH 4 CANALES GRIS 320 GB CON USB,UNIDAD,1,0,0,1,0,0,1,GENERAL,0,0,0,0,0,1,DVR/4/791/COLOR,0,0
1,"DVR AVTECH 4 CH 240FPS VGA,PTZ,M 500 GB",UNIDAD,1,0,0,1,0,0,1,GENERAL,0,0,0,0,0,1,066,0,0
1,"DVR AVTECH H.264, 8CH, 240FPS, HDMI, VGA",UNIDAD,1,0,0,1,0,0,1,GENERAL,0,0,0,0,0,1,03676,0,0
1,DVR DE 4 CANALES CON CONECTIVIDAD P2P,UNIDAD,1,0,0,1,0,0,1,GENERAL,0,0,0,0,0,1,05626,0,0
1,DVR DE 4 CH 500GB  MOD. TRV-1004/500,UNIDAD,1,0,0,1,0,0,1,GENERAL,0,0,0,0,0,1,03034,0,0
1,DVR DE 4CH MODELO: GDL041,UNIDAD,1,0,0,1,0,0,1,GENERAL,0,0,0,0,0,1,03082,0,0
1,DVR DE 4CH REVO,UNIDAD,1,0,0,1,0,0,1,GENERAL,0,0,0,0,0,1,04455,0,0
1,DVR DE 8 CANALES ECOLITE,UNIDAD,1,0,0,1,0,0,1,GENERAL,0,0,0,0,0,1,01109,0,0
1,DVR DE 8 CANALES G4S GDL082,UNIDAD,1,0,0,1,0,0,1,GENERAL,0,0,0,0,0,1,02009,0,0
1,DVR DE 8CH TRU VISION TVR-1208-2T,UNIDAD,1,0,0,1,0,0,1,GENERAL,0,0,0,0,0,1,04654,0,0
1,DVR DE CCTV8 CAMARAS 1080P DS-7208HGHI-K2,UNIDAD,1,0,0,1,0,0,1,GENERAL,0,0,0,0,0,1,05490,0,0
1,DVR DIVAR IP 300 2X2TB BOSCH,UNIDAD,1,0,0,1,0,0,1,GENERAL,0,0,0,0,0,1,04600,0,0
1,DVR DS-7200 HUHI M2/S SERIES TURBO,UNIDAD,1,0,0,1,0,0,1,GENERAL,0,0,0,0,0,1,05991,0,0
1,DVR DS-7216HGHI-K1 16 CANALES 1080P,UNIDAD,1,0,0,1,0,0,1,GENERAL,0,0,0,0,0,1,05994,0,0
1,DVR DS-7216HQHI-M2/S 16 CANALES 4MX HIKVISIO,UNIDAD,1,0,0,1,0,0,1,GENERAL,0,0,0,0,0,1,05556,0,0
1,DVR EXACQ PE08-02T-M 8CH 2TB,UNIDAD,1,0,0,1,0,0,1,GENERAL,0,0,0,0,0,1,06186,0,0
1,"DVR G4S 8 CANALES AUDI ALARMS, IR REMOTE",UNIDAD,1,0,0,1,0,0,1,GENERAL,0,0,0,0,0,1,02024,0,0
1,DVR GE DE 4 CANALES TVR-1004-500GB,UNIDAD,1,0,0,1,0,0,1,GENERAL,0,0,0,0,0,1,01133,0,0
1,"DVR H.264 4 CH 120 FPS, SATA, VGA, 250GB",UNIDAD,1,0,0,1,0,0,1,GENERAL,0,0,0,0,0,1,0753,0,0
1,"DVR H264, 16CH, 480IPS, USB, VDX",UNIDAD,1,0,0,1,0,0,1,GENERAL,0,0,0,0,0,1,0823,0,0
1,DVR HHSE32C1604T MAX PRO NVR,UNIDAD,1,0,0,1,0,0,1,GENERAL,0,0,0,0,0,1,04731,0,0
1,DVR HIKVISION 16 CH SLIM 720P DS-7216HQHI-K2,UNIDAD,1,0,0,1,0,0,1,GENERAL,0,0,0,0,0,1,06068,0,0
1,DVR HIKVISION 7116HQHI-M1/S(C) 16CH,UNIDAD,1,0,0,1,0,0,1,GENERAL,0,0,0,0,0,1,05126,0,0
1,DVR HIKVISION 8 CH 7204HQH-I 1080P,UNIDAD,1,0,0,1,0,0,1,GENERAL,0,0,0,0,0,1,06173,0,0
1,"DVR HIKVISION TURBO 4.0, 16 CANALES SLIM",UNIDAD,1,0,0,1,0,0,1,GENERAL,0,0,0,0,0,1,05628,0,0
1,DVR MARCA ICR 16 CANALES TRIBRID,UNIDAD,1,0,0,1,0,0,1,GENERAL,0,0,0,0,0,1,05001,0,0
1,DVR MOVIL CAMARAS Y GPS,UNIDAD,1,0,0,1,0,0,1,GENERAL,0,0,0,0,0,1,04771,0,0
1,"DVR MOVIL WIFI-3G MDVR-9804WI3G 4CH, D1",UNIDAD,1,0,0,1,0,0,1,GENERAL,0,0,0,0,0,1,03963,0,0
1,DVR PARA 4 CAMARAS SSA-0412H-750,UNIDAD,1,0,0,1,0,0,1,GENERAL,0,0,0,0,0,1,0720,0,0
1,DVR S08 TURBO DE 8CH HD 720/700TVL,UNIDAD,1,0,0,1,0,0,1,GENERAL,0,0,0,0,0,1,04595,0,0
1,DVR TR2104 IDIS 4CH HD 1080P,UNIDAD,1,0,0,1,0,0,1,GENERAL,0,0,0,0,0,1,04692,0,0
1,"DVR TRIBRI4TB,H264 16CH.1080P EV1016TURB",UNIDAD,1,0,0,1,0,0,1,GENERAL,0,0,0,0,0,1,04409,0,0
1,DVR TRIBRIDA 16CH 1080P S2 HCVR5216AN-S2,UNIDAD,1,0,0,1,0,0,1,GENERAL,0,0,0,0,0,1,04356,0,0
1,DVR TRIBRIDA 16CH 720P HCVR4116HS-S2,UNIDAD,1,0,0,1,0,0,1,GENERAL,0,0,0,0,0,1,04336,0,0
1,DVR TRIBRIDA 4CH 1080P S2  HCVR5104H-S2,UNIDAD,1,0,0,1,0,0,1,GENERAL,0,0,0,0,0,1,04342,0,0
1,DVR TRIBRIDA 8CH 1080P S2 HCVR5108H-S2,UNIDAD,1,0,0,1,0,0,1,GENERAL,0,0,0,0,0,1,04348,0,0
1,DVR TRIBRIDA 8CH 720P HCVR4108C-S2-N,UNIDAD,1,0,0,1,0,0,1,GENERAL,0,0,0,0,0,1,04367,0,0
1,DVR TRIBRIDO 16 CH 1080P EV1016TURBOX,UNIDAD,1,0,0,1,0,0,1,GENERAL,0,0,0,0,0,1,05050,0,0
1,DVR TRIBRIDO 16CH  HIK 1080P S2 HCVR5216,UNIDAD,1,0,0,1,0,0,1,GENERAL,0,0,0,0,0,1,04138,0,0
1,DVR TRIBRIDO 4CH VIDEO HD,UNIDAD,1,0,0,1,0,0,1,GENERAL,0,0,0,0,0,1,04638,0,0
1,DVR TRIBRIDO 8CH HIK 720P HCVR4108C-S2,UNIDAD,1,0,0,1,0,0,1,GENERAL,0,0,0,0,0,1,04137,0,0
1,DVR TURBO HD 16CH CON HD ANALOGICO,UNIDAD,1,0,0,1,0,0,1,GENERAL,0,0,0,0,0,1,04532,0,0
1,DVR TURBO HD 4CH 720P,UNIDAD,1,0,0,1,0,0,1,GENERAL,0,0,0,0,0,1,04545,0,0
1,"DVR TVR-1204C-500 4CH, H.264",UNIDAD,1,0,0,1,0,0,1,GENERAL,0,0,0,0,0,1,04134,0,0
1,"DVR TVR-1208-1T H.264, 8CH",UNIDAD,1,0,0,1,0,0,1,GENERAL,0,0,0,0,0,1,04136,0,0
1,"DVR TVR-1216-2T H.264, 16CH",UNIDAD,1,0,0,1,0,0,1,GENERAL,0,0,0,0,0,1,04135,0,0
1,DVR TVR-1216HD-2T TRUVISION,UNIDAD,1,0,0,1,0,0,1,GENERAL,0,0,0,0,0,1,04363,0,0
1,DVR VSIONIS,UNIDAD,1,0,0,1,0,0,1,GENERAL,0,0,0,0,0,1,0742,0,0
1,DVR VX16-2T 16CH 4801IPS HONEYWELL,UNIDAD,1,0,0,1,0,0,1,GENERAL,0,0,0,0,0,1,04566,0,0
1,"DVR, 16CH, 1TB GDS164",UNIDAD,1,0,0,1,0,0,1,GENERAL,0,0,0,0,0,1,03722,0,0
1,"DVR, 16CH, 2TB GDS164A 2TB",UNIDAD,1,0,0,1,0,0,1,GENERAL,0,0,0,0,0,1,03238,0,0
1,"DVR, 16CH, 500GB GDI164",UNIDAD,1,0,0,1,0,0,1,GENERAL,0,0,0,0,0,1,03711,0,0
1,"DVR, 4CH, 250GB, DVD GDS041",UNIDAD,1,0,0,1,0,0,1,GENERAL,0,0,0,0,0,1,03721,0,0
1,"DVR, 4CH. 500GB GDL041A",UNIDAD,1,0,0,1,0,0,1,GENERAL,0,0,0,0,0,1,04192,0,0
1,"DVR, 8CH. 1TB GDL082A",UNIDAD,1,0,0,1,0,0,1,GENERAL,0,0,0,0,0,1,04193,0,0
1,DVR1080P LITE/16 CANALES PROVISION,UNIDAD,1,0,0,1,0,0,1,GENERAL,0,0,0,0,0,1,05033,0,0
1,DVR-DS-7116HGHI-K1S,UNIDAD,1,0,0,1,0,0,1,GENERAL,0,0,0,0,0,1,05980,0,0
1,DVR-DS-7204HUHI-K1S HIKVISION,UNIDAD,1,0,0,1,0,0,1,GENERAL,0,0,0,0,0,1,05715,0,0
1,"E/PORT PLUS, ADVANCED PORT REPLICATOR FO",UNIDAD,1,0,0,1,0,0,1,GENERAL,0,0,0,0,0,1,550,0,0
1,E-941S-600/ZQ SINGLE-DOOR ELECTROMAGNETIC,UNIDAD,1,0,0,1,0,0,1,GENERAL,0,0,0,0,0,1,05375,0,0
1,EA-200 ENVIO ALERTA 2 ZONAS,UNIDAD,1,0,0,1,0,0,1,GENERAL,0,0,0,0,0,1,05740,0,0
1,EAP-5D5DQ FUENTE DE PODER 5 SALIDAS 5 AMP,UNIDAD,1,0,0,1,0,0,1,GENERAL,0,0,0,0,0,1,05351,0,0
1,EAP-5D5Q IN NO-TOUCJ REQUEST,UNIDAD,1,0,0,1,0,0,1,GENERAL,0,0,0,0,0,1,05376,0,0
1,"EB-P101-20HQ BALUN CON CABLE FLEXIBLE DE 6 "", RANG",UNIDAD,1,0,0,1,0,0,1,GENERAL,0,0,0,0,0,1,05534,0,0
1,EDGE NETWORK 2 DOOR CONTROLLER EN-2DBC,UNIDAD,1,0,0,1,0,0,1,GENERAL,0,0,0,0,0,1,03801,0,0
1,EDGE NETWORK DOOR CONTROL MODULE,UNIDAD,1,0,0,1,0,0,1,GENERAL,0,0,0,0,0,1,0836,0,0
1,"EDGE-FIL FILLER PLATE, FOR EDGE SERIES",UNIDAD,1,0,0,1,0,0,1,GENERAL,0,0,0,0,0,1,06699,0,0
1,EDGE-FPS-LK LANGUAGE KIT,UNIDAD,1,0,0,1,0,0,1,GENERAL,0,0,0,0,0,1,06697,0,0
1,EDGE-ML-G EDGE GREY,UNIDAD,1,0,0,1,0,0,1,GENERAL,0,0,0,0,0,1,06696,0,0
1,E-GLO-KTK-1 KANTECH TOKEN FOR ENTRAPASS GLOBAL (1),1,1,0,0,1,0,0,1,GENERAL,0,0,0,0,0,1,06269,0,0
1,EIR-32-F1 DETECTOR PIR VIA RADIO DE EXTERIOR VESTA,UNIDAD,1,0,0,1,0,0,1,GENERAL,0,0,0,0,0,1,06617,0,0
1,EK-1M-LA EXPANSION KIT-1-M TRANSF.,UNIDAD,1,0,0,1,0,0,1,GENERAL,0,0,0,0,0,1,05462,0,0
1,ELA BULE CON ID (BEACON),UNIDAD,1,0,0,1,0,0,1,GENERAL,0,0,0,0,0,1,05423,0,0
1,ELA BULE SLIM ID,UNIDAD,1,0,0,1,0,0,1,GENERAL,0,0,0,0,0,1,05425,0,0
1,ELA COIN T (TEMPERATURE),UNIDAD,1,0,0,1,0,0,1,GENERAL,0,0,0,0,0,1,05424,0,0
1,ELEC: CONECTOR DUCTON / EMT 3/4,UNIDAD,1,0,0,1,0,0,1,GENERAL,0,0,0,0,0,1,02064,0,0
1,ELECTRIFICADOR PARA 400MTS YONUSA,UNIDAD,1,0,0,1,0,0,1,GENERAL,0,0,0,0,0,1,04965,0,0
1,ELECTRIFICADOR PARA RAZOR,UNIDAD,1,0,0,1,0,0,1,GENERAL,0,0,0,0,0,1,0809,0,0
1,ELECTRO IMAN SD-997BQ,UNIDAD,1,0,0,1,0,0,1,GENERAL,0,0,0,0,0,1,03475,0,0
1,ELECTRODO  332 PUNTA CAFE,UNIDAD,1,0,0,1,0,0,1,GENERAL,0,0,0,0,0,1,0851,0,0
1,ELECTROIMAN DE 600 LBS,UNIDAD,1,0,0,1,0,0,1,GENERAL,0,0,0,0,0,1,0944,0,0
1,ELEV-C2BXIR2812 CAMARA BALA 2.8.12 MM INVITEC,UNIDAD,1,0,0,1,0,0,1,GENERAL,0,0,0,0,0,1,05130,0,0
1,ELEV-C2TXIR28 CAMARA DOMO 2MP INVITECH,UNIDAD,1,0,0,1,0,0,1,GENERAL,0,0,0,0,0,1,05129,0,0
1,EMBUDO,UNIDAD,1,0,0,1,0,0,1,GENERAL,0,0,0,0,0,1,05084,0,0
1,EMPASTADO DE LIBROS,UNIDAD,1,0,0,1,0,0,1,GENERAL,0,0,0,0,0,1,06504,0,0
1,EN-1DBC-PLUS-IO-MOD MÓDULO DE ENTRAD/SALIDA EN-1DB,UNIDAD,1,0,0,1,0,0,1,GENERAL,0,0,0,0,0,1,06399,0,0
1,EN-7904 DVR 4 CH ENCODER,UNIDAD,1,0,0,1,0,0,1,GENERAL,0,0,0,0,0,1,03980,0,0
1,ENCHUFE C/SALIDA UNICA P/CAMARA DTK-1F,UNIDAD,1,0,0,1,0,0,1,GENERAL,0,0,0,0,0,1,03785,0,0
1,ENERGIA ELECTRICA Y AGUA ADMINISTRATIVO,,3,0,0,0,0,0,0,GENERAL,0,0,0,0,0,1,SRV0217,0,0
1,ENERGIA ELECTRICA Y AGUA DIRECTO,,3,0,0,0,0,0,0,GENERAL,0,0,0,0,0,1,SRV0215,0,0
1,ENERGIA ELECTRICA Y AGUA INDIRECTO,,3,0,0,0,0,0,0,GENERAL,0,0,0,0,0,1,SRV0216,0,0
1,ENERGIZADOR CERCA YONUSE EY-10000-127-AF,UNIDAD,1,0,0,1,0,0,1,GENERAL,0,0,0,0,0,1,04268,0,0
1,ENFORCER FUENTE 18 SALIDAS PS-U1812-PULQ,UNIDAD,1,0,0,1,0,0,1,GENERAL,0,0,0,0,0,1,06160,0,0
1,ENFORCER: ACCESORIO SOPORTE TIPO Z P/CHAPA MAGNETI,UNIDAD,1,0,0,1,0,0,1,GENERAL,0,0,0,0,0,1,0561,0,0
1,ENFORCER: BALUM PASIVO ED-P10101,UNIDAD,1,0,0,1,0,0,1,GENERAL,0,0,0,0,0,1,03626,0,0
1,ENFORCER: BASE PARA CHAPA ELECTROMAGNETICA,UNIDAD,1,0,0,1,0,0,1,GENERAL,0,0,0,0,0,1,01097,0,0
1,ENFORCER: BOTON DE PANICO DE METAL CON L,UNIDAD,1,0,0,1,0,0,1,GENERAL,0,0,0,0,0,1,0253,0,0
1,ENFORCER: BOTON SALIDA SL-SD-7275SGEX1Q,UNIDAD,1,0,0,1,0,0,1,GENERAL,0,0,0,0,0,1,0556,0,0
1,ENFORCER: CHAPA ELECTROMAGNETICA E-941SA-60,UNIDAD,1,0,0,1,0,0,1,GENERAL,0,0,0,0,0,1,01096,0,0
1,ENFORCER: DESCRIMINADOR DE AUDIO,UNIDAD,1,0,0,1,0,0,1,GENERAL,0,0,0,0,0,1,03683,0,0
1,ENFORCER: DISCADOR TELEFONICO ANALOGO,UNIDAD,1,0,0,1,0,0,1,GENERAL,0,0,0,0,0,1,0083,0,0
1,ENFORCER: ENFORCER TIMER SA-025Q,UNIDAD,1,0,0,1,0,0,1,GENERAL,0,0,0,0,0,1,0518,0,0
1,"ENFORCER: FOTOCELDA DE 190"" USO EXTERIOR",UNIDAD,1,0,0,1,0,0,1,GENERAL,0,0,0,0,0,1,E960D190,0,0
1,ENFORCER: FUENTE DE PODER 5 AMPERIOS,UNIDAD,1,0,0,1,0,0,1,GENERAL,0,0,0,0,0,1,02044,0,0
1,ENFORCER: FUENTE DE PODER DE 2.5 AMP.,UNIDAD,1,0,0,1,0,0,1,GENERAL,0,0,0,0,0,1,0254,0,0
1,ENFORCER: KIT FUENTE DE PODER DE 1.5,KIT,1,0,0,1,0,0,1,GENERAL,0,0,0,0,0,1,0524,0,0
1,ENFORCER: KIT FUENTE DE PODER DE 1.5  SIN TRANSFOR,KIT,1,0,0,1,0,0,1,GENERAL,0,0,0,0,0,1,03325,0,0
1,ENFORCER: KIT FUENTE DE PODER DE 1.5 SIN BATERIA,KIT,1,0,0,1,0,0,1,GENERAL,0,0,0,0,0,1,03319,0,0
1,ENFORCER: KIT FUENTE DE PODER DE 2.5,UNIDAD,1,0,0,1,0,0,1,GENERAL,0,0,0,0,0,1,0525,0,0
1,ENFORCER: LUS ESTROBOSCOPICA ROJA/AMBAR,UNIDAD,1,0,0,1,0,0,1,GENERAL,0,0,0,0,0,1,0121,0,0
1,ENFORCER: MAGNETICO DE PERSIANA,UNIDAD,1,0,0,1,0,0,1,GENERAL,0,0,0,0,0,1,0125,0,0
1,ENFORCER: PUSH BOTON ENFORCER (TIPO HONGO) COLOR VERDE,UNIDAD,1,0,0,1,0,0,1,GENERAL,0,0,0,0,0,1,0151,0,0
1,ENFORCER: RECIBIDOR ELECTRICO,UNIDAD,1,0,0,1,0,0,1,GENERAL,0,0,0,0,0,1,0481,0,0
1,ENFORCER: RECIBIDOR ELECTRICO SD-995C,UNIDAD,1,0,0,1,0,0,1,GENERAL,0,0,0,0,0,1,0574,0,0
1,ENFORCER: TAMPER SWITCH ..,UNIDAD,1,0,0,1,0,0,1,GENERAL,0,0,0,0,0,1,06-DRSS-072,0,0
1,ENFORCER: TAMPER SWITCH ENFOCERCER,UNIDAD,1,0,0,1,0,0,1,GENERAL,0,0,0,0,0,1,0268,0,0
1,ENFORCER: TARJETA FUENTE DE PODER DE 1.5 AMP,UNIDAD,1,0,0,1,0,0,1,GENERAL,0,0,0,0,0,1,0101,0,0
1,ENFORCER: TECLADO DIGITAL SK-1131-SQ,UNIDAD,1,0,0,1,0,0,1,GENERAL,0,0,0,0,0,1,04121,0,0
1,ENFORCER: TECLADO STAND ALONE KS100,UNIDAD,1,0,0,1,0,0,1,GENERAL,0,0,0,0,0,1,03600,0,0
1,ENGRAPADORA,UNIDAD,1,0,0,1,0,0,1,GENERAL,0,0,0,0,0,1,366,0,0
1,ENGRAPADORA SWINGLINE 444,UNIDAD,1,0,0,1,0,0,1,GENERAL,0,0,0,0,0,1,470,0,0
1,ENROLADOR DE HUELLAS USB SILK ID SLK20R,UNIDAD,1,0,0,1,0,0,1,GENERAL,0,0,0,0,0,1,05227,0,0
1,ENROLADOR DE HUELLAS ZK4500,UNIDAD,1,0,0,1,0,0,1,GENERAL,0,0,0,0,0,1,04792,0,0
1,ENT-CLIENT-V 7.0.1 CLIENT SOFTWARE V7.0.,UNIDAD,1,0,0,1,0,0,1,GENERAL,0,0,0,0,0,1,03495,0,0
1,ENT-CLIENT-V8.0.1SYMM/ENTERP CLIE/SOFTWA,UNIDAD,1,0,0,1,0,0,1,GENERAL,0,0,0,0,0,1,04370,0,0
1,ENTERPRISE CONTROL PANER RAM UPGRADE,UNIDAD,1,0,0,1,0,0,1,GENERAL,0,0,0,0,0,1,04523,0,0
1,ENT-LC-PE08 ACTUALIZACION DE SOFTWARE START,UNIDAD,1,0,0,1,0,0,1,GENERAL,0,0,0,0,0,1,05542,0,0
1,ENT-LIC-008-V7 ENTERPRISE SOFT/LICENC.V7,UNIDAD,1,0,0,1,0,0,1,GENERAL,0,0,0,0,0,1,04244,0,0
1,ENT-LIC-008-V8.1 SYMMETRY ENTERPRISE READER LIC,UNIDAD,1,0,0,1,0,0,1,GENERAL,0,0,0,0,0,1,04876,0,0
1,ENT-LIC-016-V8 SYMMETRY ENTERPRISE 16 READER LIC,UNIDAD,1,0,0,1,0,0,1,GENERAL,0,0,0,0,0,1,06077,0,0
1,ENT-LIC-016-V9 COMPLEMENTO DE LICENCIA SYMMETRY EN,UNIDAD,1,0,0,1,0,0,1,GENERAL,0,0,0,0,0,1,06263,0,0
1,ENT-LIC-032-V9 COMPLEMENTO DE LICENCIA DE SYMMETRY,UNIDAD,1,0,0,1,0,0,1,GENERAL,0,0,0,0,0,1,06260,0,0
1,ENT-LIC-127-V7 LICENSE 128 READERS,UNIDAD,1,0,0,1,0,0,1,GENERAL,0,0,0,0,0,1,03494,0,0
1,ENT-LIC-128-V8SYMM/ENTERP128READ.LICENSE,UNIDAD,1,0,0,1,0,0,1,GENERAL,0,0,0,0,0,1,04369,0,0
1,ENT-PLAT-V7.0.1 ENTERPRISE PLATFORM,UNIDAD,1,0,0,1,0,0,1,GENERAL,0,0,0,0,0,1,03493,0,0
1,ENT-PLAT-V8.0.1SYMM/ENTERP.PLATF/SOFTWAR,UNIDAD,1,0,0,1,0,0,1,GENERAL,0,0,0,0,0,1,04368,0,0
1,ENT-PLAT-V9.4 SOFTWARE SYMMETRY ENTERPRISE PLATFOR,UNIDAD,1,0,0,1,0,0,1,GENERAL,0,0,0,0,0,1,06256,0,0
1,ENTRA PASS CORPORATE EDITION LICENSE E-COR-WEB-1,UNIDAD,1,0,0,1,0,0,1,GENERAL,0,0,0,0,0,1,05228,0,0
1,ENTRENAMIENTO ADMINISTRATIVO,SRV,3,0,0,1,0,0,4,GENERAL,0,0,0,0,0,1,SRV0207,0,0
1,ENTRENAMIENTO DIRECTO,SRV,3,0,0,1,0,0,4,GENERAL,0,0,0,0,0,1,SRV0205,0,0
1,ENTRENAMIENTO INDIRECTO,SRV,3,0,0,1,0,0,4,GENERAL,0,0,0,0,0,1,SRV0206,0,0
1,ENTREVISTAS,,3,0,0,0,0,0,0,GENERAL,0,0,0,0,0,1,SRV0316,0,0
1,ENVS -400 VIDEO SERVER G4TEC,UNIDAD,1,0,0,1,0,0,1,GENERAL,0,0,0,0,0,1,01126,0,0
1,ENVS 8 CHANEL EN BASTIDOR Y 2 DISCOS 80,UNIDAD,1,0,0,1,0,0,1,GENERAL,0,0,0,0,0,1,0711,0,0
1,ENVS CON 4 PUERTOS PARA CAMARA 80GB,UNIDAD,1,0,0,1,0,0,1,GENERAL,0,0,0,0,0,1,0709,0,0
1,"EOL-47 47K EOL ASSEMBLY, UL APPROVED",UNIDAD,1,0,0,1,0,0,1,GENERAL,0,0,0,0,0,1,06716,0,0
1,EPOXI METALICO ADHESIVO,UNIDAD,1,0,0,1,0,0,1,GENERAL,0,0,0,0,0,1,04023,0,0
1,EPOXI METALICO PRODIN TARRO 130G,UNIDAD,1,0,0,1,0,0,1,GENERAL,0,0,0,0,0,1,0756,0,0
1,EPOXI-MIL ADHESIVO EPOXICO PROFESIONAL,UNIDAD,1,0,0,1,0,0,1,GENERAL,0,0,0,0,0,1,04029,0,0
1,EQUIPO EN GARANTIA,SRV,3,0,0,1,0,0,99,GENERAL,0,1,0,0,0,1,GARANT01,0,0
1,EQUIPO GPS MARCA TELTONIKA FMC 150,UNIDAD,1,0,0,1,0,0,1,GENERAL,0,0,0,0,0,1,104,0,0
1,EQUIPO MULTIMAX,,3,0,0,1,0,0,0,GENERAL,0,0,0,0,0,1,MMAX01,0,0
1,EQUIPO PROTECCION PERSONAL (EPP),UNI,4,1,0,1,0,0,99,GENERAL,0,0,1,0,0,1,UNI001,0,0
1,EQUIPO TECNICO,1,3,0,0,1,0,0,0,GENERAL,0,0,0,0,0,1,EQUIP_TEC,0,0
1,ES0152 SWITCH ADMINISTRADO GBE DE 52 PUERTOS,UNIDAD,1,0,0,1,0,0,1,GENERAL,0,0,0,0,0,1,05563,0,0
1,ESACLAERA DE  FIBRA DE 20 PIES,UNIDAD,1,0,0,1,0,0,1,GENERAL,0,0,0,0,0,1,03585,0,0
1,"ESCALERA  ARTICULADA 4 SEC. 12""",UNIDAD,1,0,0,1,0,0,1,GENERAL,0,0,0,0,0,1,03933,0,0
1,ESCALERA 3 PELDAÑOS PLEGABLES,UNIDAD,1,0,0,1,0,0,1,GENERAL,0,0,0,0,0,1,06340,0,0
1,ESCALERA 4 PIES ALUMINIO,UNIDAD,1,0,0,1,0,0,1,GENERAL,0,0,0,0,0,1,01149,0,0
1,"ESCALERA ARTICULADA 4 SECC.4 PELD. 12""",UNIDAD,1,0,0,1,0,0,1,GENERAL,0,0,0,0,0,1,813,0,0
1,ESCALERA ARTICULADA DE 17 PIES VULCAN,UNIDAD,1,0,0,1,0,0,1,GENERAL,0,0,0,0,0,1,03149,0,0
1,ESCALERA DE 2 BANDAS 32 PIES,UNIDAD,1,0,0,1,0,0,1,GENERAL,0,0,0,0,0,1,03461,0,0
1,ESCALERA DE 4 SECCIONES  PLEGADIZA INCO,UNIDAD,1,0,0,1,0,0,1,GENERAL,0,0,0,0,0,1,03037,0,0
1,ESCALERA DE ALUMINIO 6 PIES,UNIDAD,1,0,0,1,0,0,1,GENERAL,0,0,0,0,0,1,01029,0,0
1,"ESCALERA DE EXTENSION DE ALUMINIO 36""",UNIDAD,1,0,0,1,0,0,1,GENERAL,0,0,0,0,0,1,06146,0,0
1,ESCALERA DE FIBRA DE 32 PIES,UNIDAD,1,0,0,1,0,0,1,GENERAL,0,0,0,0,0,1,03584,0,0
1,ESCALERA DE FIBRA DE VIDRIO 12´ 3.66MTS,UNIDAD,1,0,0,1,0,0,1,GENERAL,0,0,0,0,0,1,06088,0,0
1,ESCALERA DE FIBRA TELESCOPICA DE 14 A  28 PIES,UNIDAD,1,0,0,1,0,0,1,GENERAL,0,0,0,0,0,1,05816,0,0
1,ESCALERA DE FIBRA TIPO A DE 14 PIES,UNIDAD,1,0,0,1,0,0,1,GENERAL,0,0,0,0,0,1,05815,0,0
1,ESCALERA EXTENDIBLE 20 A 40 PIES,UNIDAD,1,0,0,1,0,0,1,GENERAL,0,0,0,0,0,1,06240,0,0
1,ESCALERA INDUSTRIAL DE PELDAÑO ANCHO,UNIDAD,1,0,0,1,0,0,1,GENERAL,0,0,0,0,0,1,05015,0,0
1,ESCALERA MULTIUSOS 300LBS DE 13 PIES,UNIDAD,1,0,0,1,0,0,1,GENERAL,0,0,0,0,0,1,06170,0,0
1,ESCALERA PLEAGADIZA 12 POSICIONES,UNIDAD,1,0,0,1,0,0,1,GENERAL,0,0,0,0,0,1,0627,0,0
1,ESCALERA TELESCOPICA DE 11 A 15 FT (3.5 A 4.5MTS),UNIDAD,1,0,0,1,0,0,1,GENERAL,0,0,0,0,0,1,05083,0,0
1,ESCALERA TIJERA DE FIBRA DE 8 PIES,UNIDAD,1,0,0,1,0,0,1,GENERAL,0,0,0,0,0,1,03586,0,0
1,ESCALIMETRO STEADLER,UNIDAD,1,0,0,1,0,0,1,GENERAL,0,0,0,0,0,1,458,0,0
1,ESCOBA FIBRA COMPLETA,UNIDAD,1,0,0,1,0,0,1,GENERAL,0,0,0,0,0,1,05410,0,0
1,ESCOBA PLASTICA,UNIDAD,1,0,0,1,0,0,1,GENERAL,0,0,0,0,0,1,582,0,0
1,ESCRITORIO PARA OFICIINA,UNIDAD,1,0,0,1,0,0,1,GENERAL,0,0,0,0,0,1,520,0,0
1,ESCRITORIO PENINSULAR 150*1.5 A LA IZQUI,UNIDAD,1,0,0,1,0,0,1,GENERAL,0,0,0,0,0,1,633,0,0
1,ESCRITORIO PENINSULAR CON PEDESTAL 3 GAV,UNIDAD,1,0,0,1,0,0,1,GENERAL,0,0,0,0,0,1,503,0,0
1,ESCRITORIO PLASTICO,UNIDAD,1,0,0,1,0,0,1,GENERAL,0,0,0,0,0,1,614,0,0
1,ESCRITORIO SECRETARIAL CURVO CON ARCHIVO,UNIDAD,1,0,0,1,0,0,1,GENERAL,0,0,0,0,0,1,04511,0,0
1,"ESCUADRA 8""",UNIDAD,1,0,0,1,0,0,1,GENERAL,0,0,0,0,0,1,01006,0,0
1,ESCUADRA DE METAL,UNIDAD,1,0,0,1,0,0,1,GENERAL,0,0,0,0,0,1,04022,0,0
1,ESCUADRAS DE 45° FALSAS DE METAL,UNIDAD,1,0,0,1,0,0,1,GENERAL,0,0,0,0,0,1,04021,0,0
1,ESLINGA VERDE 3 MTS,UNIDAD,1,0,0,1,0,0,1,GENERAL,0,0,0,0,0,1,03587,0,0
1,"ESMERILADORA 4.1/2"" 11AMP 12000RPM MILWAUKEE",UNIDAD,1,0,0,1,0,0,0,GENERAL,0,0,0,0,0,1,06244,0,0
1,ESPARADRAPO VARIAS MEDIDAS,UNIDAD,1,0,0,1,0,0,1,GENERAL,0,0,0,0,0,1,05438,0,0
1,ESPATULA,UNIDAD,1,0,0,1,0,0,1,GENERAL,0,0,0,0,0,1,03551,0,0
1,ESPATULA PLASTICA,UNIDAD,1,0,0,1,0,0,1,GENERAL,0,0,0,0,0,1,03596,0,0
1,ESPEJO CONVEXO,UNIDAD,1,0,0,1,0,0,1,GENERAL,0,0,0,0,0,1,0307,0,0
1,"ESPEJO CONVEXO ACRILICO DE 36"" USO INTER",UNIDAD,1,0,0,1,0,0,1,GENERAL,0,0,0,0,0,1,0907,0,0
1,"ESPEJO USO INTERIOR/EXTERIOR DE 18""",UNIDAD,1,0,0,1,0,0,1,GENERAL,0,0,0,0,0,1,0444,0,0
1,ESPIGA PARA GPS,UNIDAD,1,0,0,1,0,0,1,GENERAL,0,0,0,0,0,1,0088,0,0
1,ESPIGA PORALIZADA L530 LEGRAND,UNIDAD,1,0,0,1,0,0,1,GENERAL,0,0,0,0,0,1,06211,0,0
1,ESPIGA REDONDA,UNIDAD,1,0,0,1,0,0,1,GENERAL,0,0,0,0,0,1,0461,0,0
1,ESPIRAL P/CABLEADO,UNIDAD,1,0,0,1,0,0,1,GENERAL,0,0,0,0,0,1,04287,0,0
1,ESPIRAL PLASTICO  19 A 1/4 NEGRO,UNIDAD,1,0,0,1,0,0,1,GENERAL,0,0,0,0,0,1,527,0,0
1,ESPIRAL PLASTICO 19 A 3/8 NEGRO,UNIDAD,1,0,0,1,0,0,1,GENERAL,0,0,0,0,0,1,522,0,0
1,E-SPRE-LAT-LIC ENTRAPASS SPECIAL EDITION,UNIDAD,1,0,0,1,0,0,1,GENERAL,0,0,0,0,0,1,05378,0,0
1,ESPUMA DE POLIURETANO,UNIDAD,1,0,0,1,0,0,1,GENERAL,0,0,0,0,0,1,0906,0,0
1,ESPUMA LIMPIADORA,UNIDAD,1,0,0,1,0,0,1,GENERAL,0,0,0,0,0,1,0089,0,0
1,ESPUMA MULTIUSOS DE EMERGENCIA TIRE,UNIDAD,1,0,0,1,0,0,1,GENERAL,0,0,0,0,0,1,779,0,0
1,ESPUMA POLIURETANO,UNIDAD,1,0,0,1,0,0,1,GENERAL,0,0,0,0,0,1,0913,0,0
1,ESPUMA POLIURETANO EN SPRAY,UNIDAD,1,0,0,1,0,0,1,GENERAL,0,0,0,0,0,1,568,0,0
1,"ESTACIO BASE: ANTENA SECTORIAL DE 5 GHZ, 120°, 16",UNIDAD,1,0,0,1,0,0,1,GENERAL,0,0,0,0,0,1,06653,0,0
1,ESTACION CENTRAL SISTEM III CON TARJETA IP,UNIDAD,1,0,0,1,0,0,1,GENERAL,0,0,0,0,0,1,04547,0,0
1,ESTACION DE SUJECION CON LUPA Y LUZ LED,UNIDAD,1,0,0,1,0,0,1,GENERAL,0,0,0,0,0,1,06645,0,0
1,ESTACION MANUAL CONTRA INCENDIOS RE,UNIDAD,1,0,0,1,0,0,1,GENERAL,0,0,0,0,0,1,2037,0,0
1,ESTACION MANUAL DE INCENDIOS BG12LSP,UNIDAD,1,0,0,1,0,0,1,GENERAL,0,0,0,0,0,1,03728,0,0
1,ESTACION MANUAL P/SALIDA 9004SB,UNIDAD,1,0,0,1,0,0,1,GENERAL,0,0,0,0,0,1,04175,0,0
1,ESTANTERIA DE METAL DE  5 ENTREPAÑOS,UNIDAD,1,0,0,1,0,0,1,GENERAL,0,0,0,0,0,1,580,0,0
1,ESTAÑO 60/40,METROS,1,0,0,1,0,0,1,GENERAL,0,0,0,0,0,1,0565,0,0
1,ESTRUCTURA ACRILICA G4S,UNIDAD,1,0,0,1,0,0,1,GENERAL,0,0,0,0,0,1,04565,0,0
1,ESTRUCTURA DE ALUMINIO 3*1.5MTS,UNIDAD,1,0,0,1,0,0,1,GENERAL,0,0,0,0,0,1,03383,0,0
1,ESTRUCTURA DE METAL,UNIDAD,1,0,0,1,0,0,1,GENERAL,0,0,0,0,0,1,2074,0,0
1,ESTRUCTURA METALICA,UNIDAD,1,0,0,1,0,0,1,GENERAL,0,0,0,0,0,1,03339,0,0
1,ESTRUCTURA METALICA EN CIELO FALSO,UNIDAD,1,0,0,1,0,0,1,GENERAL,0,0,0,0,0,1,03364,0,0
1,ESTUCHE  DEMO PIMA (VARIOS ACCESORIOS),KIT,1,0,0,1,0,0,1,GENERAL,0,0,0,0,0,1,05108,0,0
1,ESTUCHE P/LAPTOP KLM5124BK,UNIDAD,1,0,0,1,0,0,1,GENERAL,0,0,0,0,0,1,674,0,0
1,ESTUCHE PARA CAMARA DIG CASE LOGIC BLACK,UNIDAD,1,0,0,1,0,0,1,GENERAL,0,0,0,0,0,1,14,0,0
1,ESTUCO O YESO,LIBRA,1,0,0,1,0,0,1,GENERAL,0,0,0,0,0,1,0820,0,0
1,ESTUDIO SOCIOECONOMICO,,3,0,0,0,0,0,0,GENERAL,0,0,0,0,0,1,SRV0317,0,0
1,ESTUFA ELECTRICA DE 1 HORNILLA,UNIDAD,1,0,0,1,0,0,1,GENERAL,0,0,0,0,0,1,03194,0,0
1,"ETIQUETA 2 3/8""X3/8"" EN MAT.BOPP TRAN.3C",UNIDAD,1,0,0,1,0,0,1,GENERAL,0,0,0,0,0,1,481,0,0
1,ETIQUETA ADHESIVA C/NUMERO,UNIDAD,1,0,0,1,0,0,1,GENERAL,0,0,0,0,0,1,896,0,0
1,ETIQUETA ARAÑA V.3 3G,UNIDAD,1,0,0,1,0,0,1,GENERAL,0,0,0,0,0,1,05713,0,0
1,ETIQUETA C/LOGOTIPO DE G4S,UNIDAD,1,0,0,1,0,0,1,GENERAL,0,0,0,0,0,1,897,0,0
1,"ETIQUETA DE 2 3/8""X1"" MAT.BOPP TRANS 1CO",UNIDAD,1,0,0,1,0,0,1,GENERAL,0,0,0,0,0,1,480,0,0
1,ETIQUETADORA 2 LINEAS PIEZA,UNIDAD,1,0,0,1,0,0,1,GENERAL,0,0,0,0,0,1,875,0,0
1,ETIQUETAS BLANCAS ETIQUETADORA,UNIDAD,1,0,0,1,0,0,1,GENERAL,0,0,0,0,0,1,890,0,0
1,ETIQUETAS PARA CD,UNIDAD,1,0,0,1,0,0,1,GENERAL,0,0,0,0,0,1,405,0,0
1,ETIQUETAS PARA INTERPERIE - WALMART,UNIDAD,1,0,0,1,0,0,1,GENERAL,0,0,0,0,0,1,535,0,0
1,E-TRACK,UNIDAD,1,0,0,1,0,0,1,GENERAL,0,0,0,0,0,1,0676,0,0
1,EUROBIT: BROCA DE 1/4 PARA CONCRETO,UNIDAD,1,0,0,1,0,0,1,GENERAL,0,0,0,0,0,1,0027,0,0
1,EUROBIT: BROCA DE 1/4 PARA METAL,UNIDAD,1,0,0,1,0,0,1,GENERAL,0,0,0,0,0,1,0294,0,0
1,EUROBIT: BROCA DE 1/8 PARA METAL,UNIDAD,1,0,0,1,0,0,1,GENERAL,0,0,0,0,0,1,0324,0,0
1,EV-58150TVI 5.8GHZ DIGITAL WIRELESS HD-TVI-1080P,UNIDAD,1,0,0,1,0,0,1,GENERAL,0,0,0,0,0,1,06117,0,0
1,EVERFOCUS DVR2CH RE,UNIDAD,1,0,0,1,0,0,1,GENERAL,0,0,0,0,0,1,2086,0,0
1,EVERFOCUS: BRACKET DE MONITOR LCD BAWB30,UNIDAD,1,0,0,1,0,0,1,GENERAL,0,0,0,0,0,1,0504,0,0
1,EVERFOCUS: BRAKET PEQUEÑO PLASTICO,UNIDAD,1,0,0,1,0,0,1,GENERAL,0,0,0,0,0,1,0025,0,0
1,EVERFOCUS: CAMARA A  COLOR,UNIDAD,1,0,0,1,0,0,1,GENERAL,0,0,0,0,0,1,0301,0,0
1,EVERFOCUS: CAMARA A COLOR,UNIDAD,1,0,0,1,0,0,1,GENERAL,0,0,0,0,0,1,0302,0,0
1,EVERFOCUS: CAMARA CON  LED INFRAROJOS TIP,UNIDAD,1,0,0,1,0,0,1,GENERAL,0,0,0,0,0,1,0279,0,0
1,EVERFOCUS: CAMARA CON LED INFRAROJOS TIP,UNIDAD,1,0,0,1,0,0,1,GENERAL,0,0,0,0,0,1,0299,0,0
1,EVERFOCUS: CAMARA ECZ230,UNIDAD,1,0,0,1,0,0,1,GENERAL,0,0,0,0,0,1,0497,0,0
1,EVERFOCUS: CAMARA ED300,UNIDAD,1,0,0,1,0,0,1,GENERAL,0,0,0,0,0,1,0499,0,0
1,EVERFOCUS: CAMARA EHD650,UNIDAD,1,0,0,1,0,0,1,GENERAL,0,0,0,0,0,1,0498,0,0
1,EVERFOCUS: CAMARA EQ550  8MM,UNIDAD,1,0,0,1,0,0,1,GENERAL,0,0,0,0,0,1,0805,0,0
1,EVERFOCUS: CAMARA EVERFOCUS EQ550A/N,UNIDAD,1,0,0,1,0,0,1,GENERAL,0,0,0,0,0,1,0819,0,0
1,EVERFOCUS: CAMARA EVERFOCUS EZ230E/C8,UNIDAD,1,0,0,1,0,0,1,GENERAL,0,0,0,0,0,1,0817,0,0
1,EVERFOCUS: CAMARA EZ230E,UNIDAD,1,0,0,1,0,0,1,GENERAL,0,0,0,0,0,1,0500,0,0
1,EVERFOCUS: CAMARA TIPO DOMO ED-330,UNIDAD,1,0,0,1,0,0,1,GENERAL,0,0,0,0,0,1,0506,0,0
1,EVERFOCUS: COMBO DVR/M ECOMBO1640/2TB,COMBO,1,0,0,1,0,0,1,GENERAL,0,0,0,0,0,1,0501,0,0
1,EVERFOCUS: CONTROL REMOTO DE DVR BI,UNIDAD,1,0,0,1,0,0,1,GENERAL,0,0,0,0,0,1,0063,0,0
1,EVERFOCUS: DBR GRABADOR  DIGITAL,UNIDAD,1,0,0,1,0,0,1,GENERAL,0,0,0,0,0,1,0304,0,0
1,EVERFOCUS: DBR GRABADOR DIGITAL,UNIDAD,1,0,0,1,0,0,1,GENERAL,0,0,0,0,0,1,0305,0,0
1,EVERFOCUS: DVR 16 CANALES EDR-1640/2TB,UNIDAD,1,0,0,1,0,0,1,GENERAL,0,0,0,0,0,1,0502,0,0
1,EVERFOCUS: DVR 8 CNALAES EDR810H/250,UNIDAD,1,0,0,1,0,0,1,GENERAL,0,0,0,0,0,1,0505,0,0
1,EVERFOCUS: DVR 9 CANALES EDR-920/1TB,UNIDAD,1,0,0,1,0,0,1,GENERAL,0,0,0,0,0,1,0503,0,0
1,EVERFOCUS: DVR DE 16 CANALES CON DISCO DURO DE 250,UNIDAD,1,0,0,1,0,0,1,GENERAL,0,0,0,0,0,1,0583,0,0
1,EVERFOCUS: DVR DE 9 CANALES CON QUEMADORA DVD,UNIDAD,1,0,0,1,0,0,1,GENERAL,0,0,0,0,0,1,0818,0,0
1,EVERFOCUS: EVERFOCUS: DISK ARRAY,UNIDAD,1,0,0,1,0,0,1,GENERAL,0,0,0,0,0,1,0085,0,0
1,EVERFOCUS: GRABADOR DIGITAL  EDR920/250,UNIDAD,1,0,0,1,0,0,1,GENERAL,0,0,0,0,0,1,0463,0,0
1,EVERFOCUS: HOUSING EXTERIOR,UNIDAD,1,0,0,1,0,0,1,GENERAL,0,0,0,0,0,1,0109,0,0
1,EVERFOCUS: LENTES VARIFOCALES,UNIDAD,1,0,0,1,0,0,1,GENERAL,0,0,0,0,0,1,0298,0,0
1,"EVERFOCUS: MONITOR DE 19"" LCD",UNIDAD,1,0,0,1,0,0,1,GENERAL,0,0,0,0,0,1,0576,0,0
1,EVERFOCUS: UNIDAD DE DISCO EXTERNA P/DVR EDA800S,UNIDAD,1,0,0,1,0,0,1,GENERAL,0,0,0,0,0,1,03077,0,0
1,EVIP-EVENIP ACTUALIZADOR LICENCIA CAMARA IP PROFES,UNIDAD,1,0,0,1,0,0,1,GENERAL,0,0,0,0,0,1,05710,0,0
1,EXACQ DVR 16CH IP 0804-02T-LC 2TB,UNIDAD,1,0,0,1,0,0,1,GENERAL,0,0,0,0,0,1,06159,0,0
1,EXAMENES MEDICOS (AG),SRV,3,0,0,0,1,0,2,GENERAL,0,0,0,0,0,1,IC0802,0,0
1,EXCAQ EVENIP-01 LICENCIO ENTERPRICE,UNIDAD,1,0,0,1,0,0,1,GENERAL,0,0,0,0,0,1,06195,0,0
1,EXCLUSIVO KITS STICKER ULTRA FRECUENCIA DE LARGO,UNIDADA,1,0,0,1,0,0,1,GENERAL,0,0,0,0,0,1,05617,0,0
1,EXPANSOR DE 2 LECTORAS 120-8206 ISM/XL-2,UNIDAD,1,0,0,1,0,0,1,GENERAL,0,0,0,0,0,1,03756,0,0
1,EXPANSOR DE 8 ZONAS DSC,UNIDAD,1,0,0,1,0,0,1,GENERAL,0,0,0,0,0,1,04559,0,0
1,EXPANSOR DE SEÑAL HDMI 40MTS,UNIDAD,1,0,0,1,0,0,1,GENERAL,0,0,0,0,0,1,06030,0,0
1,EXPANSOR INALAMBRICO MAGELLAN MGRTX3,UNIDAD,1,0,0,1,0,0,1,GENERAL,0,0,0,0,0,1,03243,0,0
1,EXPANSORA I/08 ZONAS PIMA RE,UNIDAD,1,0,0,1,0,0,1,GENERAL,0,0,0,0,0,1,2040,0,0
1,EXPANSORA INTERNA EXP-PRO/8 RE,UNIDAD,1,0,0,1,0,0,1,GENERAL,0,0,0,0,0,1,2071,0,0
1,EXPANSORES PW7K1R2,UNIDAD,1,0,0,1,0,0,1,GENERAL,0,0,0,0,0,1,05917,0,0
1,EXPOXI METALICO SPLENDOR 56ML,UNIDAD,1,0,0,1,0,0,1,GENERAL,0,0,0,0,0,1,0757,0,0
1,EXT. MULT.DE BARRA 2P+T 15A 125V EAGLE,UNIDAD,1,0,0,1,0,0,1,GENERAL,0,0,0,0,0,1,03862,0,0
1,EXTENCION  PARA USB 15MTS,UNIDAD,1,0,0,1,0,0,1,GENERAL,0,0,0,0,0,1,05168,0,0
1,EXTENCION DE CABLE USB 10MT,UNIDAD,1,0,0,1,0,0,1,GENERAL,0,0,0,0,0,1,05044,0,0
1,EXTENCION PARA MECANICO CON CANASTA DE 15MT,UNIDAD,1,0,0,1,0,0,1,GENERAL,0,0,0,0,0,1,05034,0,0
1,EXTENSION CCTV PLUG AND PLAY CABLE KIT,UNIDAD,1,0,0,1,0,0,1,GENERAL,0,0,0,0,0,1,03410,0,0
1,EXTENSION D/TEL.INALAM.DECT 8 TEL-2413,UNIDAD,1,0,0,1,0,0,1,GENERAL,0,0,0,0,0,1,04338,0,0
1,EXTENSION DE ANCLAJE DE LINEA DE VIDA,UNIDAD,1,0,0,1,0,0,1,GENERAL,0,0,0,0,0,1,04873,0,0
1,EXTENSION DE CABLE USB 8 MT,UNIDAD,1,0,0,1,0,0,1,GENERAL,0,0,0,0,0,1,06059,0,0
1,EXTENSION JACK A PLUG 3.5MM TRS DE 1.8M,UNIDAD,1,0,0,1,0,0,1,GENERAL,0,0,0,0,0,1,06737,0,0
1,EXTENSION PARA RODILLO DE 2MTS,UNIDAD,1,0,0,1,0,0,1,GENERAL,0,0,0,0,0,1,566,0,0
1,EXTENSION PARA RODILOO DE 3 MTS,UNIDAD,1,0,0,1,0,0,1,GENERAL,0,0,0,0,0,1,567,0,0
1,"EXTENSOR HDMI 4K 120 MTS. CON TRANSFORMADOR, LOOP",UNIDAD,1,0,0,1,0,0,1,GENERAL,0,0,0,0,0,1,06728,0,0
1,EXTENSOR HDMI POR CAT8 DE 40MTS.,UNIDAD,1,0,0,1,0,0,1,GENERAL,0,0,0,0,0,1,03817,0,0
1,EXTINGUIDOR DE 10 LB CO2,UNIDAD,1,0,0,1,0,0,1,GENERAL,0,0,0,0,0,1,541,0,0
1,EXTINGUIDOR DE 10 LB. ABC P/U350.00,UNIDAD,1,0,0,1,0,0,1,GENERAL,0,0,0,0,0,1,542,0,0
1,EXTINGUIDOR DE 20 LB ABC,UNIDAD,1,0,0,1,0,0,1,GENERAL,0,0,0,0,0,1,543,0,0
1,EXTINGUIDOR FIRE P/CARRO PORTATIL 2.5LBS,UNIDAD,1,0,0,1,0,0,1,GENERAL,0,0,0,0,0,1,835,0,0
1,EXTINTOR PARA VEHICULO RECARGABLE 2.5 LIBRAS,UNIDAD,1,0,0,1,0,0,1,GENERAL,0,0,0,0,0,1,06095,0,0
1,EXTRACTOR DE ESTAÑO,UNIDAD,1,0,0,1,0,0,1,GENERAL,0,0,0,0,0,1,03960,0,0
1,F220-B6 BASE DE 2 HILOS 12/24 BOSCH,UNIDAD,1,0,0,1,0,0,1,GENERAL,0,0,0,0,0,1,05271,0,0
1,F220-P DETECTOR DE HUMO BOSCH,UNIDAD,1,0,0,1,0,0,1,GENERAL,0,0,0,0,0,1,05272,0,0
1,F22ID FINGERPRINT READER / EM CARD READER,UNIDAD,1,0,0,1,0,0,1,GENERAL,0,0,0,0,0,1,06217,0,0
1,"F7N 4K CÁMARA TRASERA DELANTERA FULL HD, DASH CAM",UNIDAD,1,0,0,1,0,0,1,GENERAL,0,0,0,0,0,1,06324,0,0
1,FAA-440-B6 BASE ANALOGA DIRECCIONABLE 2 HILOS BOSH,UNIDAD,1,0,0,1,0,0,1,GENERAL,0,0,0,0,0,1,05880,0,0
1,FACIINC: LUS ESTROBOSCOPICA ROJA 12 V,UNIDAD,1,0,0,1,0,0,1,GENERAL,0,0,0,0,0,1,0247,0,0
1,FACIINC: RECIBIDRO ELECTRICO PARA PUERTA DE METAL,UNIDAD,1,0,0,1,0,0,1,GENERAL,0,0,0,0,0,1,0549,0,0
1,FACTURAS PARA DEPTO COBROS,MILLAR,1,0,0,1,0,0,1,GENERAL,0,0,0,0,0,1,125,0,0
1,FAP 440 DETECTOR DE HUMO ANALOGO FOTOELECTRICO,UNIDAD,1,0,0,1,0,0,1,GENERAL,0,0,0,0,0,1,05879,0,0
1,FAROL DE PARED 1X75W NEGRO,UNIDAD,1,0,0,1,0,0,1,GENERAL,0,0,0,0,0,1,04458,0,0
1,FASLOCK SMALL GS-CLIP P/CURVA D/ESCALERI,UNIDAD,1,0,0,1,0,0,1,GENERAL,0,0,0,0,0,1,04096,0,0
1,FBI: PANEL FBI  TECLADO NO INCLUIDO,UNIDAD,1,0,0,1,0,0,1,GENERAL,0,0,0,0,0,1,0266,0,0
1,FEATURE EXPANSION BOARD,UNIDAD,1,0,0,1,0,0,1,GENERAL,0,0,0,0,0,1,04522,0,0
1,FECHADOR PEQUEÑOS,UNIDAD,1,0,0,1,0,0,1,GENERAL,0,0,0,0,0,1,433,0,0
1,"FERULA MOLDEABLE 24""X4.25""",UNIDAD,1,0,0,1,0,0,1,GENERAL,0,0,0,0,0,1,0105,0,0
1,"FERULA MOLDEABLE36""X4.25""",UNIDAD,1,0,0,1,0,0,1,GENERAL,0,0,0,0,0,1,01060,0,0
1,FHS-400-RR SIRENA CON LUZ ESTROBOSCOPICA DE PARED,UNIDAD,1,0,0,1,0,0,1,GENERAL,0,0,0,0,0,1,06423,0,0
1,FIANZAS ADMINISTRATIVO,,3,0,0,0,0,0,0,GENERAL,0,0,0,0,0,1,SRV0194,0,0
1,FIBRA OPTICA DE 6 HILOS MM 62.5M,UNIDAD,1,0,0,1,0,0,1,GENERAL,0,0,0,0,0,1,03293,0,0
1,FICHAS PARA PROXIPEN- PEN-TAG-30,UNIDAD,1,0,0,1,0,0,1,GENERAL,0,0,0,0,0,1,03406,0,0
1,FILTROS P/CAFE UNIVERSAL CAJA 1000/U.,UNIDAD,1,0,0,1,0,0,1,GENERAL,0,0,0,0,0,1,904,0,0
1,FILTROS PARA INTERNET,UNIDAD,1,0,0,1,0,0,1,GENERAL,0,0,0,0,0,1,0317,0,0
1,FINE ACCES: ELECTROIMAN DE 1200 LIBRAS,UNIDAD,1,0,0,1,0,0,1,GENERAL,0,0,0,0,0,1,0560,0,0
1,FINGERTEC: FUENTE ADAPTEC,UNIDAD,1,0,0,1,0,0,1,GENERAL,0,0,0,0,0,1,0573,0,0
1,FINGERTEC: LECTORA KADEX - U (HID),UNIDAD,1,0,0,1,0,0,1,GENERAL,0,0,0,0,0,1,0570,0,0
1,FINGERTEC: LECTORA KADEX - U (RFID) CON ADAPTEC,UNIDAD,1,0,0,1,0,0,1,GENERAL,0,0,0,0,0,1,0572,0,0
1,FINGERTEC: LECTORA R2 (HID),UNIDAD,1,0,0,1,0,0,1,GENERAL,0,0,0,0,0,1,0571,0,0
1,FINGERTEC: LECTORA R2 (RFID) 9 PINES CON ADAPTEC,UNIDAD,1,0,0,1,0,0,1,GENERAL,0,0,0,0,0,1,0569,0,0
1,FINGERTEC: MODULO HID,UNIDAD,1,0,0,1,0,0,1,GENERAL,0,0,0,0,0,1,0568,0,0
1,FIRE/LITE: ESTACIONES MANUALES CONTRA IN,UNIDAD,1,0,0,1,0,0,1,GENERAL,0,0,0,0,0,1,0090,0,0
1,FISHOCK: ELECTRIFICACIDOR PARA RACES,UNIDAD,1,0,0,1,0,0,1,GENERAL,0,0,0,0,0,1,0300,0,0
1,FLAIR: MAGNETICO LIVIANO.,UNIDAD,1,0,0,1,0,0,1,GENERAL,0,0,0,0,0,1,0432,0,0
1,FLETES Y GASTOS DE TRANSPORTE,SRV,3,0,0,0,0,0,0,GENERAL,0,0,0,0,0,1,SRV0396,0,0
1,"FLEXITUBO 1/2""",METRO,1,0,0,1,0,0,1,GENERAL,0,0,0,0,0,1,0445,0,0
1,"FLEXITUBO 3/4""",METRO,1,0,0,1,0,0,1,GENERAL,0,0,0,0,0,1,0446,0,0
1,FLEXITUBO DE 1  1/2,METRO,1,0,0,1,0,0,1,GENERAL,0,0,0,0,0,1,03158,0,0
1,FLEXITUBO DE 1 1/4,METROS,1,0,0,1,0,0,1,GENERAL,0,0,0,0,0,1,0948,0,0
1,"FLEXITUBO DE 1""",METRO,1,0,0,1,0,0,1,GENERAL,0,0,0,0,0,1,03064,0,0
1,FLEXITUBO DE 2'',METRO,1,0,0,1,0,0,1,GENERAL,0,0,0,0,0,1,05005,0,0
1,"FLEXITUBO DE 3/8""",UNIDAD,1,0,0,1,0,0,1,GENERAL,0,0,0,0,0,1,03988,0,0
1,FLEXOMETRO STANLEY DE 3 MTS.,UNIDAD,1,0,0,1,0,0,1,GENERAL,0,0,0,0,0,1,810,0,0
1,FLIP ON MOELLER DE 15AMP,UNIDAD,1,0,0,1,0,0,1,GENERAL,0,0,0,0,0,1,06129,0,0
1,FLIPON  GE DE 1*20,UNIDAD,1,0,0,1,0,0,1,GENERAL,0,0,0,0,0,1,003573,0,0
1,FLIP-ON 1*20 THQL,UNIDAD,1,0,0,1,0,0,1,GENERAL,0,0,0,0,0,1,0777,0,0
1,FLIPON 1*30 GENERAL ELECTRIC,UNIDAD,1,0,0,1,0,0,1,GENERAL,0,0,0,0,0,1,0868,0,0
1,FLIP-ON 1X20A BH,UNIDAD,1,0,0,1,0,0,1,GENERAL,0,0,0,0,0,1,0774,0,0
1,FLIP-ON 1X30A THQL,UNIDAD,1,0,0,1,0,0,1,GENERAL,0,0,0,0,0,1,0778,0,0
1,FLIP-ON 1X30A THQL,UNIDAD,1,0,0,1,0,0,1,GENERAL,0,0,0,0,0,1,0779,0,0
1,FLIPON 2*20 GE,UNIDAD,1,0,0,1,0,0,1,GENERAL,0,0,0,0,0,1,04209,0,0
1,FLIPON DE 1*15 AMP.,UNIDAD,1,0,0,1,0,0,1,GENERAL,0,0,0,0,0,1,03509,0,0
1,FLIPON DE 1*40 GE,UNIDAD,1,0,0,1,0,0,1,GENERAL,0,0,0,0,0,1,03283,0,0
1,FLIPON DE 2 * 50 GE,UNIDAD,1,0,0,1,0,0,1,GENERAL,0,0,0,0,0,1,03998,0,0
1,FLIPON DE 20 AMPERIOS GE,UNIDAD,1,0,0,1,0,0,1,GENERAL,0,0,0,0,0,1,03081,0,0
1,"FLIPON DE 20 AMPERIOS, 120 VOLTIOS",UNIDAD,1,0,0,1,0,0,1,GENERAL,0,0,0,0,0,1,05849,0,0
1,FLM-325-2I4 MODULO DE MONITOREO DOBLE ENTRAD,UNIDAD,1,0,0,1,0,0,1,GENERAL,0,0,0,0,0,1,05762,0,0
1,FLM-325-2R4-2A MODULO 2 A RELAY DUAL,UNIDAD,1,0,0,1,0,0,1,GENERAL,0,0,0,0,0,1,05763,0,0
1,FLM-325-ISO AISLADOR DE CIRCUITO BOSH,UNIDAD,1,0,0,1,0,0,1,GENERAL,0,0,0,0,0,1,05764,0,0
1,FLOSERR: PORTA FUSIBLES,UNIDAD,1,0,0,1,0,0,1,GENERAL,0,0,0,0,0,1,0385,0,0
1,FLUSH IN CELING MOUNT/EV-EPTZ-ICM,UNIDAD,1,0,0,1,0,0,1,GENERAL,0,0,0,0,0,1,0987,0,0
1,FMC003 GPS MARCA TELTONIKA,UNIDAD,1,0,0,1,0,0,1,GENERAL,0,0,0,0,0,1,06529,0,0
1,FMC1304OXW01 / FMCXXX FLEET MANAGEMENT SYSTEM LOCA,UNIDAD,1,0,0,1,0,0,1,GENERAL,0,0,0,0,0,1,06443,0,0
1,FMC13064XW01  / FMCXXX  GPS,UNIDAD,1,0,0,1,0,0,1,GENERAL,0,0,0,0,0,1,05899,0,0
1,FMC2348GJ501 / FMCXXX FLEET MANAGEMENT SYSTEM,UNIDAD,1,0,0,1,0,0,1,GENERAL,0,0,0,0,0,1,06516,0,0
1,FMC920VQCO01 / FMCXXX FLEET MANAGEMENT SYSTEM,UNIDAD,1,0,0,1,0,0,1,GENERAL,0,0,0,0,0,1,06444,0,0
1,FMM 325 A-D BOSH ESTACION MANUAL ANALOGA DOBLE ACC,UNIDAD,1,0,0,1,0,0,1,GENERAL,0,0,0,0,0,1,05881,0,0
1,FMM-100DATK ESTACION MANUAL CONVENCIONAL,UNIDAD,1,0,0,1,0,0,1,GENERAL,0,0,0,0,0,1,05769,0,0
1,FMM-7045-D PULL STATION COLOR RED KEY LOCK,UNIDAD,1,0,0,1,0,0,1,GENERAL,0,0,0,0,0,1,05256,0,0
1,FMR-1000-RCMD TECLADO ADICIONAL LCD/ANUNCIADOR CON,UNIDAD,1,0,0,1,0,0,1,GENERAL,0,0,0,0,0,1,05761,0,0
1,FMR-7033 FIRE KEYPAD LCD,UNIDAD,1,0,0,1,0,0,1,GENERAL,0,0,0,0,0,1,05255,0,0
1,FOCO DE 100 WATTS,UNIDAD,1,0,0,1,0,0,1,GENERAL,0,0,0,0,0,1,0812,0,0
1,FOCO INALAMBRICO 60 WATTS BULBZ (EQUIPO DEMO),UNIDAD,1,0,0,1,0,0,1,GENERAL,0,0,0,0,0,1,2104,0,0
1,FOCO LED 15 WATTS,UNIDAD,1,0,0,1,0,0,1,GENERAL,0,0,0,0,0,1,05035,0,0
1,FOLDER COLGANTE,UNIDAD,1,0,0,1,0,0,1,GENERAL,0,0,0,0,0,1,341,0,0
1,FOLDER MANILA CARTA,UNIDAD,1,0,0,1,0,0,1,GENERAL,0,0,0,0,0,1,342,0,0
1,FOLDER MANILA OFICIO,UNIDAD,1,0,0,1,0,0,1,GENERAL,0,0,0,0,0,1,343,0,0
1,FOLIADORA DE 7 DIGITOS,UNIDAD,1,0,0,1,0,0,1,GENERAL,0,0,0,0,0,1,04874,0,0
1,FORMATO DE HOJA DE VISTA,UNIDAD,1,0,0,1,0,0,1,GENERAL,0,0,0,0,0,1,618,0,0
1,FORMATO G4S WACKTRON MONITORING,JUEGOS,1,0,0,1,0,0,1,GENERAL,0,0,0,0,0,1,101,0,0
1,FORMON,UNIDAD,1,0,0,1,0,0,1,GENERAL,0,0,0,0,0,1,04312,0,0
1,FORMULARIO DATOS GENERALES,UNIDAD,1,0,0,1,0,0,1,GENERAL,0,0,0,0,0,1,04632,0,0
1,FORMULARIO DE TARJ.DE CREDITO Y/O DEBITO,MILLAR,1,0,0,1,0,0,1,GENERAL,0,0,0,0,0,1,756,0,0
1,FORMULARIO TARJETA DE CREDITO O DEVITO,UNIDAD,1,0,0,1,0,0,1,GENERAL,0,0,0,0,0,1,190,0,0
1,FORRO PARA ASIENTO DE CARRO,UNIDAD,1,0,0,1,0,0,1,GENERAL,0,0,0,0,0,1,06534,0,0
1,FORRO PARA MESA DE 0.94 X 2.00 MTS,UNIDAD,1,0,0,1,0,0,1,GENERAL,0,0,0,0,0,1,569,0,0
1,"FORRO TERMO ENCOGIBLE DE 1/4""",UNIDAD,1,0,0,1,0,0,1,GENERAL,0,0,0,0,0,1,05644,0,0
1,FOTO CELDA DE 90 METROS MODELO FPV-200/2,UNIDAD,1,0,0,1,0,0,1,GENERAL,0,0,0,0,0,1,01089,0,0
1,FOTOCELDA  390PIES EXT  790PIES INT,UNIDAD,1,0,0,1,0,0,1,GENERAL,0,0,0,0,0,1,03050,0,0
1,FOTOCELDA 100MTS. P/ALARMAS ED4100,UNIDAD,1,0,0,1,0,0,1,GENERAL,0,0,0,0,0,1,04103,0,0
1,FOTOCELDA 175MT INTER. 86MT EXT,UNIDAD,1,0,0,1,0,0,1,GENERAL,0,0,0,0,0,1,01183,0,0
1,FOTOCELDA 620 METROS,UNIDAD,1,0,0,1,0,0,1,GENERAL,0,0,0,0,0,1,0960,0,0
1,FOTOCELDA DE 120 MTS P.EXTERIOR,UNIDAD,1,0,0,1,0,0,1,GENERAL,0,0,0,0,0,1,03462,0,0
1,FOTOCELDA DE 290PIES EXT 590 PIES INT,UNIDAD,1,0,0,1,0,0,1,GENERAL,0,0,0,0,0,1,03049,0,0
1,FOTOCELDA DE 30 METROS,UNIDAD,1,0,0,1,0,0,1,GENERAL,0,0,0,0,0,1,01106,0,0
1,FOTOCELDA DE 40 METROS,UNIDAD,1,0,0,1,0,0,1,GENERAL,0,0,0,0,0,1,0956,0,0
1,FOTOCELDA DE 60 METROS,UNIDAD,1,0,0,1,0,0,1,GENERAL,0,0,0,0,0,1,01107,0,0
1,FOTOCELDA DE 60MTS. RE,UNIDAD,1,0,0,1,0,0,1,GENERAL,0,0,0,0,0,1,2069,0,0
1,FOTOCELDA DE 70 METROS,UNIDAD,1,0,0,1,0,0,1,GENERAL,0,0,0,0,0,1,05863,0,0
1,FOTOCELDA MULTIVOLTAJE 105-305V AZUL,UNIDAD,1,0,0,1,0,0,1,GENERAL,0,0,0,0,0,1,03812,0,0
1,FOTOCELDA P/EXTERIOR 80MTS. PIMMA,UNIDAD,1,0,0,1,0,0,1,GENERAL,0,0,0,0,0,1,03810,0,0
1,FOTOCELDA PARA EXTERIOR DE 90 METROS,UNIDAD,1,0,0,1,0,0,1,GENERAL,0,0,0,0,0,1,03287,0,0
1,FOTOCELDA PARA INTERIOR/EXTERIOR DE 100M,UNIDAD,1,0,0,1,0,0,1,GENERAL,0,0,0,0,0,1,04645,0,0
1,FOTOCELDA PARADOX INTERIOR/EXTERIOR,UNIDAD,1,0,0,1,0,0,1,GENERAL,0,0,0,0,0,1,01184,0,0
1,FOTOCELDA PXI-F60C INTERIOR/EXTERIOR 60MT PYXIS,UNIDAD,1,0,0,1,0,0,1,GENERAL,0,0,0,0,0,1,06106,0,0
1,FOTOCELDAS DE 65MTS SECURITY SOLUTION,UNIDAD,1,0,0,1,0,0,1,GENERAL,0,0,0,0,0,1,0098,0,0
1,FPA-1000-V2 PANEL DE INCENDIO ANALOGICO DIRECCIONA,UNIDAD,1,0,0,1,0,0,1,GENERAL,0,0,0,0,0,1,05760,0,0
1,FPD-7024 FIRE ALARM PANEL 4+4 ZONES,UNIDAD,1,0,0,1,0,0,1,GENERAL,0,0,0,0,0,1,05253,0,0
1,FPE-1000-NW TARJETA DE RED ETHERNET BOSH,UNIDAD,1,0,0,1,0,0,1,GENERAL,0,0,0,0,0,1,05767,0,0
1,FPE-7039 MULTIPLEX EXPANDER CARD,UNIDAD,1,0,0,1,0,0,1,GENERAL,0,0,0,0,0,1,05254,0,0
1,FR1500-WP LECTOR DE HUELLA Y TARJETA CON SENSOR,UNIDAD,1,0,0,1,0,0,1,GENERAL,0,0,0,0,0,1,05892,0,0
1,FSF2-AB - DEMO FACE STATION F2 TERMINAL DE FUSION,UNIDAD,1,0,0,1,0,0,1,GENERAL,0,0,0,0,0,1,05784,0,0
1,FSF2-AB FACE STATION F2 TERMINAL DE FUSION MULTIMO,UNIDAD,1,0,0,1,0,0,1,GENERAL,0,0,0,0,0,1,05781,0,0
1,FSP-951 PHOTO SENSOR HEAD,UNIDAD,1,0,0,1,0,0,1,GENERAL,0,0,0,0,0,1,06583,0,0
1,FUENTE 12VDC@1.2A O 24VDC@0.75 AL624,UNIDAD,1,0,0,1,0,0,1,GENERAL,0,0,0,0,0,1,04224,0,0
1,FUENTE 18OUT 6AMP SL-PS-U1806-PULQ,UNIDAD,1,0,0,1,0,0,1,GENERAL,0,0,0,0,0,1,03563,0,0
1,FUENTE 4OUT 6AMP SL-PS-U0406-PULQ,UNIDAD,1,0,0,1,0,0,1,GENERAL,0,0,0,0,0,1,03562,0,0
1,FUENTE 9OUT 4AMP SL-EVP-1SD4P9UL,UNIDAD,1,0,0,1,0,0,1,GENERAL,0,0,0,0,0,1,03560,0,0
1,FUENTE 9OUT 6AMP SL-PSU0906PU,UNIDAD,1,0,0,1,0,0,1,GENERAL,0,0,0,0,0,1,03561,0,0
1,FUENTE ALIMENTACIÓN CCTV CONMUTADA DE 12V 18 SALID,UNIDAD,1,0,0,1,0,0,1,GENERAL,0,0,0,0,0,1,06530,0,0
1,FUENTE CCTV RE 16 CH,UNIDAD,1,0,0,1,0,0,1,GENERAL,0,0,0,0,0,1,05117,0,0
1,"FUENTE DE 18CH,10AMP C/BACKUP PW-PX18",UNIDAD,1,0,0,1,0,0,1,GENERAL,0,0,0,0,0,1,04251,0,0
1,FUENTE DE PODER 1.5 PARA 4 CAMARAS EPCOM,UNIDAD,1,0,0,1,0,0,1,GENERAL,0,0,0,0,0,1,04546,0,0
1,FUENTE DE PODER 1.5 RE,UNIDAD,1,0,0,1,0,0,1,GENERAL,0,0,0,0,0,1,2062,0,0
1,FUENTE DE PODER 12-24 VOLTIOS ALTRONIX,UNIDAD,1,0,0,1,0,0,1,GENERAL,0,0,0,0,0,1,04677,0,0
1,FUENTE DE PODER 12V 10AMPERIOS 18 CANALES ENFORCER,UNIDAD,1,0,0,1,0,0,1,GENERAL,0,0,0,0,0,1,05472,0,0
1,FUENTE DE PODER 2 AMP. RE,UNIDAD,1,0,0,1,0,0,1,GENERAL,0,0,0,0,0,1,05105,0,0
1,FUENTE DE PODER 2.5AMP ST-2406-3AQ,UNIDAD,1,0,0,1,0,0,1,GENERAL,0,0,0,0,0,1,04159,0,0
1,FUENTE DE PODER 3 AMP. RE,UNIDAD,1,0,0,1,0,0,1,GENERAL,0,0,0,0,0,1,05106,0,0
1,FUENTE DE PODER 5 AMP. EPCOM,UNIDAD,1,0,0,1,0,0,1,GENERAL,0,0,0,0,0,1,03922,0,0
1,FUENTE DE PODER 5 AMP. RE,UNIDAD,1,0,0,1,0,0,1,GENERAL,0,0,0,0,0,1,05107,0,0
1,FUENTE DE PODER 9CH10AMP(PSU1210-D9B),UNIDAD,1,0,0,1,0,0,1,GENERAL,0,0,0,0,0,1,0457,0,0
1,FUENTE DE PODER CCTV 18 SALIDAS 12VL12AM,UNIDAD,1,0,0,1,0,0,1,GENERAL,0,0,0,0,0,1,04355,0,0
1,FUENTE DE PODER CON 4 MÓDULOS RELAY HSM3204C9,UNIDAD,1,0,0,1,0,0,1,GENERAL,0,0,0,0,0,1,05480,0,0
1,FUENTE DE PODER DE  3 AMPERIOS,UNIDAD,1,0,0,1,0,0,1,GENERAL,0,0,0,0,0,1,ST-2406-3A,0,0
1,FUENTE DE PODER DE 12 VDC PARA CERRADURAS W/TP2440,UNIDAD,1,0,0,1,0,0,1,GENERAL,0,0,0,0,0,1,05920,0,0
1,FUENTE DE PODER DE 5 AMPERIOS,UNIDAD,1,0,0,1,0,0,1,GENERAL,0,0,0,0,0,1,0667,0,0
1,FUENTE DE PODER DE 9 SALIDAS,UNIDAD,1,0,0,1,0,0,1,GENERAL,0,0,0,0,0,1,06184,0,0
1,FUENTE DE PODER ECOLITE,UNIDAD,1,0,0,1,0,0,1,GENERAL,0,0,0,0,0,1,01110,0,0
1,FUENTE DE PODER ENFORCER PH-U1612-PULQ,UNIDAD,1,0,0,1,0,0,1,GENERAL,0,0,0,0,0,1,06020,0,0
1,FUENTE DE PODER EVP-1SA4P4UL,UNIDAD,1,0,0,1,0,0,1,GENERAL,0,0,0,0,0,1,06155,0,0
1,FUENTE DE PODER GPW-032,UNIDAD,1,0,0,1,0,0,1,GENERAL,0,0,0,0,0,1,05492,0,0
1,"FUENTE DE PODER P/18 C?MARAS, 12V20A",UNIDAD,1,0,0,1,0,0,1,GENERAL,0,0,0,0,0,1,05630,0,0
1,FUENTE DE PODER P/18 CAMARAS 12V20A,UNIDAD,1,0,0,1,0,0,1,GENERAL,0,0,0,0,0,1,05550,0,0
1,FUENTE DE PODER PARA  PANEL 8000-1363-A,UNIDAD,1,0,0,1,0,0,1,GENERAL,0,0,0,0,0,1,03440,0,0
1,FUENTE DE PODER PARA 4 CAMARAS RE,UNIDAD,1,0,0,1,0,0,1,GENERAL,0,0,0,0,0,1,3064,0,0
1,FUENTE DE PODER PARA CAMARA 12 VOTIOS 7 AMPERIOS,UNIDAD,1,0,0,1,0,0,1,GENERAL,0,0,0,0,0,1,05011,0,0
1,FUENTE DE PODER PC-U0405-PULQ,UNIDAD,1,0,0,1,0,0,1,GENERAL,0,0,0,0,0,1,05329,0,0
1,FUENTE DE PODER ST-2406-2AQ 10 AMP.,UNIDAD,1,0,0,1,0,0,1,GENERAL,0,0,0,0,0,1,04358,0,0
1,FUENTE DE PODER TABLILLA 6-12-18 O 24VCD,UNIDAD,1,0,0,1,0,0,1,GENERAL,0,0,0,0,0,1,0655,0,0
1,FUENTE DE PODER TABLILLA 6-12-24VCD 4A,UNIDAD,1,0,0,1,0,0,1,GENERAL,0,0,0,0,0,1,0713,0,0
1,"FUENTE HEAVY DUTY DE 11 A 15 VCD, 20AMPER, CON 18",UNIDAD,1,0,0,1,0,0,1,GENERAL,0,0,0,0,0,1,05028,0,0
1,FUENTE PODER CCTV 4SAL 12V 2A FUSI-PTC,UNIDAD,1,0,0,1,0,0,1,GENERAL,0,0,0,0,0,1,0752,0,0
1,FUENTES DE PODER PARA P/DVR GENEAL ELELC,UNIDAD,1,0,0,1,0,0,1,GENERAL,0,0,0,0,0,1,0837,0,0
1,FUETE DE PODER  DELL HU275AM - 00,UNDIAD,1,0,0,1,0,0,1,GENERAL,0,0,0,0,0,1,05959,0,0
1,FULMINANTE 27 MM AMARILLO,UNIDAD,1,0,0,1,0,0,1,GENERAL,0,0,0,0,0,1,03211,0,0
1,FULMINANTE ROJO CALIBRE 27,UNIDAD,1,0,0,1,0,0,1,GENERAL,0,0,0,0,0,1,848,0,0
1,FUNDA PARA CHALECO BLINDADO,UNIDAD,1,0,0,1,0,0,1,GENERAL,0,0,0,0,0,1,571,0,0
1,FUNDAS PIERNERAS,UNIDAD,1,0,0,1,0,0,1,GENERAL,0,0,0,0,0,1,764,0,0
1,FUNDAS TACTICAS,UNIDAD,1,0,0,1,0,0,1,GENERAL,0,0,0,0,0,1,52,0,0
1,FUSIBLE PARA FUENTE DE 3.5 AMP,UNIDAD,1,0,0,1,0,0,1,GENERAL,0,0,0,0,0,1,04683,0,0
1,FUSIBLES 10 AMP.,UNIDAD,1,0,0,1,0,0,1,GENERAL,0,0,0,0,0,1,0325,0,0
1,FUSIBLES 5 AMP.,UNIDAD,1,0,0,1,0,0,1,GENERAL,0,0,0,0,0,1,0314,0,0
1,FUSION FIBRA OPTICA,UNIDAD,1,0,0,1,0,0,1,GENERAL,0,0,0,0,0,1,03296,0,0
1,FX-400R PANEL DE INCENDIO DIRECCIONABLE-INTELIGENT,UNIDAD,1,0,0,1,0,0,1,GENERAL,0,0,0,0,0,1,06429,0,0
1,"G1AVRF WALL HORN-STROBE, SELECTABLE - 15,30,75 CD",UNIDAD,1,0,0,1,0,0,1,GENERAL,0,0,0,0,0,1,06717,0,0
1,G4 TEC: ALMACENAMIENTO CONTROLADOR 16 RANURAS DS-A81016S,UNIDAD,1,0,0,1,0,0,1,GENERAL,0,0,0,0,0,1,0115,0,0
1,G4 TEC: CONTROL DE ACCESO PARA TARJETA,UNIDAD,1,0,0,1,0,0,1,GENERAL,0,0,0,0,0,1,0274,0,0
1,G4 TEC: G4 TEC: CONTROL DE ACCESO PARA TARJETA,UNIDAD,1,0,0,1,0,0,1,GENERAL,0,0,0,0,0,1,0275,0,0
1,G4 TEC: G4T -M2150-046 MULTINODE 18VAC,UNIDAD,1,0,0,1,0,0,1,GENERAL,0,0,0,0,0,1,03628,0,0
1,G4 TEC: G4T-2150-024/M,UNIDAD,1,0,0,1,0,0,1,GENERAL,0,0,0,0,0,1,03552,0,0
1,G4 TEC: G4T-M2150-046-S MULTINODE 18VAC PANEL CO,UNIDAD,1,0,0,1,0,0,1,GENERAL,0,0,0,0,0,1,03937,0,0
1,G4 TEC: RECIBIDOR PARA CONTROL DE ACCESO,UNIDAD,1,0,0,1,0,0,1,GENERAL,0,0,0,0,0,1,0258,0,0
1,G4 TEC: TECLADO G4TECH CONTROL ACCESO 80,UNIDAD,1,0,0,1,0,0,1,GENERAL,0,0,0,0,0,1,0273,0,0
1,G4HFWF-S7VMC ALTAVOZ ESTROBOSCOPICO DE PARED,UNIDAD,1,0,0,1,0,0,1,GENERAL,0,0,0,0,0,1,05525,0,0
1,G4HFWF-S7VMC ALTAVOZ ESTROBOSCOPICO DE PARED DE AL,UNIDAD,1,0,0,1,0,0,1,GENERAL,0,0,0,0,0,1,05539,0,0
1,G4RF-S2 ALVAVOZ 25V MULTITACTIL ROJO CON FUEGO,1,1,0,0,1,0,0,1,GENERAL,0,0,0,0,0,1,05728,0,0
1,G4S: BRACKET FOR PTZ WB-300,UNIDAD,1,0,0,1,0,0,1,GENERAL,0,0,0,0,0,1,04144,0,0
1,G4S: CAMARA BULLET G4S GCU600N-VIRW,UNIDAD,1,0,0,1,0,0,1,GENERAL,0,0,0,0,0,1,03007,0,0
1,G4S: DISCO DURO DE 2TB HD2TB SS,UNIDAD,1,0,0,1,0,0,1,GENERAL,0,0,0,0,0,1,03767,0,0
1,G4T-M2150-001 SYMMETRY M2150 8DBC 8 READER KIT,UNIDAD,1,0,0,1,0,0,1,GENERAL,0,0,0,0,0,1,06078,0,0
1,GABINETE ABATIBLE PARA PARED 9U,UNIDAD,1,0,0,1,0,0,1,GENERAL,0,0,0,0,0,1,04669,0,0
1,GABINETE ARGOS 400X300X200,UNIDAD,1,0,0,1,0,0,1,GENERAL,0,0,0,0,0,1,04872,0,0
1,GABINETE CERRADO DE 42 UNIDADES,UNIDAD,1,0,0,1,0,0,1,GENERAL,0,0,0,0,0,1,0104,0,0
1,GABINETE D/METAL PYXIS P/FTE. GS-004-INS,UNIDAD,1,0,0,1,0,0,1,GENERAL,0,0,0,0,0,1,04040,0,0
1,GABINETE DE  4 POSICIONES  CON LLAVE VEN,UNIDAD,1,0,0,1,0,0,1,GENERAL,0,0,0,0,0,1,03308,0,0
1,GABINETE DE 6 POSICIONES ABATIBLE,UNIDAD,1,0,0,1,0,0,1,GENERAL,0,0,0,0,0,1,06071,0,0
1,GABINETE DE DOBLE COMPARTIMIENTO PARA ALARMA,UNIDAD,1,0,0,1,0,0,1,GENERAL,0,0,0,0,0,1,05330,0,0
1,GABINETE DE PARED 11RMS 20.5C22Q,UNIDAD,1,0,0,1,0,0,1,GENERAL,0,0,0,0,0,1,06007,0,0
1,GABINETE DE PARED ABTATIBLE 19*22,UNIDAD,1,0,0,1,0,0,1,GENERAL,0,0,0,0,0,1,03175,0,0
1,GABINETE DE POLIESTER IP66 300X250X140MM,UNIDAD,1,0,0,1,0,0,1,GENERAL,0,0,0,0,0,1,03625,0,0
1,GABINETE DOBLE COMPARTIMIENTO 35*60*10,UNIDAD,1,0,0,1,0,0,1,GENERAL,0,0,0,0,0,1,06403,0,0
1,GABINETE IP66 300*250*140MM CON PLACA AR,UNIDAD,1,0,0,1,0,0,1,GENERAL,0,0,0,0,0,1,03614,0,0
1,GABINETE IP66 800X600X300MM C/PLACA ARGO,UNIDAD,1,0,0,1,0,0,1,GENERAL,0,0,0,0,0,1,03726,0,0
1,GABINETE METAL BOX GRANDE 11X11X3,UNIDAD,1,0,0,1,0,0,1,GENERAL,0,0,0,0,0,1,02092,0,0
1,GABINETE METALICO 600*600*300 IP66,UNIDAD,1,0,0,1,0,0,1,GENERAL,0,0,0,0,0,1,02012,0,0
1,GABINETE METALICO IP 500X400X200MM ARGOS,UNIDAD,1,0,0,1,0,0,1,GENERAL,0,0,0,0,0,1,01040,0,0
1,GABINETE METALICO IP66-AEM43/200PM,UNIDAD,1,0,0,1,0,0,1,GENERAL,0,0,0,0,0,1,03002,0,0
1,GABINETE METALICO N4868V9-2WW,UNIDAD,1,0,0,1,0,0,1,GENERAL,0,0,0,0,0,1,05335,0,0
1,GABINETE P/EXTERIOR ARGOS 300X250X150,UNIDAD,1,0,0,1,0,0,1,GENERAL,0,0,0,0,0,1,04515,0,0
1,GABINETE P/SIRENA DE 30W,UNIDAD,1,0,0,1,0,0,1,GENERAL,0,0,0,0,0,1,2066,0,0
1,GABINETE PARA CONTROL PIMA,UNIDAD,1,0,0,1,0,0,1,GENERAL,0,0,0,0,0,1,0402,0,0
1,GABINETE PARA FUENTE DE PODER ENFORCER,UNIDAD,1,0,0,1,0,0,1,GENERAL,0,0,0,0,0,1,03001,0,0
1,GABINETE PARA FUENTE RE,UNIDAD,1,0,0,1,0,0,1,GENERAL,0,0,0,0,0,1,2023,0,0
1,GABINETE PARA SIRENA 702 HONEYWELL 743BE,UNIDAD,1,0,0,1,0,0,1,GENERAL,0,0,0,0,0,1,04668,0,0
1,GABINETE PARA SIRENA DE 15 WATTS,UNIDAD,1,0,0,1,0,0,1,GENERAL,0,0,0,0,0,1,0821,0,0
1,GABINETE PARA SIRENA DE 30  REVERE PI-10,UNIDAD,1,0,0,1,0,0,1,GENERAL,0,0,0,0,0,1,03324,0,0
1,GABINETE PARA SIRENA DE 30 WATTS,UNIDAD,1,0,0,1,0,0,1,GENERAL,0,0,0,0,0,1,06-SIRGAB-30,0,0
1,GABINETE PARADOX,UNIDAD,1,0,0,1,0,0,1,GENERAL,0,0,0,0,0,1,0400,0,0
1,GABINETE POLIESTES IP66,UNIDAD,1,0,0,1,0,0,1,GENERAL,0,0,0,0,0,1,03487,0,0
1,GABINETE RETRACTIL 11 POSICIONES GW-2060,UNIDAD,1,0,0,1,0,0,1,GENERAL,0,0,0,0,0,1,03647,0,0
1,GABINETE RETRACTIL DE 7 POSICIONES,UNIDAD,1,0,0,1,0,0,1,GENERAL,0,0,0,0,0,1,01073,0,0
1,GABINETE REUTILIZABLES,UNIDAD,1,0,0,1,0,0,1,GENERAL,0,0,0,0,0,1,2022,0,0
1,GABINETE STANDARD DSC GS-004-INS,UNIDAD,1,0,0,1,0,0,1,GENERAL,0,0,0,0,0,1,04937,0,0
1,GABINETE VISTA BLANCO,UNIDAD,1,0,0,1,0,0,1,GENERAL,0,0,0,0,0,1,03365,0,0
1,GALON DE CLORO,UNIDAD,1,0,0,1,0,0,1,GENERAL,0,0,0,0,0,1,5050,0,0
1,GALON DE LIMPIADOR INDUSTRIAL,UNIDAD,1,0,0,1,0,0,1,GENERAL,0,0,0,0,0,1,06050,0,0
1,GALON DE NATURAL BLUE DESENGRASANTE,UNIDAD,1,0,0,1,0,0,1,GENERAL,0,0,0,0,0,1,06049,0,0
1,GALON DE PASTA PARA TABLA YESO,UNDIAD,1,0,0,1,0,0,1,GENERAL,0,0,0,0,0,1,05805,0,0
1,GALON DE PINTURA AZUL MATE PREPARADA,UNIDAD,1,0,0,1,0,0,1,GENERAL,0,0,0,0,0,1,05488,0,0
1,GANCHOS PARA FOLDER,CAJA,1,0,0,1,0,0,1,GENERAL,0,0,0,0,0,1,340,0,0
1,GANCHOS PRENSA PAPEL,UNIDAD,1,0,0,1,0,0,1,GENERAL,0,0,0,0,0,1,414,0,0
1,GASA 4X4 PULGADAS ESTERIL,UNIDAD,1,0,0,1,0,0,1,GENERAL,0,0,0,0,0,1,02082,0,0
1,GASAS ESTERILES,UNIDAD,1,0,0,1,0,0,1,GENERAL,0,0,0,0,0,1,05437,0,0
1,GASTOS ANTICIPADOS,SRV,3,0,0,0,0,0,0,GENERAL,0,0,0,0,0,1,SRV0393,0,0
1,GASTOS DE INSTALACION EN PROYECTOS GRANDES,SRV,3,0,0,1,0,0,4,GENERAL,0,0,0,0,0,1,SRV0397,0,0
1,GASTOS POR COMISION TARJETA,SRV,3,0,0,0,0,0,0,GENERAL,0,0,0,0,0,1,SRV0390,0,0
1,GCD550N-PV1,UNIDAD,1,0,0,1,0,0,1,GENERAL,0,0,0,0,0,1,0923,0,0
1,"GE: CAMARA T/BALA TVB-4102 700TVL, 3.3-12MM",UNIDAD,1,0,0,1,0,0,1,GENERAL,0,0,0,0,0,1,04055,0,0
1,GE: DVR 16 CANALES GE-TVR-6016-2TB  H.264,UNIDAD,1,0,0,1,0,0,1,GENERAL,0,0,0,0,0,1,02059,0,0
1,GE: HUMO EN SPRAY 2.5 ONZ,UNIDAD,1,0,0,1,0,0,1,GENERAL,0,0,0,0,0,1,0110,0,0
1,GE: QUIK LINK DIRECT CONECT,UNIDAD,1,0,0,1,0,0,1,GENERAL,0,0,0,0,0,1,0152,0,0
1,GE: SENSOR DE HUMO FOTOELECTRICO NB758SH,UNIDAD,1,0,0,1,0,0,1,GENERAL,0,0,0,0,0,1,02088,0,0
1,GE: SENSOR DE HUMO GE-541C,UNIDAD,1,0,0,1,0,0,1,GENERAL,0,0,0,0,0,1,03004,0,0
1,GE: TABLERO MONFASICO DE 24 POLOS GE,UNIDAD,1,0,0,1,0,0,1,GENERAL,0,0,0,0,0,1,04020,0,0
1,GE-541C   06-412THB  DETECTOR DE HUMO,UNIDAD,1,0,0,1,0,0,1,GENERAL,0,0,0,0,0,1,02075,0,0
1,GEL ANTIBACTERIAL,UNIDAD,1,0,0,1,0,0,1,GENERAL,0,0,0,0,0,1,04761,0,0
1,GEL PARA TENDIDO CABLE 3/M,UNIDAD,1,0,0,1,0,0,1,GENERAL,0,0,0,0,0,1,02037,0,0
1,GENERADORES ELÉCTRICOS ENERG.,UNIDAD,1,0,0,1,0,0,1,GENERAL,0,0,0,0,0,1,05658,0,0
1,GEOVISION: GRABADOR DIGITAL GV-800-16  16 CANALES,UNIDAD,1,0,0,1,0,0,1,GENERAL,0,0,0,0,0,1,0435,0,0
1,GH200 EQUIPO PORTATIL GPS CON 5 BOTONES PROGRAMABL,UNIDAD,1,0,0,1,0,0,1,GENERAL,0,0,0,0,0,1,05427,0,0
1,GL-300W QUECLINK TRACKER 3 G,UNIDAD,1,0,0,1,0,0,1,GENERAL,0,0,0,0,0,1,06506,0,0
1,GLOBOS G4S (INCLUYE COPA Y PALITOS),UNIDAD,1,0,0,1,0,0,1,GENERAL,0,0,0,0,0,1,05173,0,0
1,GMC-9 CONTACTOR  BOBINA 120-240AC,UNIDAD,1,0,0,1,0,0,1,GENERAL,0,0,0,0,0,1,01154,0,0
1,GOMA  INSTANTANEA EN BARRA,UNIDAD,1,0,0,1,0,0,1,GENERAL,0,0,0,0,0,1,327,0,0
1,GOMA LIQUIDA,BOTE,1,0,0,1,0,0,1,GENERAL,0,0,0,0,0,1,437,0,0
1,GORRA P/TECNICO G4S,UNIDAD,1,0,0,1,0,0,1,GENERAL,0,0,0,0,0,1,766,0,0
1,GORRAS PROMOCIONAL,UNIDAD,1,0,0,1,0,0,1,GENERAL,0,0,0,0,0,1,05177,0,0
1,G-PROX III SWTICHPLATE,UNIDAD,1,0,0,1,0,0,1,GENERAL,0,0,0,0,0,1,04525,0,0
1,GPS CABLE P/PROGRAMAR MHUB 828,UNIDAD,1,0,0,1,0,0,1,GENERAL,0,0,0,0,0,1,03669,0,0
1,GPS CABLE P/PROGRAMAR MHUB 846,UNIDAD,1,0,0,1,0,0,1,GENERAL,0,0,0,0,0,1,03667,0,0
1,GPS CBL074 TT8850/TT8750+CBL USB,UNIDAD,1,0,0,1,0,0,1,GENERAL,0,0,0,0,0,1,04359,0,0
1,GPS CELLO F,UNIDAD,1,0,0,1,0,0,1,GENERAL,0,0,0,0,0,1,04495,0,0
1,GPS CELLOTRACK S/BRACKET S/CARGADOR INMA,UNIDAD,1,0,0,1,0,0,1,GENERAL,0,0,0,0,0,1,04403,0,0
1,GPS CR200B C/ARNES,UNIDAD,1,0,0,1,0,0,1,GENERAL,0,0,0,0,0,1,03967,0,0
1,GPS MHUB 846-1C-24VOLT,UNIDAD,1,0,0,1,0,0,1,GENERAL,0,0,0,0,0,1,03666,0,0
1,GPS MHUB 855-1D-UPI,UNIDAD,1,0,0,1,0,0,1,GENERAL,0,0,0,0,0,1,03668,0,0
1,GPS MHUB828A,UNIDAD,1,0,0,1,0,0,1,GENERAL,0,0,0,0,0,1,03429,0,0
1,GPS PARA MOTOCICLETA ST7200 SKY PATROL,UNIDAD,1,0,0,1,0,0,1,GENERAL,0,0,0,0,0,1,04817,0,0
1,GPS POINTER CR200,UNIDAD,1,0,0,1,0,0,1,GENERAL,0,0,0,0,0,1,03572,0,0
1,GPS POINTER CR200 RE,UNIDAD,1,0,0,1,0,0,1,GENERAL,0,0,0,0,0,1,3060,0,0
1,GPS PORTATILES TAJ GTS 100-101-102-103,UNIDAD,1,0,0,1,0,0,1,GENERAL,0,0,0,0,0,1,2107,0,0
1,GPS RASTREADOR OBD GNSS 2G CON BLUETHOOTH,UNIDAD,1,0,0,1,0,0,1,GENERAL,0,0,0,0,0,1,06277,0,0
1,GPS SENSOR DE TEMPERATURA AR204 POINTER,UNIDAD,1,0,0,1,0,0,1,GENERAL,0,0,0,0,0,1,04575,0,0
1,GPS SKY PATROL SP9603,UNIDAD,1,0,0,1,0,0,1,GENERAL,0,0,0,0,0,1,04812,0,0
1,GPS SKYPATROL PORTABLE DEVICE 3G SP8703,UNIDAD,1,0,0,1,0,0,1,GENERAL,0,0,0,0,0,1,05141,0,0
1,GPS SOLAR PADLOCK,UNIDAD,1,0,0,1,0,0,1,GENERAL,0,0,0,0,0,1,06722,0,0
1,GPS SP 8502 COMPACT CONTABLE,UNIDAD,1,0,0,1,0,0,1,GENERAL,0,0,0,0,0,1,04631,0,0
1,GPS SP9703 (3G) CONTENEDORES,UNIDAD,1,0,0,1,0,0,1,GENERAL,0,0,0,0,0,1,05361,0,0
1,GPS SYRUS SG,UNIDAD,1,0,0,1,0,0,1,GENERAL,0,0,0,0,0,1,03430,0,0
1,GPS TELTONICA  RE FM 1204,UNIDAD,1,0,0,1,0,0,1,GENERAL,0,0,0,0,0,1,3054,0,0
1,GPS TELTONICA FMB120,UNIDAD,1,0,0,1,0,0,1,GENERAL,0,0,0,0,0,1,05251,0,0
1,GPS TELTONIKA FM1204 T6M401,UNIDAD,1,0,0,1,0,0,1,GENERAL,0,0,0,0,0,1,04570,0,0
1,GPS TELTONIKA FMA 120 RE,UNIDAD,1,0,0,1,0,0,1,GENERAL,0,0,0,0,0,1,05830,0,0
1,GPS TELTONIKA FMB125BRRB01/ FMBXXX,UNIDAD,1,0,0,1,0,0,1,GENERAL,0,0,0,0,0,1,05970,0,0
1,GPS TELTONIKA FMB130,UNIDAD,1,0,0,1,0,0,1,GENERAL,0,0,0,0,0,1,05705,0,0
1,GPS TELTONIKA FMB920,UNIDAD,1,0,0,1,0,0,1,GENERAL,0,0,0,0,0,1,05012,0,0
1,GPS TELTONIKA MHUB RE/FMB920,UNIDAD,1,0,0,1,0,0,1,GENERAL,0,0,0,0,0,1,06057,0,0
1,GRABADOR DIGITAL 4CH DVR-PX4CH-D1 PYXIS,UNIDAD,1,0,0,1,0,0,1,GENERAL,0,0,0,0,0,1,04247,0,0
1,GRABADOR DVR 15HD DE 16 CANALES 2TB,UNIDAD,1,0,0,1,0,0,1,GENERAL,0,0,0,0,0,1,05636,0,0
1,GRABADOR IP 1604-02T-LC + MODULO 5000-50200,UNIDAD,1,0,0,1,0,0,1,GENERAL,0,0,0,0,0,1,04967,0,0
1,GRABADOR MAGTR123 USB AC/BC MSR206-33U,UNIDAD,1,0,0,1,0,0,1,GENERAL,0,0,0,0,0,1,03932,0,0
1,GRABADOR TURBO HD 8CH CON SALIDA HDMI,UNIDAD,1,0,0,1,0,0,1,GENERAL,0,0,0,0,0,1,04470,0,0
1,GRAPA DE ELECTRICISTA,UNIDAD,1,0,0,1,0,0,1,GENERAL,0,0,0,0,0,1,0730,0,0
1,GRAPA ELECTRICA 3/4,CAJA,1,0,0,1,0,0,1,GENERAL,0,0,0,0,0,1,0585,0,0
1,GRAPA TIPO CLAVO,UNIDAD,1,0,0,1,0,0,1,GENERAL,0,0,0,0,0,1,01111,0,0
1,GRAPAS INDUSTRIALES,CAJA,1,0,0,1,0,0,1,GENERAL,0,0,0,0,0,1,451,0,0
1,GRAPAS STANDARD,CAJA,1,0,0,1,0,0,1,GENERAL,0,0,0,0,0,1,300,0,0
1,GRASA GRAFITADA DE 1/4,UNIDAD,1,0,0,1,0,0,1,GENERAL,0,0,0,0,0,1,01116,0,0
1,"GRASA IMPREGNADA VASELINA 3""X9"" ESTERIL",UNIDAD,1,0,0,1,0,0,1,GENERAL,0,0,0,0,0,1,01077,0,0
1,GRMN DASH CAMERA FHD 1080P,UNIDAD,1,0,0,1,0,0,1,GENERAL,0,0,0,0,0,1,05360,0,0
1,GSN: BOTON DE PANICO INALAMBRICO GSN,UNIDAD,1,0,0,1,0,0,1,GENERAL,0,0,0,0,0,1,0255,0,0
1,GSN: KIT TRANSMIDORES INALAMBRICO GSN,UNIDAD,1,0,0,1,0,0,1,GENERAL,0,0,0,0,0,1,0261,0,0
1,GSN: KIT TRANSMISOR INALAMBRICO GSN RE,UNIDAD,1,0,0,1,0,0,1,GENERAL,0,0,0,0,0,1,2106,0,0
1,GSN: SENSOR DE MOV. + DISCRIMINADOR DE AUDIO,UNIDAD,1,0,0,1,0,0,1,GENERAL,0,0,0,0,0,1,0559,0,0
1,GUANTE ANTI CORTE GRADO 5,UNIDAD,1,0,0,1,0,0,1,GENERAL,0,0,0,0,0,1,04979,0,0
1,GUANTE ANTIESTATICO,UNIDAD,1,0,0,1,0,0,1,GENERAL,0,0,0,0,0,1,03397,0,0
1,GUANTE DE CUERO,UNIDAD,1,0,0,1,0,0,1,GENERAL,0,0,0,0,0,1,03566,0,0
1,GUANTE MEDIO DEDO ANTI VIBRACION E IMPACTO,UNIDAD,1,0,0,1,0,0,1,GENERAL,0,0,0,0,0,1,04926,0,0
1,GUANTE TEJIDO SIN COSTURAS MODELO D2,UNIDAD,1,0,0,1,0,0,1,GENERAL,0,0,0,0,0,1,03569,0,0
1,GUANTES DE HULE,UNIDAD,1,0,0,1,0,0,1,GENERAL,0,0,0,0,0,1,762,0,0
1,GUANTES DE LATEX CAJA,UNIDAD,1,0,0,1,0,0,1,GENERAL,0,0,0,0,0,1,758,0,0
1,GUANTES DE MOTORISTA,UNIDAD,1,0,0,1,0,0,1,GENERAL,0,0,0,0,0,1,500,0,0
1,GUANTES DE NITRILO,UNIDAD,1,0,0,1,0,0,1,GENERAL,0,0,0,0,0,1,05436,0,0
1,GUANTES DE NITRILO 4 MIL,UNIDAD,1,0,0,1,0,0,1,GENERAL,0,0,0,0,0,1,0831,0,0
1,GUANTES INDUSTRIALES CON CARNAZA,UNIDAD,1,0,0,1,0,0,1,GENERAL,0,0,0,0,0,1,01053,0,0
1,GUEST-LIC-001 LICENCIA DE SOFTWARE CONCURRENTE DE,UNIDAD,1,0,0,1,0,0,1,GENERAL,0,0,0,0,0,1,06259,0,0
1,GUIA ACERADA DE  1/8 X 100,UNIDAD,1,0,0,1,0,0,1,GENERAL,0,0,0,0,0,1,02000,0,0
1,GUIA ACERADO MTS,UNIDAD,1,0,0,1,0,0,1,GENERAL,0,0,0,0,0,1,03641,0,0
1,"GUIA DE NYLON 100"" (30MT) RESIS 300LB",UNIDAD,1,0,0,1,0,0,1,GENERAL,0,0,0,0,0,1,02001,0,0
1,GUIA ELECTRICA 30MTS,UNIDAD,1,0,0,1,0,0,1,GENERAL,0,0,0,0,0,1,05804,0,0
1,GUIA PARA CABLE DE 30 MTS,UNIDAD,1,0,0,1,0,0,1,GENERAL,0,0,0,0,0,1,0477,0,0
1,GV-300WGV-300W QUECLINK + ARNES,UNIDAD,1,0,0,1,0,0,1,GENERAL,0,0,0,0,0,1,05972,0,0
1,GV-310LAU QUECLINK TRACKER 4G + ARNESMODELO GV-310,UNIDAD,1,0,0,1,0,0,1,GENERAL,0,0,0,0,0,1,06458,0,0
1,"GVI: DS-2CD2647G2T-LZS CÁMARA BALA IP COLOR VU, RESOLUC",UNIDAD,1,0,0,1,0,0,1,GENERAL,0,0,0,0,0,1,0039,0,0
1,GVI: KIT HOUSING EXTERIOR CON BRACKET,UNIDAD,1,0,0,1,0,0,1,GENERAL,0,0,0,0,0,1,0108,0,0
1,"GW-2054 GABINETE ABATIBLE DE PARED 7U, 19""X20 QUES",UNIDAD,1,0,0,1,0,0,1,GENERAL,0,0,0,0,0,1,06526,0,0
1,H2W2GR1 WDR 2MP MICRO DOME CAMERA,UNIDAD,1,0,0,1,0,0,1,GENERAL,0,0,0,0,0,1,05576,0,0
1,HAC-B4A21-VF CAMARA BALA DAHUA,UNIDAD,1,0,0,1,0,0,1,GENERAL,0,0,0,0,0,1,03174,0,0
1,HAC-HFW1220R-VF CAMARA BALA DAHUA,UNIDAD,1,0,0,1,0,0,1,GENERAL,0,0,0,0,0,1,05695,0,0
1,HANDHELD 12 BANDS JAMMER,UNIDAD,1,0,0,1,0,0,1,GENERAL,0,0,0,0,0,1,06276,0,0
1,HANDS-FREE COLOR NEGRO PARA PTT 205,UNIDAD,1,0,0,1,0,0,1,GENERAL,0,0,0,0,0,1,506,0,0
1,HANDSFREE TIPO PALM MIC PARA TAC-1,UNIDAD,1,0,0,1,0,0,1,GENERAL,0,0,0,0,0,1,05325,0,0
1,HARDWARE-TS HEXAGON SET SCREW M8X 10,UNIDAD,1,0,0,1,0,0,1,GENERAL,0,0,0,0,0,1,05954,0,0
1,HB276HD4 CAMARA,UNIDAD,1,0,0,1,0,0,1,GENERAL,0,0,0,0,0,1,05413,0,0
1,H-BOLT SEAL 136MM (DISPOSABLE),UNIDAD,1,0,0,1,0,0,1,GENERAL,0,0,0,0,0,1,04072,0,0
1,HC30WE5R2 CAMARA BALA,UNIDAD,1,0,0,1,0,0,1,GENERAL,0,0,0,0,0,1,05956,0,0
1,HCV-6070R CAMARA DOMO HANWA  1080P,UNIDAD,1,0,0,1,0,0,1,GENERAL,0,0,0,0,0,1,05827,0,0
1,HD 262H MINI DOME 620TVL HONEYWELL,UNIDAD,1,0,0,1,0,0,1,GENERAL,0,0,0,0,0,1,04567,0,0
1,HEADSET POLY BLACKWIRE C3220 USB,UNIDAD,1,0,0,1,0,0,1,GENERAL,0,0,0,0,0,1,610,0,0
1,HEBILLA  DE 3/4,UNIDAD,1,0,0,1,0,0,1,GENERAL,0,0,0,0,0,1,03489,0,0
1,"HERO-C60S0D3-1MR CAMARA D3 DMS, AHD 720P",UNIDAD,1,0,0,1,0,0,1,GENERAL,0,0,0,0,0,1,06492,0,0
1,HERO-C60S0V26-1MR CAMARA VISION TRASERA V26 AHD 72,UNIDAD,1,0,0,1,0,0,1,GENERAL,0,0,0,0,0,1,06487,0,0
1,HERO-MC30-01 DASHCAM MC30,UNIDAD,1,0,0,1,0,0,1,GENERAL,0,0,0,0,0,1,06485,0,0
1,HERO-ME40-02 DASHCAM V3 + HERO-AL03-A,UNIDAD,1,0,0,1,0,0,1,GENERAL,0,0,0,0,0,1,06482,0,0
1,HICKVISION CAMRA FISHEYE ANALOGA,UNIDAD,1,0,0,1,0,0,1,GENERAL,0,0,0,0,0,1,05452,0,0
1,HICKVISION KIT DE 9 CAMARAS BULLET 1080P,UNIDAD,1,0,0,1,0,0,1,GENERAL,0,0,0,0,0,1,05451,0,0
1,HIELERAS PORTATILES,UNIDAD,1,0,0,1,0,0,1,GENERAL,0,0,0,0,0,1,05932,0,0
1,HIKCENTRAL-P-VSS-BASE/16CH LICENCIA BASE PARA HIKC,UNIDAD,1,0,0,1,0,0,1,GENERAL,0,0,0,0,0,1,06434,0,0
1,HIKVISION - DS-2CD1167G2-LUF CAMARA IP DOMO 6MP PO,MTS,1,0,0,1,0,0,1,GENERAL,0,0,0,0,0,1,0041,0,0
1,HIKVISION - DS-2CD2T47G2P-LSU/ SL CAMARA IP BALA 4,UNIDAD,1,0,0,1,0,0,1,GENERAL,0,0,0,0,0,1,0020,0,0
1,HIKVISION - HIK-DS-2CD1067G2H-LIU CAMARA IP BALA 6,MTS,1,0,0,1,0,0,1,GENERAL,0,0,0,0,0,1,0037,0,0
1,HIKVISION - HIK-DS-2SE4C425MWG-E CAMARA IP PTZ IP6,UNIDAD,1,0,0,1,0,0,1,GENERAL,0,0,0,0,0,1,0016,0,0
1,HIKVISION CN - HIK-SFP-1.25G-20-1310- DF MODULO SF,UNIDAD,1,0,0,1,0,0,1,GENERAL,0,0,0,0,0,1,0114,0,0
1,HIKVISION DS-2CE19H0T AIT3ZF CAMARA BALA 5MP VARIF,UNIDAD,1,0,0,1,0,0,1,GENERAL,0,0,0,0,0,1,06375,0,0
1,HIKVISION IDS-7208HUHI-M1/S DVR 8CH,UNIDAD,1,0,0,1,0,0,1,GENERAL,0,0,0,0,0,1,06374,0,0
1,HIKVISION KIT CCTV 8 CAMARAS BULLET 1080P,UNIDAD,1,0,0,1,0,0,1,GENERAL,0,0,0,0,0,1,05450,0,0
1,HILO DE PESCAR,ROLLO,1,0,0,1,0,0,1,GENERAL,0,0,0,0,0,1,03195,0,0
1,HN30040102 NVR DE 4 CANALES,UNIDAD,1,0,0,1,0,0,1,GENERAL,0,0,0,0,0,1,05955,0,0
1,HOJA BOND 120 GRS. CARTA,RESMA,1,0,0,1,0,0,1,GENERAL,0,0,0,0,0,1,748,0,0
1,HOJA BOND 120 GRS. OFICIO,RESMA,1,0,0,1,0,0,1,GENERAL,0,0,0,0,0,1,749,0,0
1,HOJA BOND 60 GRS. OFICIO,RESMA,1,0,0,1,0,0,1,GENERAL,0,0,0,0,0,1,747,0,0
1,HOJA DE CUADROS 8 MM CARTA,RESMA,1,0,0,1,0,0,1,GENERAL,0,0,0,0,0,1,745,0,0
1,HOJA DE CUADROS 8 MM OFICIO,RESMA,1,0,0,1,0,0,1,GENERAL,0,0,0,0,0,1,746,0,0
1,HOJA DE RESPONSABILIDAD 1/2 CARTA,UNIDAD,1,0,0,1,0,0,1,GENERAL,0,0,0,0,0,1,608,0,0
1,HOJA MAGNETICAS ADESIVAS T/CARTA,UNIDAD,1,0,0,1,0,0,1,GENERAL,0,0,0,0,0,1,479,0,0
1,HOJA PERFORADA CARTA C/LINEAS,RESMA,1,0,0,1,0,0,1,GENERAL,0,0,0,0,0,1,744,0,0
1,HOJAS 120 GRAMOS CARTA,UNIDAD,1,0,0,1,0,0,1,GENERAL,0,0,0,0,0,1,448,0,0
1,HOJAS DE ACCION DE PERSONAL,UNIDAD,1,0,0,1,0,0,1,GENERAL,0,0,0,0,0,1,909,0,0
1,HOJAS DE PAPEL AMARILLO (FLUORECENTE),UNIDAD,1,0,0,1,0,0,1,GENERAL,0,0,0,0,0,1,05983,0,0
1,HOJAS MEMBRETADAS G4S,UNIDAD,1,0,0,1,0,0,1,GENERAL,0,0,0,0,0,1,372,0,0
1,HOJAS MILIMETRADAS,UNIDAD,1,0,0,1,0,0,1,GENERAL,0,0,0,0,0,1,612,0,0
1,HOJAS PERFORADAS PARA FACTURA ELECTRONIC,MILLAR,1,0,0,1,0,0,1,GENERAL,0,0,0,0,0,1,539,0,0
1,HOJAS PERFORADAS PARA FACTURAS,UNIDAD,1,0,0,1,0,0,1,GENERAL,0,0,0,0,0,1,507,0,0
1,HOJAS TROQUELADAS P/FACTURA ELECTRONICA,MILLAR,1,0,0,1,0,0,1,GENERAL,0,0,0,0,0,1,731,0,0
1,HOMOLOGACION GPS,SRV,3,0,0,1,0,0,0,GENERAL,0,0,0,0,0,1,GPS004,0,0
1,HONEYWELL BOTON DE SALIDA PEXBHON1,UNIDAD,1,0,0,1,0,0,1,GENERAL,0,0,0,0,0,1,04660,0,0
1,HONEYWELL CAMARA T/BALA VARIFOCAL 750 TVL,UNIDAD,1,0,0,1,0,0,1,GENERAL,0,0,0,0,0,1,04782,0,0
1,HONEYWELL CAMARA T/BALA VARIFOCAL 750 TVL MINI,UNIDAD,1,0,0,1,0,0,1,GENERAL,0,0,0,0,0,1,04783,0,0
1,HONEYWELL CAMARAS TIPO BALA  HB74HD4,UNIDAD,1,0,0,1,0,0,1,GENERAL,0,0,0,0,0,1,05449,0,0
1,HONEYWELL SENSOR DE GOLPE SC100,UNIDAD,1,0,0,1,0,0,1,GENERAL,0,0,0,0,0,1,04674,0,0
1,HONEYWELL: ASC-SS1 DETECTOR ROTURA VIDRIO,UNIDAD,1,0,0,1,0,0,1,GENERAL,0,0,0,0,0,1,0368,0,0
1,HONEYWELL: BOTON DE PANICO 269R,UNIDAD,1,0,0,1,0,0,1,GENERAL,0,0,0,0,0,1,0354,0,0
1,HONEYWELL: BOTON DE PANICO 269R RE,UNIDAD,1,0,0,1,0,0,1,GENERAL,0,0,0,0,0,1,2033,0,0
1,HONEYWELL: BOTON INALAMBRICO TIPO LLAVERO 5834-4,UNIDAD,1,0,0,1,0,0,1,GENERAL,0,0,0,0,0,1,0366,0,0
1,HONEYWELL: CABLE BLANCO DE 3 PARES,METROS,1,0,0,1,0,0,1,GENERAL,0,0,0,0,0,1,BLANCO 22/6,0,0
1,HONEYWELL: CABLE BLANCO DE 5 PARES,METROS,1,0,0,1,0,0,1,GENERAL,0,0,0,0,0,1,04063,0,0
1,HONEYWELL: CABLE COAXIAL RG59 95% SHIELD,METROS,1,0,0,1,0,0,1,GENERAL,0,0,0,0,0,1,0486,0,0
1,HONEYWELL: CABLE COAXIAL SIAMES RG-59 95% SHIELD,UNIDAD,1,0,0,1,0,0,1,GENERAL,0,0,0,0,0,1,04673,0,0
1,HONEYWELL: CABLE DE 2 PARES GRIS,METROS,1,0,0,1,0,0,1,GENERAL,0,0,0,0,0,1,604,0,0
1,HONEYWELL: CABLE DE 6 PARES GRIS,METROS,1,0,0,1,0,0,1,GENERAL,0,0,0,0,0,1,0423,0,0
1,HONEYWELL: CABLE PARALELO 2 X 18,UNIDAD,1,0,0,1,0,0,1,GENERAL,0,0,0,0,0,1,04676,0,0
1,HONEYWELL: CONTROL VISTA 50 LA,UNIDAD,1,0,0,1,0,0,1,GENERAL,0,0,0,0,0,1,0413,0,0
1,HONEYWELL: DETECTOR  ROTURA DE VIDRIO FG-730,UNIDAD,1,0,0,1,0,0,1,GENERAL,0,0,0,0,0,1,0236,0,0
1,HONEYWELL: DETECTOR DE CALOR (TERMOSTATO,UNIDAD,1,0,0,1,0,0,1,GENERAL,0,0,0,0,0,1,0310,0,0
1,HONEYWELL: DETECTOR DE HUMO 5193SD,UNIDAD,1,0,0,1,0,0,1,GENERAL,0,0,0,0,0,1,04057,0,0
1,HONEYWELL: DETECTOR DE HUMO INALAMBRICO,UNIDAD,1,0,0,1,0,0,1,GENERAL,0,0,0,0,0,1,0281,0,0
1,HONEYWELL: DETECTOR DE MOVIEMIENTO  DUAL,UNIDAD,1,0,0,1,0,0,1,GENERAL,0,0,0,0,0,1,0070,0,0
1,HONEYWELL: DETECTOR DE ROPTURA FG1625SN,UNIDAD,1,0,0,1,0,0,1,GENERAL,0,0,0,0,0,1,04058,0,0
1,HONEYWELL: DETECTOR ROTURA DE VIDRIO - V,UNIDAD,1,0,0,1,0,0,1,GENERAL,0,0,0,0,0,1,0309,0,0
1,HONEYWELL: DISCRIMINADOR DE AUDIO FG/1625,UNIDAD,1,0,0,1,0,0,1,GENERAL,0,0,0,0,0,1,01050,0,0
1,HONEYWELL: DISCRIMINADOR DE AUDIO INALAMBRICO 5853,UNIDAD,1,0,0,1,0,0,1,GENERAL,0,0,0,0,0,1,0985,0,0
1,HONEYWELL: EXPANSOR DE ZONAS 4219,UNIDAD,1,0,0,1,0,0,1,GENERAL,0,0,0,0,0,1,0397,0,0
1,HONEYWELL: EXPANSOR DE ZONAS 4229,UNIDAD,1,0,0,1,0,0,1,GENERAL,0,0,0,0,0,1,0396,0,0
1,HONEYWELL: EXPANSORA DE 8 ZONAS 4208U,UNIDAD,1,0,0,1,0,0,1,GENERAL,0,0,0,0,0,1,4208U,0,0
1,HONEYWELL: EXPANSR DE ZONAS MPLX 4297,UNIDAD,1,0,0,1,0,0,1,GENERAL,0,0,0,0,0,1,04060,0,0
1,HONEYWELL: FOTOELECTRICO INALAMBRICO,UNIDAD,1,0,0,1,0,0,1,GENERAL,0,0,0,0,0,1,0311,0,0
1,HONEYWELL: FUENTE DE PODER   AD12612,UNIDAD,1,0,0,1,0,0,1,GENERAL,0,0,0,0,0,1,03103,0,0
1,HONEYWELL: GABINETES PARA SIRENA DE 30 W,UNIDAD,1,0,0,1,0,0,1,GENERAL,0,0,0,0,0,1,0102,0,0
1,HONEYWELL: GLASS BREAK DETECTOR,UNIDAD,1,0,0,1,0,0,1,GENERAL,0,0,0,0,0,1,0106,0,0
1,HONEYWELL: HRHT4042 GRABADOR DE 4 CANALES,UNIDAD,1,0,0,1,0,0,1,GENERAL,0,0,0,0,0,1,05448,0,0
1,HONEYWELL: KIT PANEL INALAMBRICO LYNXR,UNIDAD,1,0,0,1,0,0,1,GENERAL,0,0,0,0,0,1,0945,0,0
1,HONEYWELL: LECTOR CODIGO BARRAS XENON 1900GSR-2USB,UNIDAD,1,0,0,1,0,0,1,GENERAL,0,0,0,0,0,1,03824,0,0
1,HONEYWELL: LUZ UNISTROBE 710 AMBER,UNIDAD,1,0,0,1,0,0,1,GENERAL,0,0,0,0,0,1,0360,0,0
1,HONEYWELL: MAGNETICO,UNIDAD,1,0,0,1,0,0,1,GENERAL,0,0,0,0,0,1,0124,0,0
1,HONEYWELL: MAGNETICO DE PERSIANA ADEMCO,UNIDAD,1,0,0,1,0,0,1,GENERAL,0,0,0,0,0,1,958 CONTACT,0,0
1,HONEYWELL: MAGNETICO EXTRAFUERTE COLOR,UNIDAD,1,0,0,1,0,0,1,GENERAL,0,0,0,0,0,1,06-7945WH,0,0
1,HONEYWELL: MAGNETICO EXTRAFUETE ADEMCO,UNIDAD,1,0,0,1,0,0,1,GENERAL,0,0,0,0,0,1,0471,0,0
1,HONEYWELL: MAGNETICO LIVIANO,UNIDAD,1,0,0,1,0,0,1,GENERAL,0,0,0,0,0,1,0129,0,0
1,HONEYWELL: MAGNETICO LIVIANO 7939 WG-,UNIDAD,1,0,0,1,0,0,1,GENERAL,0,0,0,0,0,1,0364,0,0
1,HONEYWELL: MAGNETICO LIVIANO INALAMBRICO 5815,UNIDAD,1,0,0,1,0,0,1,GENERAL,0,0,0,0,0,1,0370,0,0
1,HONEYWELL: MAGNETICO LIVIANO INALAMBRICO 5816,UNIDAD,1,0,0,1,0,0,1,GENERAL,0,0,0,0,0,1,0371,0,0
1,HONEYWELL: MAGNETICO LIVIANO INALAMBRICO RE,UNIDAD,1,0,0,1,0,0,1,GENERAL,0,0,0,0,0,1,2056,0,0
1,HONEYWELL: MODULO DE RELAY 4204,UNIDAD,1,0,0,1,0,0,1,GENERAL,0,0,0,0,0,1,0398,0,0
1,HONEYWELL: MODULO TRANSMISOR 5883H,UNIDAD,1,0,0,1,0,0,1,GENERAL,0,0,0,0,0,1,0567,0,0
1,HONEYWELL: PANEL CONTROL VISTA 250BPE,UNIDAD,1,0,0,1,0,0,1,GENERAL,0,0,0,0,0,1,04011,0,0
1,HONEYWELL: PANEL CONTROL VISTA V250FBP-9,UNIDAD,1,0,0,1,0,0,1,GENERAL,0,0,0,0,0,1,04062,0,0
1,HONEYWELL: PANEL DE CONTROL VISTA - 128BPT,UNIDAD,1,0,0,1,0,0,1,GENERAL,0,0,0,0,0,1,03844,0,0
1,HONEYWELL: PANEL INALAMBRICO LYNXR,UNIDAD,1,0,0,1,0,0,1,GENERAL,0,0,0,0,0,1,0411,0,0
1,HONEYWELL: PANEL VISTA 128BP,UNIDAD,1,0,0,1,0,0,1,GENERAL,0,0,0,0,0,1,03102,0,0
1,HONEYWELL: PANEL VISTA 48,UNIDAD,1,0,0,1,0,0,1,GENERAL,0,0,0,0,0,1,0412,0,0
1,HONEYWELL: PASIVO PARA EXTERIOR INALAM 5800PIR-OD,UNIDAD,1,0,0,1,0,0,1,GENERAL,0,0,0,0,0,1,0996,0,0
1,HONEYWELL: PIR DETECTOR 5894PI,UNIDAD,1,0,0,1,0,0,1,GENERAL,0,0,0,0,0,1,0367,0,0
1,HONEYWELL: RECEPTOR INALAMBRICO 4281 ADEMCO,UNIDAD,1,0,0,1,0,0,1,GENERAL,0,0,0,0,0,1,0158,0,0
1,HONEYWELL: RECEPTORA SERIE 5881 ENH,UNIDAD,1,0,0,1,0,0,1,GENERAL,0,0,0,0,0,1,04283,0,0
1,HONEYWELL: RECEPTROR INALAMBRICO 5881EN,UNIDAD,1,0,0,1,0,0,1,GENERAL,0,0,0,0,0,1,0390,0,0
1,HONEYWELL: REPETIDORA PARA LYNXR  5800RP,UNIDAD,1,0,0,1,0,0,1,GENERAL,0,0,0,0,0,1,0356,0,0
1,HONEYWELL: SENSOR 7550C RE,UNIDAD,1,0,0,1,0,0,1,GENERAL,0,0,0,0,0,1,03351,0,0
1,HONEYWELL: SENSOR DE AGUA,UNIDAD,1,0,0,1,0,0,1,GENERAL,0,0,0,0,0,1,0171,0,0
1,HONEYWELL: SENSOR DE MOVIMIENTO 7550C,UNIDAD,1,0,0,1,0,0,1,GENERAL,0,0,0,0,0,1,06-DT-7550C,0,0
1,HONEYWELL: SENSOR DE MOVIMIENTO DUAL TEC,UNIDAD,1,0,0,1,0,0,1,GENERAL,0,0,0,0,0,1,0172,0,0
1,HONEYWELL: SENSOR DE MOVIMIENTO INALAMBRICO 5800,UNIDAD,1,0,0,1,0,0,1,GENERAL,0,0,0,0,0,1,0372,0,0
1,HONEYWELL: SENSOR DE MOVIMIENTO IS2500SN,UNIDAD,1,0,0,1,0,0,1,GENERAL,0,0,0,0,0,1,04059,0,0
1,HONEYWELL: SENSOR DUAL TEC DT-7235T,UNIDAD,1,0,0,1,0,0,1,GENERAL,0,0,0,0,0,1,06-DT7235T,0,0
1,HONEYWELL: SENSOR DUAL TEC DT-7435,UNIDAD,1,0,0,1,0,0,1,GENERAL,0,0,0,0,0,1,02040,0,0
1,HONEYWELL: SERSOR DE MOVIMIENTO DUAL TEC,UNIDAD,1,0,0,1,0,0,1,GENERAL,0,0,0,0,0,1,0176,0,0
1,HONEYWELL: SHOCK SENSOR,UNIDAD,1,0,0,1,0,0,1,GENERAL,0,0,0,0,0,1,0177,0,0
1,HONEYWELL: SIRENA  748,UNIDAD,1,0,0,1,0,0,1,GENERAL,0,0,0,0,0,1,0252,0,0
1,HONEYWELL: SIRENA DE 30 WATTS COLOR BEIGE,UNIDAD,1,0,0,1,0,0,1,GENERAL,0,0,0,0,0,1,06-702,0,0
1,HONEYWELL: SIRENA DOS WAVE TWO,UNIDAD,1,0,0,1,0,0,1,GENERAL,0,0,0,0,0,1,0183,0,0
1,HONEYWELL: SIRENA INALAMBRICA 5800,UNIDAD,1,0,0,1,0,0,1,GENERAL,0,0,0,0,0,1,03346,0,0
1,HONEYWELL: TAMPER SWITCH,UNIDAD,1,0,0,1,0,0,1,GENERAL,0,0,0,0,0,1,0191,0,0
1,HONEYWELL: TARJETA FUENTE DE PODER AD25624,UNIDAD,1,0,0,1,0,0,1,GENERAL,0,0,0,0,0,1,0369,0,0
1,HONEYWELL: TECLADO ALFA NUMERICO 6164SP,UNIDAD,1,0,0,1,0,0,1,GENERAL,0,0,0,0,0,1,0377,0,0
1,HONEYWELL: TECLADO INALAMBRICO 5827,UNIDAD,1,0,0,1,0,0,1,GENERAL,0,0,0,0,0,1,03345,0,0
1,HONEYWELL: TECLADO LCD DE CONSOLA 6148SP,UNIDAD,1,0,0,1,0,0,1,GENERAL,0,0,0,0,0,1,0387,0,0
1,HONEYWELL: TECLADO TOUCH CENTER 6280S,UNIDAD,1,0,0,1,0,0,1,GENERAL,0,0,0,0,0,1,03409,0,0
1,HONEYWELL: TERMOSTATO TS300 ADEMCO,UNIDAD,1,0,0,1,0,0,1,GENERAL,0,0,0,0,0,1,0472,0,0
1,HONEYWELL: TRANSFORMADOR  16 V. 25 AMPERIOS,UNIDAD,1,0,0,1,0,0,1,GENERAL,0,0,0,0,0,1,0365,0,0
1,HONEYWELL: TRANSFORMADOR 1321-1 RESIDEO,UNIDAD,1,0,0,1,0,0,1,GENERAL,0,0,0,0,0,1,0434,0,0
1,HONEYWELL: VIBRADOR BLANCO,UNIDAD,1,0,0,1,0,0,1,GENERAL,0,0,0,0,0,1,06-11WH,0,0
1,HONEYWELL: XXSS,METROS,1,0,0,1,0,0,1,GENERAL,0,0,0,0,0,1,10-11075201,0,0
1,HONORARIOS LEGALES ADMINISTRATIVO,,3,0,0,0,0,0,0,GENERAL,0,0,0,0,0,1,SRV0299,0,0
1,HONORARIOS OTROS ADMINISTRATIVO,,3,0,0,0,0,0,0,GENERAL,0,0,0,0,0,1,SRV0302,0,0
1,HONORARIOS OTROS DIRECTO,,3,0,0,0,0,0,0,GENERAL,0,0,0,0,0,1,SRV0300,0,0
1,HONORARIOS OTROS INDIRECTO,,3,0,0,0,0,0,0,GENERAL,0,0,0,0,0,1,SRV0301,0,0
1,HORAS EXTRAS,SRV,3,0,0,0,0,0,4,GENERAL,0,0,0,0,0,1,IC0804,0,0
1,HORAS EXTRAS (AG),SRV,3,0,0,0,1,0,2,GENERAL,0,0,0,0,0,1,IC084,0,0
1,HORAS FERIADOS Y ASUETOS,SRV,3,0,0,0,0,0,4,GENERAL,0,0,0,0,0,1,IC0254,0,0
1,HORNO MICROONDAS  1000 WATTS,UNIDAD,1,0,0,1,0,0,1,GENERAL,0,0,0,0,0,1,46,0,0
1,HORNO MICROONDAS FRIGDAIRE,UNIDAD,1,0,0,1,0,0,1,GENERAL,0,0,0,0,0,1,602,0,0
1,"HOUNSING, 250MM, SUNCHIELD",UNIDAD,1,0,0,1,0,0,1,GENERAL,0,0,0,0,0,1,0927,0,0
1,HOUSING ECL605,UNIDAD,1,0,0,1,0,0,1,GENERAL,0,0,0,0,0,1,0581,0,0
1,HOUSING EXTERIOR MEDIANO DE IMPORTACION ,UNIDAD,1,0,0,1,0,0,1,GENERAL,0,0,0,0,0,1,0286,0,0
1,"HOUSING EXTERIOR P/CAMARA 11"" SIN BRACKE",UNIDAD,1,0,0,1,0,0,1,GENERAL,0,0,0,0,0,1,0650,0,0
1,HOUSING EXTERIOR TIPO CILINDRO,UNIDAD,1,0,0,1,0,0,1,GENERAL,0,0,0,0,0,1,0234,0,0
1,HOUSING HTR SS 24VAC/30W AC-DC BOSCH,UNIDAD,1,0,0,1,0,0,1,GENERAL,0,0,0,0,0,1,04598,0,0
1,HOUSING OPEN CAMERA VSIONIS,UNIDAD,1,0,0,1,0,0,1,GENERAL,0,0,0,0,0,1,0824,0,0
1,HOUSING PARA EXTERIOR SIZE 390X140X115 M/M,UNIDAD,1,0,0,1,0,0,1,GENERAL,0,0,0,0,0,1,0417,0,0
1,HOUSING PELCO EH 4500 BURLE TC9383-1,UNIDAD,1,0,0,1,0,0,1,GENERAL,0,0,0,0,0,1,0422,0,0
1,"HOUSING WALL MOUNT, ALUMINUM DIE CAST, 3",UNIDAD,1,0,0,1,0,0,1,GENERAL,0,0,0,0,0,1,0765,0,0
1,"HOUSING WALL MOUNT, ALUMINUM DIE CAST, 3",UNIDAD,1,0,0,1,0,0,1,GENERAL,0,0,0,0,0,1,0928,0,0
1,"HP 24Y- MONITOR LED - 23.8""",UNIDAD,1,0,0,1,0,0,1,GENERAL,0,0,0,0,0,1,05339,0,0
1,"HP COMPUTADORA PRODESK 400 G5 + M/V202 19""",UNIDAD,1,0,0,1,0,0,1,GENERAL,0,0,0,0,0,1,06189,0,0
1,HP ELITEBOOK 840 G5 INTEL CORE I7-8550U,UNIDAD,1,0,0,1,0,0,1,GENERAL,0,0,0,0,0,1,05337,0,0
1,HP NOTEBOOK INTEL CORE I5 15-6200U-4,UNIDAD,1,0,0,1,0,0,1,GENERAL,0,0,0,0,0,1,04687,0,0
1,HP PROBOOK 440 G4,UNIDAD,1,0,0,1,0,0,1,GENERAL,0,0,0,0,0,1,04991,0,0
1,HPE SERVIDOR DL360 GEN10,UNIDAD,1,0,0,1,0,0,1,GENERAL,0,0,0,0,0,1,05150,0,0
1,HPS-E10A REGLETA HORIZONTAL DE 10 TOMAS,UNIDAD,1,0,0,1,0,0,1,GENERAL,0,0,0,0,0,1,03610,0,0
1,HRHQ1082 DVR 8CH 4IN 1 2SATA 2TB,UNIDAD,1,0,0,1,0,0,1,GENERAL,0,0,0,0,0,1,05672,0,0
1,HRHQ1162 DVR 16CH 4IN 1 2SATA 2TB,UNIDAD,1,0,0,1,0,0,1,GENERAL,0,0,0,0,0,1,05673,0,0
1,"HS3032BASESPA PANEL DE ALARMA 32 ZONAS TRANS,MANUA",UNIDAD,1,0,0,1,0,0,1,GENERAL,0,0,0,0,0,1,05495,0,0
1,HS3128BASESPA ALARMA DE 128 ZONAS CON TRANSFORMADO,UNIDAD,1,0,0,1,0,0,1,GENERAL,0,0,0,0,0,1,05778,0,0
1,HS65WPSNA ADAPTADOR DE CORRIENTE,UNIDAD,1,0,0,1,0,0,1,GENERAL,0,0,0,0,0,1,05498,0,0
1,HSC3010C GABINETE POWERSERIES PRO BEIGE,UNIDAD,1,0,0,1,0,0,1,GENERAL,0,0,0,0,0,1,05544,0,0
1,HSC3020C 2 EA GRADE 3 METAL CABINET459MMX414MM 4.3,UNIDAD,1,0,0,1,0,0,1,GENERAL,0,0,0,0,0,1,05671,0,0
1,HSGW DT41  CENTRAL CLIMAX INALAMBRICA GEN2,UNIDAD,1,0,0,1,0,0,1,GENERAL,0,0,0,0,0,1,06600,0,0
1,HSM2208 MODULO DE 8 SALIDAS PROGRAMABLES,UNIDAD,1,0,0,1,0,0,1,GENERAL,0,0,0,0,0,1,05726,0,0
1,HSM3204CXI MODULO DE 4 SALIDAS PROGRAMABLES PRO,UNIDAD,1,0,0,1,0,0,1,GENERAL,0,0,0,0,0,1,05779,0,0
1,HSM3204CXPCB MODULO FUENTE DE PODER 2A CON 4 SALID,UNIDAD,1,0,0,1,0,0,1,GENERAL,0,0,0,0,0,1,06740,0,0
1,HSM3408 EXPANSOR DE 8 ZONAS,UNIDAD,1,0,0,1,0,0,1,GENERAL,0,0,0,0,0,1,06739,0,0
1,HUBS-CON LOGO IMPRESO,UNIDAD,1,0,0,1,0,0,1,GENERAL,0,0,0,0,0,1,04605,0,0
1,HULE PARA MACILLAR SPLUSHIN,UNIDAD,1,0,0,1,0,0,1,GENERAL,0,0,0,0,0,1,03597,0,0
1,HULES,BOLSA,1,0,0,1,0,0,1,GENERAL,0,0,0,0,0,1,338,0,0
1,HUMO DETECTOR DE 4 HILOS EVERDAY,UNIDAD,1,0,0,1,0,0,1,GENERAL,0,0,0,0,0,1,0669,0,0
1,HUMO DETECTORES 4W-B,UNIDAD,1,0,0,1,0,0,1,GENERAL,0,0,0,0,0,1,05383,0,0
1,HUMODETECTOR SERIE 5809,UNIDAD,1,0,0,1,0,0,1,GENERAL,0,0,0,0,0,1,04284,0,0
1,HW-4002-EC01 CABLE DE EXTENSION PARA CAMARA ME40-0,UNIDAD,1,0,0,1,0,0,1,GENERAL,0,0,0,0,0,1,06483,0,0
1,HW-CC-B4M4 CABLE CONVERTIDOR BMW HEMBRA DE 4 PINES,UNIDAD,1,0,0,1,0,0,1,GENERAL,0,0,0,0,0,1,06489,0,0
1,HW-DJC-9 CABLE AVIACION 4PIN 9 METRO (MACHO-HEMBRA,UNIDAD,1,0,0,1,0,0,1,GENERAL,0,0,0,0,0,1,06488,0,0
1,HW-TF-128 TARJETA TF DE 128GB,UNIDAD,1,0,0,1,0,0,1,GENERAL,0,0,0,0,0,1,06484,0,0
1,HW-TF2-128  TARJETA TF DE 128GB,UNIDAD,1,0,0,1,0,0,1,GENERAL,0,0,0,0,0,1,06486,0,0
1,HW-USB-CA CONVERTIDOR USB PARA CONFIGURACION,UNIDAD,1,0,0,1,0,0,1,GENERAL,0,0,0,0,0,1,06490,0,0
1,IC-R10-K-SE HID ICLASS R10 SE READER,UNIDAD,1,0,0,1,0,0,1,GENERAL,0,0,0,0,0,1,06080,0,0
1,ID THIN CARD HOLE TARJETA RFID DELGADA FRECUENCIA,UNIDAD,1,0,0,1,0,0,1,GENERAL,0,0,0,0,0,1,06692,0,0
1,"ID-CARDG TARJETA DE PROXIMIDAD, GRUESA ZKTECO",UNIDAD,1,0,0,1,0,0,1,GENERAL,0,0,0,0,0,1,05742,0,0
1,IDENTIFICADOR DE CABLE,UNIDAD,1,0,0,1,0,0,1,GENERAL,0,0,0,0,0,1,03642,0,0
1,IDENTIFICADOR DE CABLE,UNIDAD,1,0,0,1,0,0,1,GENERAL,0,0,0,0,0,1,04001,0,0
1,IDS-2CD7A26G0/P-IZHS CAMARA PARA LPR,UNIDAD,1,0,0,1,0,0,1,GENERAL,0,0,0,0,0,1,05751,0,0
1,IDS-7216HUHI-M2/XT DVR ACUSENSE DE 16 CANALES,UNIDAD,1,0,0,1,0,0,1,GENERAL,0,0,0,0,0,1,06637,0,0
1,IDS-TCW403-BI/GK/0411 CAMARA DE MONITOREO INTELIGE,UNIDAD,1,0,0,1,0,0,1,GENERAL,0,0,0,0,0,1,06519,0,0
1,IES02-B12-BI04 CAMARA BALA ILUSTRA BALA,UNIDAD,1,0,0,1,0,0,1,GENERAL,0,0,0,0,0,1,05860,0,0
1,IES02-D10-OI04 CAMARA ILLUSTRA ESSENTIALS MINIDOMO,UNIDAD,1,0,0,1,0,0,1,GENERAL,0,0,0,0,0,1,05709,0,0
1,IES02-D12-OI04 ILLUSTRA ESSENTIALS 2MP DOME,UNIDAD,1,0,0,1,0,0,1,GENERAL,0,0,0,0,0,1,05579,0,0
1,IES02D1OCWIYB CAMARA TIPO DOMO DE 2 MP ILLUSTRA,UNIDAD,1,0,0,1,0,0,1,GENERAL,0,0,0,0,0,1,06194,0,0
1,IFS03-B21-OI03 ILLUSTRA FLEX G3 BULLET DE 3 MP,UNIDAD,1,0,0,1,0,0,1,GENERAL,0,0,0,0,0,1,05772,0,0
1,IFS03-D21-OI03 ILLUSTRA FLEX G3 MINIDOME DE 3 MP,UNIDAD,1,0,0,1,0,0,1,GENERAL,0,0,0,0,0,1,05771,0,0
1,IMAN PARA MAGNETICO 5816,UNIDAD,1,0,0,1,0,0,1,GENERAL,0,0,0,0,0,1,02028,0,0
1,IMPAC: LENTE AUTO IRIS,UNIDAD,1,0,0,1,0,0,1,GENERAL,0,0,0,0,0,1,0285,0,0
1,IMPORTE: JUSTICK CONTROL DE CAMARA INTEL,UNIDAD,1,0,0,1,0,0,1,GENERAL,0,0,0,0,0,1,0321,0,0
1,IMPRESION DIGITAL DE 8 BANERS,UNIDAD,1,0,0,1,0,0,1,GENERAL,0,0,0,0,0,1,111,0,0
1,IMPRESIONES FULL CORLOR,UNIDAD,1,0,0,1,0,0,1,GENERAL,0,0,0,0,0,1,485,0,0
1,IMPRESO MULTIFUNCIONAL CANON MG-2410,UNIDAD,1,0,0,1,0,0,1,GENERAL,0,0,0,0,0,1,922,0,0
1,IMPRESORA CANON IP2700,UNIDAD,1,0,0,1,0,0,1,GENERAL,0,0,0,0,0,1,513,0,0
1,IMPRESORA EPSON FX2190II,UNIDAD,1,0,0,1,0,0,1,GENERAL,0,0,0,0,0,1,06089,0,0
1,IMPRESORA EPSON FX-890,UNIDAD,1,0,0,1,0,0,1,GENERAL,0,0,0,0,0,1,1,0,0
1,IMPRESORA EPSON MULTIFUNCIONAL TX620FW,UNIDAD,1,0,0,1,0,0,1,GENERAL,0,0,0,0,0,1,514,0,0
1,IMPRESORA HP INKJET D100,UNIDAD,1,0,0,1,0,0,1,GENERAL,0,0,0,0,0,1,628,0,0
1,IMPRESORA MODULAR D/TARJ.PVC SMART30SK,UNIDAD,1,0,0,1,0,0,1,GENERAL,0,0,0,0,0,1,04211,0,0
1,IMPRESORA MONO CROMATICA PIXMA GM2010,UNIDAD,1,0,0,1,0,0,1,GENERAL,0,0,0,0,0,1,05905,0,0
1,IMPRESORA MULTIFUNCIONAL CANON G2170,UNIDAD,1,0,0,1,0,0,1,GENERAL,0,0,0,0,0,1,7,0,0
1,IMPRESORA MULTIFUNCIONAL HP 15906,UNIDAD,1,0,0,1,0,0,1,GENERAL,0,0,0,0,0,1,28,0,0
1,IMPRESORAS MULTIFUNCIONALES EPSON ENERG,UNIDAD,1,0,0,1,0,0,1,GENERAL,0,0,0,0,0,1,05652,0,0
1,IMPREVISTOS,SRV,3,0,0,0,0,0,4,GENERAL,0,0,0,0,0,1,IMPRE01,0,0
1,IMPREVISTOS RECURRENTES,SRV,3,0,0,0,0,0,4,GENERAL,0,0,0,0,0,1,IMPRE02,0,0
1,INDEMNIZACION PERSONAL ESTANDAR,SRV,3,0,0,1,1,0,3,GENERAL,0,0,0,0,0,1,IC0131,0,0
1,INDEX TAB,CAJA,1,0,0,1,0,0,1,GENERAL,0,0,0,0,0,1,427,0,0
1,INDOOR AND OUTDOOR WALL MOUNT PARA PTZ HONEYWELL,UNIDAD,1,0,0,1,0,0,1,GENERAL,0,0,0,0,0,1,05020,0,0
1,"INDOOR HOUSING , 360MM, 410MM WITH SUNSH",UNIDAD,1,0,0,1,0,0,1,GENERAL,0,0,0,0,0,1,0926,0,0
1,"INDOOR HOUSING, 360MM, 410MM WITH SUNSHI",UNIDAD,1,0,0,1,0,0,1,GENERAL,0,0,0,0,0,1,0764,0,0
1,INMOVILIZADOR DE BRAZO,UNIDAD,1,0,0,1,0,0,1,GENERAL,0,0,0,0,0,1,0014,0,0
1,INMOVILIZADOR DE CUELLO,UNIDAD,1,0,0,1,0,0,1,GENERAL,0,0,0,0,0,1,0013,0,0
1,INMOVILIZADOR DE PIERNA,UNIDAD,1,0,0,1,0,0,1,GENERAL,0,0,0,0,0,1,0015,0,0
1,INSECTICIDA PARA ZANCUDOS EN AEROSOL 400 ML,UNIDAD,1,0,0,1,0,0,1,GENERAL,0,0,0,0,0,1,00640,0,0
1,INSECTICIDA RAID MAX LATA 400 ML,UNDIAD,1,0,0,1,0,0,1,GENERAL,0,0,0,0,0,1,0640,0,0
1,INSTALACION,INST,3,0,0,1,0,0,99,GENERAL,0,0,0,0,0,1,INSTALA,0,0
1,INSTALACION 2 TR. FIBRA OPTICA 8 CONECT.,SERVICIO,1,0,0,1,0,0,1,GENERAL,0,0,0,0,0,1,0859,0,0
1,INSTALACION DE APP-GPS SMARTPHONE,UNIDAD,1,0,0,1,0,0,1,GENERAL,0,0,0,0,0,1,05250,0,0
1,INSTALACION DE CABLE,SERVICIOS,1,0,0,1,0,0,1,GENERAL,0,0,0,0,0,1,0872,0,0
1,INSTALACION DE FIBRA OPTICA,UNIDAD,1,0,0,1,0,0,1,GENERAL,0,0,0,0,0,1,01196,0,0
1,INSTALACION DE SERVICIOS,UNIDAD,1,0,0,1,0,0,1,GENERAL,0,0,0,0,0,1,0869,0,0
1,INSTALACION DE SPLIT BTU/H,UNIDAD,1,0,0,1,0,0,1,GENERAL,0,0,0,0,0,1,200,0,0
1,INSTALACION DE TUBERIA,SERVICIO,1,0,0,1,0,0,1,GENERAL,0,0,0,0,0,1,0861,0,0
1,INSTALACION GPS,,3,0,0,1,0,0,0,GENERAL,0,0,0,0,0,1,GPS002,0,0
1,INSTALACION MULTIMAX,,3,0,0,1,0,0,0,GENERAL,0,0,0,0,0,1,MMAX03,0,0
1,INSTRUMENTO DE MEDICION TIPO VERNIER 7 PULGADAS,UNIDAD,1,0,0,1,0,0,1,GENERAL,0,0,0,0,0,1,05744,0,0
1,INTEGRACION DE SOFTWARE VICTOR ADVC-NEO,UNIDAD,1,0,0,1,0,0,1,GENERAL,0,0,0,0,0,1,04700,0,0
1,INTEGRACION DE SOFTWARE VICTOR ADVC-SURGARD,UNIDAD,1,0,0,1,0,0,1,GENERAL,0,0,0,0,0,1,04701,0,0
1,INTEGRATE SECURITY VMS SOFTWARE 128 DVR,UNIDAD,1,0,0,1,0,0,1,GENERAL,0,0,0,0,0,1,04704,0,0
1,INTELL26ZIR METAL DETECTOR DOOR 6 ZONES W/IR,UNIDAD,1,0,0,1,0,0,1,GENERAL,0,0,0,0,0,1,06218,0,0
1,INTERCOMUNICADOR PARA VENTANILLA INT-300,UNIDAD,1,0,0,1,0,0,1,GENERAL,0,0,0,0,0,1,02077,0,0
1,INTERCOMUNICADOR SET VIDEO JKS-1AEDF,UNIDAD,1,0,0,1,0,0,1,GENERAL,0,0,0,0,0,1,03003,0,0
1,INTERFACE DE CONEXION DIRECTA-307USB,UNIDAD,1,0,0,1,0,0,1,GENERAL,0,0,0,0,0,1,03140,0,0
1,INTERFACE NETWORK UDS1100,UNIDAD,1,0,0,1,0,0,1,GENERAL,0,0,0,0,0,1,02004,0,0
1,INTERFACE P/DETEC DE TARJETAS ATM,UNIDAD,1,0,0,1,0,0,1,GENERAL,0,0,0,0,0,1,0959,0,0
1,INTERFASE LCL-11A P/APLICACIONES P/ALARM,UNIDAD,1,0,0,1,0,0,1,GENERAL,0,0,0,0,0,1,04146,0,0
1,INTERFASE SERIAL 4100SM,UNIDAD,1,0,0,1,0,0,1,GENERAL,0,0,0,0,0,1,06150,0,0
1,INTERGRATED SECURITY ISSEXPERT128CH PARA 128 DVR,UNIDAD,1,0,0,1,0,0,1,GENERAL,0,0,0,0,0,1,04703,0,0
1,INTERNET AN GSM COMUNICADOR IGSMV4G,UNIDAD,1,0,0,1,0,0,1,GENERAL,0,0,0,0,0,1,05055,0,0
1,INTERNET COMUNICADOR 78471E,UNIDAD,1,0,0,1,0,0,1,GENERAL,0,0,0,0,0,1,04568,0,0
1,INTERRUPTOR CON PLACA BTICINO,UNIDAD,1,0,0,1,0,0,1,GENERAL,0,0,0,0,0,1,0904,0,0
1,INTERRUPTOR DE 3 TIEMPOS DE PALANCA,UNIDAD,1,0,0,1,0,0,1,GENERAL,0,0,0,0,0,1,03521,0,0
1,INTERRUPTOR P/SOBREPONER AGUILA,UNIDAD,1,0,0,1,0,0,1,GENERAL,0,0,0,0,0,1,03708,0,0
1,INTERRUPTORES SENCILLOS DOBLE PLACA,UNIDAD,1,0,0,1,0,0,1,GENERAL,0,0,0,0,0,1,03999,0,0
1,INVERSOR DE CORRIENTE 1000 WATTS,UNIDAD,1,0,0,1,0,0,1,GENERAL,0,0,0,0,0,1,2089,0,0
1,INVESTIGACIONES,,3,0,0,0,0,0,0,GENERAL,0,0,0,0,0,1,SRV0318,0,0
1,INX-10A EXPANSOR DE NAC/FUENTE DE PODER INTELIGENT,UNIDAD,1,0,0,1,0,0,1,GENERAL,0,0,0,0,0,1,06440,0,0
1,INYECTOR POE -24-AF5X UBIQUITI,UNIDAD,1,0,0,1,0,0,1,GENERAL,0,0,0,0,0,1,05915,0,0
1,INYECTOR POE-24V-24W PUERTO GIGABIT,UNIDAD,1,0,0,1,0,0,1,GENERAL,0,0,0,0,0,1,03507,0,0
1,INYECTOR POE30G-AT,UNIDAD,1,0,0,1,0,0,1,GENERAL,0,0,0,0,0,1,05625,0,0
1,IO EXTENSOR (INCL MHUB ANALOG CABLE),UNIDAD,1,0,0,1,0,0,1,GENERAL,0,0,0,0,0,1,03670,0,0
1,"IP ALL IN ONE CAMERA,FIXED, GIU20L-VFIR",UNIDAD,1,0,0,1,0,0,1,GENERAL,0,0,0,0,0,1,04260,0,0
1,IP BULLET 2MP FIXES LEMS3.3 MM IP66 DCE3212WRX,UNIDAD,1,0,0,1,0,0,1,GENERAL,0,0,0,0,0,1,05225,0,0
1,"IP CAM ALL IN ONE,FD,2MEGAP.GIU20L-VFIR",UNIDAD,1,0,0,1,0,0,1,GENERAL,0,0,0,0,0,1,03718,0,0
1,IP CAMARA ALL IN ONE 2MP GNU20L,UNIDAD,1,0,0,1,0,0,1,GENERAL,0,0,0,0,0,1,03716,0,0
1,"IP CAMARA, 2 MEGAPIXELES GIC20M",UNIDAD,1,0,0,1,0,0,1,GENERAL,0,0,0,0,0,1,03712,0,0
1,"IP DOME CAM,1MEGAP. 4MM LENS GID10L-PF",UNIDAD,1,0,0,1,0,0,1,GENERAL,0,0,0,0,0,1,03714,0,0
1,"IP DOME,IR,2 MEGAPIXEL,4.3MM GID20L-PFIR",UNIDAD,1,0,0,1,0,0,1,GENERAL,0,0,0,0,0,1,04258,0,0
1,"IP DOME,IR,2 MEGAPIXEL,GID20M-PZIR",UNIDAD,1,0,0,1,0,0,1,GENERAL,0,0,0,0,0,1,04259,0,0
1,IP INTERFACE MODULE,UNIDAD,1,0,0,1,0,0,1,GENERAL,0,0,0,0,0,1,04524,0,0
1,"IP, DOME, IR, I MEGAPIXEL GID10-IR",UNIDAD,1,0,0,1,0,0,1,GENERAL,0,0,0,0,0,1,04261,0,0
1,IP02-02T-GP04 RABADOR DE 8 CANALES CON 2TB DE DISC,UNIDAD,1,0,0,1,0,0,1,GENERAL,0,0,0,0,0,1,05873,0,0
1,IP04-02T-GP08 GRABADOR POE DE ESCRITORIO CON 8 PUE,UNIDAD,1,0,0,1,0,0,1,GENERAL,0,0,0,0,0,1,05708,0,0
1,IP04-02T-LC EXACQ SERVIDOR DE VIDEO IP 16CH,UNIDAD,1,0,0,1,0,0,1,GENERAL,0,0,0,0,0,1,06193,0,0
1,IP04-04T-GP16 GRABADOR POE DE ESCRITORIO CON 16 PU,UNIDAD,1,0,0,1,0,0,1,GENERAL,0,0,0,0,0,1,05707,0,0
1,IP04-04T-LC GRABADOR DE 16 CANALES IP CON 4TB DE,UNIDAD,1,0,0,1,0,0,1,GENERAL,0,0,0,0,0,1,05874,0,0
1,IPCAM-WI2 CAMARA IP WIRELESS IPCAM,UNIDAD,1,0,0,1,0,0,1,GENERAL,0,0,0,0,0,1,05690,0,0
1,IPC-EB5500 CAMARA DOMO IP 5MP FISH EYE DAHUA,UNIDAD,1,0,0,1,0,0,1,GENERAL,0,0,0,0,0,1,05273,0,0
1,IPS03D2ISWIT CAMARA 3MP MINI DOMO,UNIDAD,1,0,0,1,0,0,1,GENERAL,0,0,0,0,0,1,05552,0,0
1,IPS-1220-D18 FUENTE DE PODER 18CH INVIDTECH,UNIDAD,1,0,0,1,0,0,1,GENERAL,0,0,0,0,0,1,05131,0,0
1,IQP4358 PANEL DE ALARMA IQ4 POWERG DE 915 MHZ,UNIDAD,1,0,0,1,0,0,1,GENERAL,0,0,0,0,0,1,06641,0,0
1,IQPH358 PANEL IQ4 HUB - 915MHZ,UNIDAD,1,0,0,1,0,0,1,GENERAL,0,0,0,0,0,1,06642,0,0
1,IQPK375 PANEL IQ4 NS - 915MHZ,UNIDAD,1,0,0,1,0,0,1,GENERAL,0,0,0,0,0,1,06643,0,0
1,IR-20B-S CERRADURA DE CONTENEDOR,UNIDAD,1,0,0,1,0,0,1,GENERAL,0,0,0,0,0,1,06462,0,0
1,IR-20B-S CERRADURA DE CONTENEDOR OPEN KEY-SET-MAST,UNIDAD,1,0,0,1,0,0,1,GENERAL,0,0,0,0,0,1,06465,0,0
1,IR-35SL-F1 DETECTOR PIR V?A RADIO VESTA. COBERTURA,UNIDAD,1,0,0,1,0,0,1,GENERAL,0,0,0,0,0,1,06614,0,0
1,IRAGS-35SL-F1-433 DETECTOR PIR Y DE ROTURA DE CRIS,UNIDAD,1,0,0,1,0,0,1,GENERAL,0,0,0,0,0,1,06615,0,0
1,IRMP-23-F1 DETECTOR VIA RADIO DE DOBLE TECNOLOGIA,UNIDAD,1,0,0,1,0,0,1,GENERAL,0,0,0,0,0,1,06616,0,0
1,"ISC-BPR2- WP12  DETECTOR MOVIMIENTO, APTO MASCOTAS",UNIDAD,1,0,0,1,0,0,1,GENERAL,0,0,0,0,0,1,06454,0,0
1,"ISN-C60-W CONTACTO DELGADO, CONEXIÓN RAPIDA 10 PZS",UNIDAD,1,0,0,1,0,0,1,GENERAL,0,0,0,0,0,1,06358,0,0
1,ITEMS ADICIONALES (AG),SRV,3,0,0,0,1,0,99,GENERAL,0,0,0,0,0,1,IC0250,0,0
1,JABON DE MANOS,GALON,1,0,0,1,0,0,1,GENERAL,0,0,0,0,0,1,472,0,0
1,JABON PARA PLATOS,UNIDAD,1,0,0,1,0,0,1,GENERAL,0,0,0,0,0,1,04629,0,0
1,JABONERA EN CARTUCHO P/JABON GEL,UNIDAD,1,0,0,1,0,0,1,GENERAL,0,0,0,0,0,1,04784,0,0
1,JABRA SPEAKER 510,UNIDAD,1,0,0,1,0,0,1,GENERAL,0,0,0,0,0,1,05148,0,0
1,JACK RJ45,UNIDAD,1,0,0,1,0,0,1,GENERAL,0,0,0,0,0,1,3065,0,0
1,JD-6TP JUEGO DE 6 DESARMADORES MANGO,UNIDAD,1,0,0,1,0,0,1,GENERAL,0,0,0,0,0,1,0848,0,0
1,JEFE GRUPO (AG),SRV,3,1,0,1,1,0,99,GENERAL,0,0,0,0,0,1,PERS002,0,0
1,JGO DE 10 DESARMADORES,UNIDAD,1,0,0,1,0,0,1,GENERAL,0,0,0,0,0,1,03021,0,0
1,JGO. DE MINIPINZAS MANGO BIC,UNIDAD,1,0,0,1,0,0,1,GENERAL,0,0,0,0,0,1,03019,0,0
1,JGO. PUNTAS P/DESAR. 100 PZS,JUEGO,1,0,0,1,0,0,1,GENERAL,0,0,0,0,0,1,03020,0,0
1,JOYSTICS. CONTROL PARA DOMUS PTZ,UNIDAD,1,0,0,1,0,0,1,GENERAL,0,0,0,0,0,1,02087,0,0
1,JT701 DISPOSITIVO DE BLOQUEO DE SEGUIMIENTO INTELI,UNIDAD,1,0,0,1,0,0,1,GENERAL,0,0,0,0,0,1,05508,0,0
1,JT701D DISPOSITIVO ELECTRONICO 4G+CUERDA DE BLOQUE,UNIDAD,1,0,0,1,0,0,1,GENERAL,0,0,0,0,0,1,06335,0,0
1,JT705  INTELLIGENT TRACKING LOCK AND ACCESORIES,UNIDAD,1,0,0,1,0,0,1,GENERAL,0,0,0,0,0,1,05661,0,0
1,JT705A 4G INTELLIGENT ELECTRONIC LOCK,UNIDAD,1,0,0,1,0,0,1,GENERAL,0,0,0,0,0,1,05638,0,0
1,JUEGO 12 PZS. LLAVE COLA CORONA 7-19MM S,UNIDAD,1,0,0,1,0,0,1,GENERAL,0,0,0,0,0,1,824,0,0
1,JUEGO 20 PZS. LLAVES ALLEN STANLEY 69-25,UNIDAD,1,0,0,1,0,0,1,GENERAL,0,0,0,0,0,1,800,0,0
1,JUEGO 6 PZS. DESTORNILLADOR STANLEY PRO,UNIDAD,1,0,0,1,0,0,1,GENERAL,0,0,0,0,0,1,798,0,0
1,JUEGO DADOS/PUNTAS/DESARM,UNIDAD,1,0,0,1,0,0,1,GENERAL,0,0,0,0,0,1,03017,0,0
1,JUEGO DE AUTORIZACION DE CREDITO,UNIDAD,1,0,0,1,0,0,1,GENERAL,0,0,0,0,0,1,128,0,0
1,JUEGO DE AUTORIZACION DE DEBITO,UNIDAD,1,0,0,1,0,0,1,GENERAL,0,0,0,0,0,1,126,0,0
1,JUEGO DE AUTORIZACION DE DEBITO CLIENTES,UNIDAD,1,0,0,1,0,0,1,GENERAL,0,0,0,0,0,1,127,0,0
1,JUEGO DE BROCA TIPO TROMPO,UNIDAD,1,0,0,1,0,0,1,GENERAL,0,0,0,0,0,1,05331,0,0
1,JUEGO DE CARTAPACIOS,JUEGO,1,0,0,1,0,0,1,GENERAL,0,0,0,0,0,1,463,0,0
1,JUEGO DE COPAS MM RAIZ 3/8 STANLEY,UNIDAD,1,0,0,1,0,0,1,GENERAL,0,0,0,0,0,1,03634,0,0
1,JUEGO DE DADOS CON PUNTA TORX MANDO 3/8 7 PIEZAS,JUEGO,1,0,0,1,0,0,1,GENERAL,0,0,0,0,0,1,06341,0,0
1,JUEGO DE DESARMADORES DE JOYERO 8E,UNIDAD,1,0,0,1,0,0,1,GENERAL,0,0,0,0,0,1,0975,0,0
1,JUEGO DE LLAVES ALLEN,UNIDAD,1,0,0,1,0,0,1,GENERAL,0,0,0,0,0,1,0857,0,0
1,JUEGO DE LLAVES ALLEN TIPO NAVAJA TRUPER,UNIDAD,1,0,0,1,0,0,1,GENERAL,0,0,0,0,0,1,03636,0,0
1,JUEGO DE LLAVES COLA CORONA DE 10-17 RO,UNIDAD,1,0,0,1,0,0,1,GENERAL,0,0,0,0,0,1,03635,0,0
1,JUEGO DE LLAVES COMBINADAS,UNIDAD,1,0,0,1,0,0,1,GENERAL,0,0,0,0,0,1,03016,0,0
1,JUEGO DE LLAVES DE COPAS,JUEGO,1,0,0,1,0,0,1,GENERAL,0,0,0,0,0,1,03023,0,0
1,JUEGO DE LLAVES TORX TIPO NAVAJA TRUPER,UNIDAD,1,0,0,1,0,0,1,GENERAL,0,0,0,0,0,1,03637,0,0
1,JUEGO DE PLACAS HDMI C/EXTENSOR POR C,UNIDAD,1,0,0,1,0,0,1,GENERAL,0,0,0,0,0,1,04163,0,0
1,JUEGO DE PONCHADORES 1/2 A 1 1/4 GB,JUEGO,1,0,0,1,0,0,1,GENERAL,0,0,0,0,0,1,0979,0,0
1,JUEGO DE PUNTAS DESARMADOR TRU020,KIT,1,0,0,1,0,0,1,GENERAL,0,0,0,0,0,1,03452,0,0
1,JUEGO DE PUNTAS DESARMADOR TRU047,KIT,1,0,0,1,0,0,1,GENERAL,0,0,0,0,0,1,03454,0,0
1,JUEGO DE REPARACION ELECTRONICA 77 PIEZAS,UNIDAD,1,0,0,1,0,0,1,GENERAL,0,0,0,0,0,1,06646,0,0
1,JUEGO DE TAZAS CON PORCELANA,JUEGO,1,0,0,1,0,0,1,GENERAL,0,0,0,0,0,1,586,0,0
1,JUEGO DESTORNILLADOR PARA RELOJERO,UNIDAD,1,0,0,1,0,0,1,GENERAL,0,0,0,0,0,1,799,0,0
1,JUEGO DESTORNILLADOR STANLEY 4 PZS. 69-1,UNIDAD,1,0,0,1,0,0,1,GENERAL,0,0,0,0,0,1,818,0,0
1,"JUEGO LLAVES TORX TIPO ""L""",UNIDAD,1,0,0,1,0,0,1,GENERAL,0,0,0,0,0,1,0856,0,0
1,JUEGO RACHET COPA EXT 13/16,UNIDAD,1,0,0,1,0,0,1,GENERAL,0,0,0,0,0,1,05017,0,0
1,JUEGOS DE CONTRASEÑAS,MILLAR,1,0,0,1,0,0,1,GENERAL,0,0,0,0,0,1,119,0,0
1,JUEGOS DE CUBIERTOS DE  PIEZAS,UNIDAD,1,0,0,1,0,0,1,GENERAL,0,0,0,0,0,1,600,0,0
1,KANTECH TR1675 TRANSFORMADOR,UNIDAD,1,0,0,1,0,0,1,GENERAL,0,0,0,0,0,1,06162,0,0
1,KAPETCH: CAMARA LED INFRAROJOS,UNIDAD,1,0,0,1,0,0,1,GENERAL,0,0,0,0,0,1,0278,0,0
1,KASPERSKY ANTI VIRUS 2014 10U.,UNIDAD,1,0,0,1,0,0,1,GENERAL,0,0,0,0,0,1,777,0,0
1,KASPERSKY ANTI VIRUS 2014 5U,UNIDAD,1,0,0,1,0,0,1,GENERAL,0,0,0,0,0,1,778,0,0
1,"KEY-SET- S JUEGO DE LLAVES - S,  INCLUYE 2 LLAVES",UNIDAD,1,0,0,1,0,0,1,GENERAL,0,0,0,0,0,1,06460,0,0
1,KEY-SET-MASTER JUEGO DE LLAVES MAESTRO WAR-LOK,UNIDAD,1,0,0,1,0,0,1,GENERAL,0,0,0,0,0,1,06461,0,0
1,"K-FLEX 1.5/6"" CABLE SEALS(DISPONSABLE)",UNIDAD,1,0,0,1,0,0,1,GENERAL,0,0,0,0,0,1,04074,0,0
1,KIT 16 CAMARAS BULLET DVR 16,UNIDAD,1,0,0,1,0,0,1,GENERAL,0,0,0,0,0,1,05613,0,0
1,KIT 1DVR 8 + 8 CAM VARIFOCALES 1080P,UNIDAD,1,0,0,1,0,0,1,GENERAL,0,0,0,0,0,1,05578,0,0
1,KIT 20 METROS DE CABLE,KIT,1,0,0,1,0,0,1,GENERAL,0,0,0,0,0,1,03480,0,0
1,"KIT 4 CAMARAS BULLET DVR 8 CANALES,DISCO DURO4TERA",KIT,1,0,0,1,0,0,1,GENERAL,0,0,0,0,0,1,100,0,0
1,"KIT 4 CAMARAS IP66IR, CONECTOR,TRAS.DVR, DISCO",UNIDAD,1,0,0,1,0,0,1,GENERAL,0,0,0,0,0,1,05622,0,0
1,"KIT 4 CCTV BALA 2MP, 1 DVR 4 CH, 1 DISCO INTE 2TB",UNIDAD,1,0,0,1,0,0,1,GENERAL,0,0,0,0,0,1,06246,0,0
1,"KIT 5 CAMARAS BULLET ,DVR 8 ,DISCO 2TB",UNIDAD,1,0,0,1,0,0,1,GENERAL,0,0,0,0,0,1,05519,0,0
1,"KIT 6 CAMARA BULLET, 1 DVR 8 CANALES, 1 DISCO 2TB",UNIDAD,1,0,0,1,0,0,1,GENERAL,0,0,0,0,0,1,05531,0,0
1,KIT 7 CAMARAS BULLET DVR 8CH DISCO 2 TERAS,KIT,1,0,0,1,0,0,1,GENERAL,0,0,0,0,0,1,05861,0,0
1,"KIT 8 CAMARA TIPO BALA,DVR DE 8 CANAL Y DISCO 1TB",UNIDAD,1,0,0,1,0,0,1,GENERAL,0,0,0,0,0,1,05637,0,0
1,KIT ACCESORIO P/MONITOREO CCTV KT058XGT9,UNIDAD,1,0,0,1,0,0,1,GENERAL,0,0,0,0,0,1,04189,0,0
1,KIT ACCESORIO P/MONITOREO KT058XGT98 CCT,UNIDAD,1,0,0,1,0,0,1,GENERAL,0,0,0,0,0,1,04186,0,0
1,KIT ALARMA PIMA CON GPRS HUNTER 8 + RX9,UNIDAD,1,0,0,1,0,0,1,GENERAL,0,0,0,0,0,1,03879,0,0
1,KIT ALARMA Y TECLADO 8 ZONAS DSC (PC1832CLC11SPA),UNIDAD,1,0,0,1,0,0,1,GENERAL,0,0,0,0,0,1,04935,0,0
1,KIT ANTENA EXTERNA MAGNETICA,UNIDAD,1,0,0,1,0,0,1,GENERAL,0,0,0,0,0,1,KITMHB5800,0,0
1,"KIT BARRERA DX, BRAZO, CALCOMANIA",UNIDAD,1,0,0,1,0,0,1,GENERAL,0,0,0,0,0,1,04167,0,0
1,KIT BASICO PCB SP4000 4 A 32 ZONAS,UNIDAD,1,0,0,1,0,0,1,GENERAL,0,0,0,0,0,1,04036,0,0
1,KIT CABLES P/PASAR CORRIENTE AUTO,UNIDAD,1,0,0,1,0,0,1,GENERAL,0,0,0,0,0,1,864,0,0
1,KIT CCTV 4 CAMARAS RE CON ACCESORIOS,UNIDAD,1,0,0,1,0,0,1,GENERAL,0,0,0,0,0,1,2090,0,0
1,KIT CCTV 4 CH DISCO 1TB  PROMO,KIT,1,0,0,1,0,0,1,GENERAL,0,0,0,0,0,1,04604,0,0
1,KIT CHAPA ELECT + BASE Z+BASE L 600LBS,UNIDAD,1,0,0,1,0,0,1,GENERAL,0,0,0,0,0,1,05151,0,0
1,KIT CHAPA MONTAJE Z Y L ELECTROMAGNETICA 300 LBS.,KIT,1,0,0,1,0,0,1,GENERAL,0,0,0,0,0,1,06316,0,0
1,KIT CHAPA MONTAJE Z Y L ELECTROMAGNETICA 350 LBS.,UNIDAD,1,0,0,1,0,0,1,GENERAL,0,0,0,0,0,1,0935,0,0
1,KIT COMPLETO DE CERCA ELECTRICA YONUSA,UNIDAD,1,0,0,1,0,0,1,GENERAL,0,0,0,0,0,1,04968,0,0
1,KIT CONSOLA MG6250 S/DCT10,UNIDAD,1,0,0,1,0,0,1,GENERAL,0,0,0,0,0,1,04396,0,0
1,KIT CONTROL DE ACCESO 2  LECT SOFTWARE,UNIDAD,1,0,0,1,0,0,1,GENERAL,0,0,0,0,0,1,0670,0,0
1,KIT CONTROL DE ACCESO CDVI-2DOOREKIT,UNIDAD,1,0,0,1,0,0,1,GENERAL,0,0,0,0,0,1,01092,0,0
1,KIT CONTROL DE ACCESO CDVI-2DOORMIKIT,UNIDAD,1,0,0,1,0,0,1,GENERAL,0,0,0,0,0,1,01091,0,0
1,KIT CONTROL DE RONDAS,KIT,1,0,0,1,0,0,1,GENERAL,0,0,0,0,0,1,0905,0,0
1,KIT CONTROLADOR 2 PUERTA ADC-AC-X1100-2PSE ALARM.C,KIT,1,0,0,1,0,0,1,GENERAL,0,0,0,0,0,1,06499,0,0
1,KIT CTROL ACCESO F19/ID+LTORA BIOMET FR1,UNIDAD,1,0,0,1,0,0,1,GENERAL,0,0,0,0,0,1,03699,0,0
1,KIT D/CINTA D/COLOR Y LIMP.P/IMP.SMART30,UNIDAD,1,0,0,1,0,0,1,GENERAL,0,0,0,0,0,1,04213,0,0
1,KIT DE 12 C?MARAS 1080P DVR16+HHD4TB,UNIDAD,1,0,0,1,0,0,1,GENERAL,0,0,0,0,0,1,05569,0,0
1,KIT DE 16 CANALES BULLET,UNIDAD,1,0,0,1,0,0,1,GENERAL,0,0,0,0,0,1,05489,0,0
1,KIT DE 6  CAMARAS BULLET,UNIDAD,1,0,0,1,0,0,1,GENERAL,0,0,0,0,0,1,05461,0,0
1,KIT DE ALARMA BASICO NEO 8 ZONAS DSC HS2032PCBSPA,UNIDAD,1,0,0,1,0,0,1,GENERAL,0,0,0,0,0,1,05038,0,0
1,KIT DE ALARMA BASICO NEO RMA,UNIDAD,1,0,0,1,0,0,1,GENERAL,0,0,0,0,0,1,05812,0,0
1,KIT DE ALARMA CON PANEL 96 ZONAS DS-PWA96-KIT-WB,UNIDAD,1,0,0,1,0,0,1,GENERAL,0,0,0,0,0,1,06368,0,0
1,KIT DE ALARMA DSC PC1832CLC1SPA,UNIDAD,1,0,0,1,0,0,1,GENERAL,0,0,0,0,0,1,04932,0,0
1,KIT DE ALARMA INALAMBRICO NEO 8 ZONAS,UNIDAD,1,0,0,1,0,0,1,GENERAL,0,0,0,0,0,1,04910,0,0
1,KIT DE ALARMA NEO 8 ZONAS DSC,UNIDAD,1,0,0,1,0,0,1,GENERAL,0,0,0,0,0,1,04499,0,0
1,KIT DE ALARMA NX-4 PANEL W/NX 1508 E-MX,KIT,1,0,0,1,0,0,1,GENERAL,0,0,0,0,0,1,0886,0,0
1,KIT DE ALARMAS CAPTAIN SIN RADIO,KIT,1,0,0,1,0,0,1,GENERAL,0,0,0,0,0,1,0745,0,0
1,KIT DE ALARMAS CAPTAIN TELEFONO+RADIO+BO,KIT,1,0,0,1,0,0,1,GENERAL,0,0,0,0,0,1,0478,0,0
1,KIT DE BOTON DE PANICO + LLAVE DALLAS,KIT,1,0,0,1,0,0,1,GENERAL,0,0,0,0,0,1,03279,0,0
1,KIT DE BOTONES INALAMBRICOS PROP400 (DOS BOTONES),UNIDAD,1,0,0,1,0,0,1,GENERAL,0,0,0,0,0,1,06305,0,0
1,KIT DE CAMARAS CCTV EV-1004 EPCOM HIKVISION,UNIDAD,1,0,0,1,0,0,1,GENERAL,0,0,0,0,0,1,03831,0,0
1,KIT DE CAMARAS DAHUA,UNIDAD,1,0,0,1,0,0,1,GENERAL,0,0,0,0,0,1,05623,0,0
1,KIT DE CCTV 16 CH 1080P,UNIDAD,1,0,0,1,0,0,1,GENERAL,0,0,0,0,0,1,04945,0,0
1,KIT DE CCTV 4 CAMARAS 1080P HIKVISION,UNIDAD,1,0,0,1,0,0,1,GENERAL,0,0,0,0,0,1,05152,0,0
1,KIT DE CCTV 4 CAMARAS 720P DOMO,UNIDAD,1,0,0,1,0,0,1,GENERAL,0,0,0,0,0,1,05160,0,0
1,KIT DE CCTV DE 16 CH 1080P 1TB,UNIDAD,1,0,0,1,0,0,1,GENERAL,0,0,0,0,0,1,04943,0,0
1,KIT DE CCTV EV-1008 EPCOM HIKVISION,UNIDAD,1,0,0,1,0,0,1,GENERAL,0,0,0,0,0,1,03832,0,0
1,KIT DE CCTV EV-1008 HIKVISION ARRENDADO,UNIDAD,1,0,0,1,0,0,1,GENERAL,0,0,0,0,0,1,123,0,0
1,KIT DE CCTV EV-1016 EPCOM HIKVISION,UNIDAD,1,0,0,1,0,0,1,GENERAL,0,0,0,0,0,1,03833,0,0
1,KIT DE CCTV EV-1016 HIKVISION ARRENDADO,UNIDAD,1,0,0,1,0,0,1,GENERAL,0,0,0,0,0,1,129,0,0
1,"KIT DE CHAPA, MONTAJE Z Y L DE 600 LBS MAGLOCK",UNIDA,1,0,0,1,0,0,1,GENERAL,0,0,0,0,0,1,04881,0,0
1,KIT DE FUENTE DE PODER DE 5 AM,KIT,1,0,0,1,0,0,1,GENERAL,0,0,0,0,0,1,03470,0,0
1,KIT DE HUELLA INBIO460/FR1200/ZK7500,UNIDAD,1,0,0,1,0,0,1,GENERAL,0,0,0,0,0,1,04362,0,0
1,KIT DE JUEGO DE ALAS,UNIDAD,1,0,0,1,0,0,1,GENERAL,0,0,0,0,0,1,04942,0,0
1,KIT DE LARGO ALCANCE + LECTORAS,UNIDAD,1,0,0,1,0,0,1,GENERAL,0,0,0,0,0,1,05596,0,0
1,KIT DE LECTORA F22 CON ESCLAVA,UNIDAD,1,0,0,1,0,0,1,GENERAL,0,0,0,0,0,1,05136,0,0
1,KIT DE LIMPIEZ A IMPRESORA MAGICARD,UNIDAD,1,0,0,1,0,0,1,GENERAL,0,0,0,0,0,1,882,0,0
1,KIT DE LIMPIEZA ACTIVANTE Y PEGADO LOCTITE,UNIDAD,1,0,0,1,0,0,1,GENERAL,0,0,0,0,0,1,06045,0,0
1,KIT DE M2150 8RDR IPW PACK,UNIDAD,1,0,0,1,0,0,1,GENERAL,0,0,0,0,0,1,05455,0,0
1,KIT DE MICROFONO PARA GPS,UNIDAD,1,0,0,1,0,0,1,GENERAL,0,0,0,0,0,1,04496,0,0
1,KIT DE MICROFONO Y BOCINA EXTERNA,UNIDAD,1,0,0,1,0,0,1,GENERAL,0,0,0,0,0,1,02043,0,0
1,KIT DE RECEPTOR INALAMBRICO PRO400 RMA,UNIDAD,1,0,0,1,0,0,1,GENERAL,0,0,0,0,0,1,06449,0,0
1,KIT DE REPUESTOS PARA MOLINETE,UNIDAD,1,0,0,1,0,0,1,GENERAL,0,0,0,0,0,1,04941,0,0
1,KIT DE RODILLO,UNIDAD,1,0,0,1,0,0,1,GENERAL,0,0,0,0,0,1,487,0,0
1,KIT DE TECLADO Y MOUSE CABLEADO,UNIDAD,1,0,0,1,0,0,1,GENERAL,0,0,0,0,0,1,05362,0,0
1,KIT DE TERMOENCOGIBLE 328 PIEZAS,UNIDAD,1,0,0,1,0,0,1,GENERAL,0,0,0,0,0,1,06802,0,0
1,KIT DE VALDE DEL LIMPIEZA (3 UNIDADES),KIT,1,0,0,1,0,0,1,GENERAL,0,0,0,0,0,1,44,0,0
1,KIT DE VIDEO BALUM (2 VIDEO BALUM) DAHUA PFM800-E,UNIDAD,1,0,0,1,0,0,1,GENERAL,0,0,0,0,0,1,06299,0,0
1,KIT DE VIDEO BALUM (2 VIDEO BALUM) PIXIS PXI-VB-PT,UNIDAD,1,0,0,1,0,0,1,GENERAL,0,0,0,0,0,1,06298,0,0
1,KIT DE VIDEO PORTERO A COLOR LCD - BANRURAL,UNIDAD,1,0,0,1,0,0,1,GENERAL,0,0,0,0,0,1,05602,0,0
1,KIT DEMO  TC-ED-VS1-G-S,KIT,1,0,0,1,0,0,1,GENERAL,0,0,0,0,0,1,03514,0,0
1,KIT DEMO DE VENTAS CAPTAIN /CON TECLADO,UNIDAD,1,0,0,1,0,0,1,GENERAL,0,0,0,0,0,1,0342,0,0
1,KIT DESMONTADO DE ALARMA CAPTAN ALARMA,UNIDAD,1,0,0,1,0,0,1,GENERAL,0,0,0,0,0,1,0341,0,0
1,KIT DETECTORES DE HUMO CON BASE,KIT,1,0,0,1,0,0,1,GENERAL,0,0,0,0,0,1,03114,0,0
1,KIT DVR ECOLITE+8 CAMARAS 1 FUENTE DE PO,KIT,1,0,0,1,0,0,1,GENERAL,0,0,0,0,0,1,01018,0,0
1,KIT DVR TRANSFORMADORES Y 4 CAMARAS,KIT,1,0,0,1,0,0,1,GENERAL,0,0,0,0,0,1,0519,0,0
1,KIT- DVR-6 CAMARAS R84D3FB3FM18-1T,KIT,1,0,0,1,0,0,1,GENERAL,0,0,0,0,0,1,03306,0,0
1,KIT FUENTE DE PODER 12V,UNIDAD,1,0,0,1,0,0,1,GENERAL,0,0,0,0,0,1,04711,0,0
1,KIT FUENTE DE PODER 2 AMP.,KIT,1,0,0,1,0,0,1,GENERAL,0,0,0,0,0,1,06310,0,0
1,KIT FUENTE DE PODER ADEMCO 2.5 AMPERIOS,KIT,1,0,0,1,0,0,1,GENERAL,0,0,0,0,0,1,0955,0,0
1,KIT FUENTE DE PODER DE 3 AMP,UNIDAD,1,0,0,1,0,0,1,GENERAL,0,0,0,0,0,1,04898,0,0
1,KIT FUENTE DE PODER DE 4 AMP,UNIDAD,1,0,0,1,0,0,1,GENERAL,0,0,0,0,0,1,05231,0,0
1,KIT FUENTE DE PODER DE 5 AMP,UNIDAD,1,0,0,1,0,0,1,GENERAL,0,0,0,0,0,1,06175,0,0
1,KIT FUENTE DE PODER DE 7 AMP,UNIDAD,1,0,0,1,0,0,1,GENERAL,0,0,0,0,0,1,05220,0,0
1,KIT HERRAMIENTA PROSKITS PK-2087A,KIT,1,0,0,1,0,0,1,GENERAL,0,0,0,0,0,1,03612,0,0
1,KIT HUNTER 8 SIN COMUNICADOR PROMO 1,KIT,1,0,0,1,0,0,1,GENERAL,0,0,0,0,0,1,04603,0,0
1,KIT HUNTER PRO 8 +TECLADO RXN400,KIT,1,0,0,1,0,0,1,GENERAL,0,0,0,0,0,1,02056,0,0
1,KIT HUNTER PRO 832,KIT,1,0,0,1,0,0,1,GENERAL,0,0,0,0,0,1,0606,0,0
1,KIT HV 1DVR16 Y 8CAM VARIFOCAL 1080P,UNIDAD,1,0,0,1,0,0,1,GENERAL,0,0,0,0,0,1,06678,0,0
1,KIT IMPASSA 9055 G-RDY/KIT455-SPA(2),UNIDAD,1,0,0,1,0,0,1,GENERAL,0,0,0,0,0,1,04389,0,0
1,KIT IOTEGA DSC,UNIDAD,1,0,0,1,0,0,1,GENERAL,0,0,0,0,0,1,05281,0,0
1,KIT MAGELLAN 6250 COMBO B AUT.,UNIDAD,1,0,0,1,0,0,1,GENERAL,0,0,0,0,0,1,03924,0,0
1,KIT MAGELLAN 6250 INALAMBRICO WVERANO,UNIDAD,1,0,0,1,0,0,1,GENERAL,0,0,0,0,0,1,04400,0,0
1,KIT MAGELLAN INALAMBRICO CON 2 BOTONES,UNIDAD,1,0,0,1,0,0,1,GENERAL,0,0,0,0,0,1,04520,0,0
1,KIT MAGUELLAN 6250 INAL.PROMO2016 SS,UNIDAD,1,0,0,1,0,0,1,GENERAL,0,0,0,0,0,1,04397,0,0
1,KIT PANEL MAGALLAN MG6250 INALAMBRICO,UNIDAD,1,0,0,1,0,0,1,GENERAL,0,0,0,0,0,1,04606,0,0
1,KIT PANEL MAGELLAN 32 ZONAS INALAMBRICO,UNIDAD,1,0,0,1,0,0,1,GENERAL,0,0,0,0,0,1,02091,0,0
1,KIT PANEL MAGELLAN MG6250 INALMBRICO,UNIDAD,1,0,0,1,0,0,1,GENERAL,0,0,0,0,0,1,03762,0,0
1,"KIT PARADOX MG6250+SENSOR,CONTACTO, PANE",UNIDAD,1,0,0,1,0,0,1,GENERAL,0,0,0,0,0,1,03384,0,0
1,KIT PCB SP-4000 DE 4 A 32 ZONAS,UNIDAD,1,0,0,1,0,0,1,GENERAL,0,0,0,0,0,1,04035,0,0
1,KIT PROXIPEN,UNIDAD,1,0,0,1,0,0,1,GENERAL,0,0,0,0,0,1,0117,0,0
1,KIT SIMON XT INALAMBRICO ALARM.COM,KIT,1,0,0,1,0,0,1,GENERAL,0,0,0,0,0,1,04464,0,0
1,KIT SOPORTE Z Y L DE 350 LIBRAS,UNIDAD,1,0,0,1,0,0,1,GENERAL,0,0,0,0,0,1,05581,0,0
1,KIT TARJ HUNTER PRO 832+ TECLADO RXN 400,KIT,1,0,0,1,0,0,1,GENERAL,0,0,0,0,0,1,0475,0,0
1,KIT TARJETA HUNTER 8 + TECLADO RX-9,KIT,1,0,0,1,0,0,1,GENERAL,0,0,0,0,0,1,03233,0,0
1,KIT TRANSMISOR Y RECEPTOR MAGELLAN,KIT,1,0,0,1,0,0,1,GENERAL,0,0,0,0,0,1,02038,0,0
1,KIT VIDEPORTERO IP DS-KIS606-P UNA PULSACION,UNIDAD,1,0,0,1,0,0,1,GENERAL,0,0,0,0,0,1,01072,0,0
1,KIT VISTA 48 + TECLADO 6164SP,KIT,1,0,0,1,0,0,1,GENERAL,0,0,0,0,0,1,0740,0,0
1,KIT ZKTECO DE LECTORA Y ESCLAVA F22 RE,UNIDAD,1,0,0,1,0,0,1,GENERAL,0,0,0,0,0,1,05981,0,0
1,KIT455-SPA KIT IMPASSA 9055 G-RDY/4904P,UNIDAD,1,0,0,1,0,0,1,GENERAL,0,0,0,0,0,1,04326,0,0
1,KITDVR8CANALES1080P6CAMARASBULLETCAMARA1FISHEYE,UNIDAD,1,0,0,1,0,0,1,GENERAL,0,0,0,0,0,1,05145,0,0
1,KJVNK-12160 LINET LAN DADO 90° CAT5E C/A,UNIDAD,1,0,0,1,0,0,1,GENERAL,0,0,0,0,0,1,04333,0,0
1,KPM-875 KLIP XTREME KIT DE MONTAJE,UNIDAD,1,0,0,1,0,0,1,GENERAL,0,0,0,0,0,1,05834,0,0
1,KR100E LECTOR DE TARJETAS 125KHZ ZKTECO,UNIDAD,1,0,0,1,0,0,1,GENERAL,0,0,0,0,0,1,06689,0,0
1,KT-2-M-LA PANEL DE CONTROL DE ACCESO CON TRANSFORM,UNIDAD,1,0,0,1,0,0,1,GENERAL,0,0,0,0,0,1,06730,0,0
1,KT400-LA KANTECH PANEL DE CONTROL DE ACCESO,UNIDAD,1,0,0,1,0,0,1,GENERAL,0,0,0,0,0,1,06161,0,0
1,KT-IP-PCB IP LINK MODULE PCB ONLY WITH ACCESSORIES,UNIDAD,1,0,0,1,0,0,1,GENERAL,0,0,0,0,0,1,05366,0,0
1,KT-IT-100 KANTECH MODULO DE INTEGRACION,UNIDAD,1,0,0,1,0,0,1,GENERAL,0,0,0,0,0,1,06164,0,0
1,KT-RM1 KT-300 ACCESSORY,UNIDAD,1,0,0,1,0,0,1,GENERAL,0,0,0,0,0,1,05368,0,0
1,KT-SG-MT-KP LECTORA DE TARJETA INTELIGENTE IOSMART,UNIDAD,1,0,0,1,0,0,1,GENERAL,0,0,0,0,0,1,05484,0,0
1,KVM SWITCH PARA MONITORES  TRENDNET T-407K,UNIDAD,1,0,0,1,0,0,1,GENERAL,0,0,0,0,0,1,05821,0,0
1,KVM-1600 KVM 16 PUERTOS PS2,UNIDAD,1,0,0,1,0,0,1,GENERAL,0,0,0,0,0,1,491,0,0
1,KVM-CB-3 CABLE PARA KVM 3MTS,UNIDAD,1,0,0,1,0,0,1,GENERAL,0,0,0,0,0,1,492,0,0
1,KWORLD: INTERFASE DIGITAL ATSC TV,UNIDAD,1,0,0,1,0,0,1,GENERAL,0,0,0,0,0,1,0566,0,0
1,LA829 LAMPARA DE EMERGENCIA TOPAZ EL11-2,UNIDAD,1,0,0,1,0,0,1,GENERAL,0,0,0,0,0,1,03800,0,0
1,LAMPARA 2X2/2X40,UNIDAD,1,0,0,1,0,0,1,GENERAL,0,0,0,0,0,1,04732,0,0
1,LAMPARA AHORRADORA T/CANASTA R MEDIANA SIN BOMBILL,UNIDAD,1,0,0,1,0,0,1,GENERAL,0,0,0,0,0,1,05040,0,0
1,LAMPARA DE 4 X 32,UNIDAD,1,0,0,1,0,0,1,GENERAL,0,0,0,0,0,1,05042,0,0
1,LAMPARA DE ESCRITORIO,UNIDAD,1,0,0,1,0,0,1,GENERAL,0,0,0,0,0,1,05186,0,0
1,LAMPARA DE PISO(USA BOMBILLA DE ALARM),UNIDAD,1,0,0,1,0,0,1,GENERAL,0,0,0,0,0,1,05188,0,0
1,LAMPARA LED TIPO REFLECTOR 100W MV DL LU,UNIDAD,1,0,0,1,0,0,1,GENERAL,0,0,0,0,0,1,03822,0,0
1,LAMPARA MATA INSECTOS,UNIDAD,1,0,0,1,0,0,1,GENERAL,0,0,0,0,0,1,04483,0,0
1,LAMPARA OJOS DE BUEY,UNIDAD,1,0,0,1,0,0,1,GENERAL,0,0,0,0,0,1,05884,0,0
1,LAMPARA PARA PARED (ACCESORIO KIOSKO),UNIDAD,1,0,0,1,0,0,1,GENERAL,0,0,0,0,0,1,05187,0,0
1,LAMPARA T/GARAGE 25' C/ARMADURA LM127,UNIDAD,1,0,0,1,0,0,1,GENERAL,0,0,0,0,0,1,03958,0,0
1,LAMPARA T/GARAGE 50' C/ARMADURA LM128,UNIDAD,1,0,0,1,0,0,1,GENERAL,0,0,0,0,0,1,03959,0,0
1,LAMPARAS TIPO U 32 WATT,UNIDAD,1,0,0,1,0,0,1,GENERAL,0,0,0,0,0,1,04000,0,0
1,LAMPARQA LED TIPO REFLECTOR 50W DL AL675037,UNIDAD,1,0,0,1,0,0,1,GENERAL,0,0,0,0,0,1,05039,0,0
1,LAPICERO AZUL,UNIDAD,1,0,0,1,0,0,1,GENERAL,0,0,0,0,0,1,303,0,0
1,LAPICERO GEL 0.7 AZUL,UNIDAD,1,0,0,1,0,0,1,GENERAL,0,0,0,0,0,1,441,0,0
1,LAPICERO GEL 0.7 NEGRO,UNIDAD,1,0,0,1,0,0,1,GENERAL,0,0,0,0,0,1,442,0,0
1,LAPICERO MORADO,UNIDAD,1,0,0,1,0,0,1,GENERAL,0,0,0,0,0,1,05923,0,0
1,LAPICERO NEGRO,UNIDAD,1,0,0,1,0,0,1,GENERAL,0,0,0,0,0,1,302,0,0
1,LAPICERO ROJO,UNIDAD,1,0,0,1,0,0,1,GENERAL,0,0,0,0,0,1,304,0,0
1,LAPICERO VERDE,UNIDAD,1,0,0,1,0,0,1,GENERAL,0,0,0,0,0,1,05924,0,0
1,LAPIZ,UNIDAD,1,0,0,1,0,0,1,GENERAL,0,0,0,0,0,1,305,0,0
1,LAPIZ CRAYON P/MADERA C/ AZUL-ROJO GRUES,UNIDAD,1,0,0,1,0,0,1,GENERAL,0,0,0,0,0,1,716,0,0
1,LAPTOP DELL LATITUD,UNIDAD,1,0,0,1,0,0,1,GENERAL,0,0,0,0,0,1,05650,0,0
1,LAPTOP DELL LATITUDE E5450 I5 4GB 500GB,UNIDAD,1,0,0,1,0,0,1,GENERAL,0,0,0,0,0,1,04506,0,0
1,LAVAJOS (CLORURO DE SODIO AL 9%),UNIDAD,1,0,0,1,0,0,1,GENERAL,0,0,0,0,0,1,01199,0,0
1,"LAZO DE 3/8""",METROS,1,0,0,1,0,0,1,GENERAL,0,0,0,0,0,1,03901,0,0
1,LAZO DE 5/16,METROS,1,0,0,1,0,0,1,GENERAL,0,0,0,0,0,1,03375,0,0
1,LAZO PLASTICO  DE 1/8,METRO,1,0,0,1,0,0,1,GENERAL,0,0,0,0,0,1,03333,0,0
1,LAZO VARIAS MEDIDAS,METROS,1,0,0,1,0,0,1,GENERAL,0,0,0,0,0,1,03373,0,0
1,LB-22 CHAPA DE PISTON ELECTROMAGNETICA 300LBS.,UNIDAD,1,0,0,1,0,0,1,GENERAL,0,0,0,0,0,1,06451,0,0
1,LB60Z-1 ZWAVE BOMBILLAS (DEMO),UNIDAD,1,0,0,1,0,0,1,GENERAL,0,0,0,0,0,1,05217,0,0
1,LBB-1 MONTAJE PARA CHAPA DE PISTON EN PUERTA DE VI,UNIDAD,1,0,0,1,0,0,1,GENERAL,0,0,0,0,0,1,06452,0,0
1,LC-103-PIMSK-W SENSOR DE MOVIMIENTO PIR INFRARROJO,UNIDAD,1,0,0,1,0,0,1,GENERAL,0,0,0,0,0,1,05798,0,0
1,LC-200S SENSOR DE MOVIMIENTO PIR INFRARROJO PASIVO,UNIDAD,1,0,0,1,0,0,1,GENERAL,0,0,0,0,0,1,06503,0,0
1,LC-203 SENSOR DE MOVIMIENTO ANTIMASCOTAS DOBLE TEC,UNIDAD,1,0,0,1,0,0,1,GENERAL,0,0,0,0,0,1,06573,0,0
1,LC-204 DETECTOR PIR DE DOBLE TECNOLOGIA CON  INMUN,UNIDAD,1,0,0,1,0,0,1,GENERAL,0,0,0,0,0,1,06508,0,0
1,"LCD KEYPAD GREY, 120-3612G EXT READER INTERFACE",UNIDAD,1,0,0,1,0,0,1,GENERAL,0,0,0,0,0,1,04759,0,0
1,LECTOR BIOM CON IMPRESORA INTEGRADA ACCES PRO LP4,UNIDAD,1,0,0,1,0,0,1,GENERAL,0,0,0,0,0,1,04789,0,0
1,LECTOR BIOMETRICO SR/100*,UNIDAD,1,0,0,1,0,0,1,GENERAL,0,0,0,0,0,1,03074,0,0
1,LECTOR D/HUELLA-TJ.PROXI. US700-ID-ZEM56,UNIDAD,1,0,0,1,0,0,1,GENERAL,0,0,0,0,0,1,03752,0,0
1,LECTOR DE HID CON PANTALLA TFT ZK SOFTWA,UNIDAD,1,0,0,1,0,0,1,GENERAL,0,0,0,0,0,1,03095,0,0
1,LECTOR DE HUELLA Y PROXIMIDAD F12,UNIDAD,1,0,0,1,0,0,1,GENERAL,0,0,0,0,0,1,04155,0,0
1,"LECTOR DE HUELLA, CTROL.ACCESO F-19",UNIDAD,1,0,0,1,0,0,1,GENERAL,0,0,0,0,0,1,04126,0,0
1,LECTOR DE PROXIMIDAD 8000-5681S,UNIDAD,1,0,0,1,0,0,1,GENERAL,0,0,0,0,0,1,02049,0,0
1,LECTOR DE PROXIMIDAD HID,UNIDAD,1,0,0,1,0,0,1,GENERAL,0,0,0,0,0,1,01062,0,0
1,LECTOR OM247-FIT P CONTROL DE REOS,UNIDAD,1,0,0,1,0,0,1,GENERAL,0,0,0,0,0,1,04612,0,0
1,LECTOR OMNIKEY 5427CK GEN2SCR,UNIDAD,1,0,0,1,0,0,1,GENERAL,0,0,0,0,0,1,05352,0,0
1,LECTOR PROXIMIDAD HID PROXPOINT PLUS-GRI,UNIDAD,1,0,0,1,0,0,1,GENERAL,0,0,0,0,0,1,01178,0,0
1,LECTOR USB HUB,UNIDAD,1,0,0,1,0,0,1,GENERAL,0,0,0,0,0,1,0578,0,0
1,"LECTOR USB, XP ZK7500 CTROL.ASISTENCIA",UNIDAD,1,0,0,1,0,0,1,GENERAL,0,0,0,0,0,1,04361,0,0
1,LECTOR ZKSOFWARE  F8/SR100,KIT,1,0,0,1,0,0,1,GENERAL,0,0,0,0,0,1,03093,0,0
1,LECTORA  U ARE U4500 FINGERPRINT,UNIDAD,1,0,0,1,0,0,1,GENERAL,0,0,0,0,0,1,03276,0,0
1,LECTORA + CERRADURA L7000 ZK IZP O DER,UNIDAD,1,0,0,1,0,0,1,GENERAL,0,0,0,0,0,1,03916,0,0
1,LECTORA 830-AG PROXIMITY 8000-5770-A,UNIDAD,1,0,0,1,0,0,1,GENERAL,0,0,0,0,0,1,03376,0,0
1,LECTORA ANGOSTA WIEGAND 26 BITS,UNIDAD,1,0,0,1,0,0,1,GENERAL,0,0,0,0,0,1,0671,0,0
1,LECTORA BIOMETRICA D/ASIST.3000USU. UX4,UNIDAD,1,0,0,1,0,0,1,GENERAL,0,0,0,0,0,1,04405,0,0
1,LECTORA BIOMETRICA F7 ZK SOFTWARE,UNIDAD,1,0,0,1,0,0,1,GENERAL,0,0,0,0,0,1,03104,0,0
1,LECTORA BIOMETRICA F707 ZK SOFTWARE,UNIDAD,1,0,0,1,0,0,1,GENERAL,0,0,0,0,0,1,03700,0,0
1,LECTORA BIOMETRICA PYXIS P/F9/ID,UNIDAD,1,0,0,1,0,0,1,GENERAL,0,0,0,0,0,1,03820,0,0
1,LECTORA DE ACCESO DUALTEC BIOMETRICA,UNIDAD,1,0,0,1,0,0,1,GENERAL,0,0,0,0,0,1,0636,0,0
1,LECTORA DE ACCESO DUATEC PROX,UNIDAD,1,0,0,1,0,0,1,GENERAL,0,0,0,0,0,1,0635,0,0
1,LECTORA DE DOCUMENTOS (DPI) EA4-0515B,UNIDAD,1,0,0,1,0,0,1,GENERAL,0,0,0,0,0,1,03516,0,0
1,LECTORA DE HUELLA DIGITAL FR1200,UNIDAD,1,0,0,1,0,0,1,GENERAL,0,0,0,0,0,1,03842,0,0
1,"LECTORA DE HUELLA, PROXIMIDAD Y R/ FACIAL",UNIDAD,1,0,0,1,0,0,1,GENERAL,0,0,0,0,0,1,04691,0,0
1,LECTORA DE LARGO ALCANCE ZKTECO,UNIDAD,1,0,0,1,0,0,1,GENERAL,0,0,0,0,0,1,05616,0,0
1,LECTORA DE PROXIMIDAD  F8+ID,UNIDAD,1,0,0,1,0,0,1,GENERAL,0,0,0,0,0,1,03182,0,0
1,LECTORA DE PROXIMIDAD 43021003,UNIDAD,1,0,0,1,0,0,1,GENERAL,0,0,0,0,0,1,03286,0,0
1,LECTORA DE PROXIMIDAD EA4-0515P,UNIDAD,1,0,0,1,0,0,1,GENERAL,0,0,0,0,0,1,03515,0,0
1,LECTORA DE PROXIMIDAD ERM-871 EVER ACCES,UNIDAD,1,0,0,1,0,0,1,GENERAL,0,0,0,0,0,1,04543,0,0
1,LECTORA DE PROXIMIDAD F18 HID BIOMETRICA,UNIDAD,1,0,0,1,0,0,1,GENERAL,0,0,0,0,0,1,03394,0,0
1,LECTORA DE PROXIMIDAD H9+ID,UNIDAD,1,0,0,1,0,0,1,GENERAL,0,0,0,0,0,1,03773,0,0
1,LECTORA DE PROXIMIDAD HID 6005BKB00,UNIDAD,1,0,0,1,0,0,1,GENERAL,0,0,0,0,0,1,03679,0,0
1,LECTORA DE PROXIMIDAD KANTECH P225XSF,UNIDAD,1,0,0,1,0,0,1,GENERAL,0,0,0,0,0,1,06066,0,0
1,LECTORA DE PROXIMIDAD SC403,UNIDAD,1,0,0,1,0,0,1,GENERAL,0,0,0,0,0,1,03073,0,0
1,LECTORA DE PROXIMIDAD SC403 ID,UNIDAD,1,0,0,1,0,0,1,GENERAL,0,0,0,0,0,1,03841,0,0
1,LECTORA DE PROXIMIDAD SC700,UNIDAD,1,0,0,1,0,0,1,GENERAL,0,0,0,0,0,1,04166,0,0
1,LECTORA DE TARJETAS ZKTECO (KR500E),UNIDAD,1,0,0,1,0,0,1,GENERAL,0,0,0,0,0,1,04196,0,0
1,LECTORA DE TECLADO ADC-AC-ET25 ALARM.COM,UNIDAD,1,0,0,1,0,0,1,GENERAL,0,0,0,0,0,1,06501,0,0
1,LECTORA HID  IC-RP40-K-SE,UNIDAD,1,0,0,1,0,0,1,GENERAL,0,0,0,0,0,1,03629,0,0
1,"LECTORA INTELIGENTE ADC-AC-ET10 ALARM,COM",UNIDAD,1,0,0,1,0,0,1,GENERAL,0,0,0,0,0,1,06500,0,0
1,LECTORA IP ACCESS XT5,UNIDAD,1,0,0,1,0,0,1,GENERAL,0,0,0,0,0,1,04316,0,0
1,LECTORA MODELO FR1200 RE,UNIDAD,1,0,0,1,0,0,1,GENERAL,0,0,0,0,0,1,05982,0,0
1,LECTORA OMNI KEY 5125 PROX USB,UNIDAD,1,0,0,1,0,0,1,GENERAL,0,0,0,0,0,1,05336,0,0
1,LECTORA S830 PROXIMITY MULLION CARD R-GR,UNIDAD,1,0,0,1,0,0,1,GENERAL,0,0,0,0,0,1,03779,0,0
1,LECTORA TIEMPO Y ASISTENCIA PARED H9,UNIDAD,1,0,0,1,0,0,1,GENERAL,0,0,0,0,0,1,04341,0,0
1,LECTORA ZK F22 BIOMETRICA WIFI & WIGAND SIN ESCLAV,UNIDAD,1,0,0,1,0,0,1,GENERAL,0,0,0,0,0,1,05529,0,0
1,LECTORA ZK F22 SIN ESCLAVA RMA,UNIDAD,1,0,0,1,0,0,1,GENERAL,0,0,0,0,0,1,06453,0,0
1,LECTORAS BIOMETRICAS MORPHO MORPHO293673665,UNIDAD,1,0,0,1,0,0,1,GENERAL,0,0,0,0,0,1,06309,0,0
1,LECTORAS DE LARGO ALCANCE DE GAMA ALTA  BIOSCAN,UNIDAD,1,0,0,1,0,0,1,GENERAL,0,0,0,0,0,1,06470,0,0
1,LECTORAS MORPHO SIGMA LITE PLUS,UNIDAD,1,0,0,1,0,0,1,GENERAL,0,0,0,0,0,1,06333,0,0
1,LECTORAS OP-10 HONEYWELL,UNIDAD,1,0,0,1,0,0,1,GENERAL,0,0,0,0,0,1,05918,0,0
1,"LED,EUV-150S036ST-KW02,36V4.17A,150W CABLE DE ALIM",UNIDAD,1,0,0,1,0,0,1,GENERAL,0,0,0,0,0,1,06520,0,0
1,LEITZ TAMANO CARTA ARCHIVADOR,UNIDAD,1,0,0,1,0,0,1,GENERAL,0,0,0,0,0,1,348,0,0
1,LENE VARIFOCAL DE 3 A 8MM 13VG308ASIRI,UNIDAD,1,0,0,1,0,0,1,GENERAL,0,0,0,0,0,1,04769,0,0
1,"LENS, 1/3"" 2.8-12MM VARI-FOCAL AUTO DC I",UNIDAD,1,0,0,1,0,0,1,GENERAL,0,0,0,0,0,1,0925,0,0
1,"LENTE 1/2""C-MOUNT, 3.8-13M 3MP SR-IRI BOSCH",UNIDAD,1,0,0,1,0,0,1,GENERAL,0,0,0,0,0,1,04597,0,0
1,"LENTE 1/3 DE 2.8 A 12MM D/N, DI DC",UNIDAD,1,0,0,1,0,0,1,GENERAL,0,0,0,0,0,1,0649,0,0
1,LENTE ANTIEMPAÑANTE,UNIDAD,1,0,0,1,0,0,1,GENERAL,0,0,0,0,0,1,05409,0,0
1,LENTE AUTOIRIS GE VS-VISL2812VFAI,UNIDAD,1,0,0,1,0,0,1,GENERAL,0,0,0,0,0,1,01022,0,0
1,LENTE AUTOIRIS GE VS-VISL358FAI,UNIDAD,1,0,0,1,0,0,1,GENERAL,0,0,0,0,0,1,01023,0,0
1,LENTE CLARO ANTI EMPAÑO NO.KD110-AF,UNIDAD,1,0,0,1,0,0,1,GENERAL,0,0,0,0,0,1,742,0,0
1,LENTE PARA CAMARA ARE-MPL410,UNIDAD,1,0,0,1,0,0,1,GENERAL,0,0,0,0,0,1,03389,0,0
1,LENTE PARA CAMARA EVER FOCUS,UNIDAD,1,0,0,1,0,0,1,GENERAL,0,0,0,0,0,1,0119,0,0
1,LENTE SEGURIDAD POLICARB.P/UV Y ANTIRAYA,UNIDAD,1,0,0,1,0,0,1,GENERAL,0,0,0,0,0,1,719,0,0
1,LENTE VARIFOCAL DE 3 A 8 MM,UNIDAD,1,0,0,1,0,0,1,GENERAL,0,0,0,0,0,1,04946,0,0
1,LENTES GOGGLES BALBOA PISTON CLEAR,UNIDAD,1,0,0,1,0,0,1,GENERAL,0,0,0,0,0,1,775,0,0
1,LENTES INDUSTRIALES,UNIDAD,1,0,0,1,0,0,2,GENERAL,0,0,0,0,0,1,850,0,0
1,"LG 50UR7300 SMART TV 50"" 4K (3840 X 2160)",UNIDAD,1,0,0,1,0,0,1,GENERAL,0,0,0,0,0,1,06422,0,0
1,"LG: MONITOR LCD DE 22""  TIPO TV",UNIDAD,1,0,0,1,0,0,1,GENERAL,0,0,0,0,0,1,03118,0,0
1,LG: TELEVISOR LCD DE 32 PULGADAS,UNIDAD,1,0,0,1,0,0,1,GENERAL,0,0,0,0,0,1,03549,0,0
1,"LG: TELEVISOR LED 50"" 50LA6200",UNIDAD,1,0,0,1,0,0,1,GENERAL,0,0,0,0,0,1,03656,0,0
1,"LG: TELEVISOR PLASMA DE 50""  50PA4900",UNIDAD,1,0,0,1,0,0,1,GENERAL,0,0,0,0,0,1,03428,0,0
1,"LG: TELEVISOR SMART DE 42""-43"" LG FHD",UNIDAD,1,0,0,1,0,0,1,GENERAL,0,0,0,0,0,1,03221,0,0
1,LIBRERA DE METAL CON PUERTAS CORREDIZAS DE VIDRIO,UNIDAD,1,0,0,1,0,0,1,GENERAL,0,0,0,0,0,1,06659,0,0
1,LIBRERO QUADRATA DE MADERA 16337,UNIDAD,1,0,0,1,0,0,1,GENERAL,0,0,0,0,0,1,20,0,0
1,LIBRO DE ACTAS DE 100 HOJAS,UNIDAD,1,0,0,1,0,0,1,GENERAL,0,0,0,0,0,1,03987,0,0
1,LIBRO DE ACTAS DE 200 HOJAS,UNIDAD,1,0,0,1,0,0,1,GENERAL,0,0,0,0,0,1,547,0,0
1,LICENCIA  QR CODE SUPREMA,UNIDAD,1,0,0,1,0,0,1,GENERAL,0,0,0,0,0,1,06431,0,0
1,LICENCIA 1 ENTRAPASS WEB RECURRENTE,UNIDAD,1,0,0,1,0,0,1,GENERAL,0,0,0,0,0,1,05640,0,0
1,LICENCIA ADMIN/COMMS-V6.2-S,UNIDAD,1,0,0,1,0,0,1,GENERAL,0,0,0,0,0,1,02047,0,0
1,LICENCIA ANTIVIRUS NOD32 ENTERPRISE,UNIDAD,1,0,0,1,0,0,1,GENERAL,0,0,0,0,0,1,17,0,0
1,LICENCIA AVANZADA 1 CH,UNIDAD,1,0,0,1,0,0,1,GENERAL,0,0,0,0,0,1,05864,0,0
1,LICENCIA DE SOFTWARE ZK TIMENET3.0 ZKTN3P 1000 US,UNIDAD,1,0,0,1,0,0,1,GENERAL,0,0,0,0,0,1,04791,0,0
1,LICENCIA ENTERPRISE PARA 16 CÁMARAS IP ENT-LC-PE16,UNIDAD,1,0,0,1,0,0,1,GENERAL,0,0,0,0,0,1,05485,0,0
1,LICENCIA EXCAQ EVIP-01,UNIDAD,1,0,0,1,0,0,1,GENERAL,0,0,0,0,0,1,06015,0,0
1,LICENCIA VID-CAM-0008-V6.2 G4TEC,UNIDAD,1,0,0,1,0,0,1,GENERAL,0,0,0,0,0,1,01125,0,0
1,LICENCIA VID-CAM-004-V6.2-S,UNIDAD,1,0,0,1,0,0,1,GENERAL,0,0,0,0,0,1,02046,0,0
1,LICENCIA VID-CAM-016-V6.2 CAMERAS G4TEC,UNIDAD,1,0,0,1,0,0,1,GENERAL,0,0,0,0,0,1,01124,0,0
1,LICENCIA VID-CAM-032-V6.2-S,UNIDAD,1,0,0,1,0,0,1,GENERAL,0,0,0,0,0,1,03213,0,0
1,LICENCIA VID-CAM-064-V6.2-S,UNIDAD,1,0,0,1,0,0,1,GENERAL,0,0,0,0,0,1,02045,0,0
1,LICENCIA VIDEO VID-VMS-V6.2  G4TEC,UNIDAD,1,0,0,1,0,0,1,GENERAL,0,0,0,0,0,1,01122,0,0
1,LICENCIA XML-DEV-KIT-V6.2-S,UNIDAD,1,0,0,1,0,0,1,GENERAL,0,0,0,0,0,1,03214,0,0
1,LICENCIAMIENTO USUARIO D2WEB AVANZADO (BIOMETRIKA),UNIDAD,1,0,0,1,0,0,1,GENERAL,0,0,0,0,0,1,05783,0,0
1,LICENCIAS SOFTWARE,SRV,3,0,0,1,0,0,4,GENERAL,0,0,0,0,0,1,SRV0395,0,0
1,LICENCIAS SOFTWARE ADMINISTRATIVO,,3,0,0,0,0,0,0,GENERAL,0,0,0,0,0,1,SRV0230,0,0
1,LICENCIAS SOFTWARE ENERG.,UNIDAD,1,0,0,1,0,0,1,GENERAL,0,0,0,0,0,1,05656,0,0
1,LICENCIAS SOFTWARE INDIRECTO,,3,0,0,0,0,0,0,GENERAL,0,0,0,0,0,1,SRV0385,0,0
1,LICENSE 8000-4247-6.2 G4TEC,UNIDAD,1,0,0,1,0,0,1,GENERAL,0,0,0,0,0,1,01123,0,0
1,LICORES VARIOS,UNIDAD,1,0,0,1,0,0,1,GENERAL,0,0,0,0,0,1,05933,0,0
1,LIJA FINA GRAMO 400,UNIDAD,1,0,0,1,0,0,1,GENERAL,0,0,0,0,0,1,03825,0,0
1,LIJA VARIOS USOS,UNIDAD,1,0,0,1,0,0,1,GENERAL,0,0,0,0,0,1,0903,0,0
1,LIMA PARA METAL SEMIBLINDADO,UNIDAD,1,0,0,1,0,0,1,GENERAL,0,0,0,0,0,1,05396,0,0
1,"LIMA PLANA DE 6""",UNIDAD,1,0,0,1,0,0,1,GENERAL,0,0,0,0,0,1,01052,0,0
1,LIMA REDONDA MEDIA CAÑA ORDINARIA BELLOT,UNIDAD,1,0,0,1,0,0,1,GENERAL,0,0,0,0,0,1,807,0,0
1,"LIMA TRIANGULAR B C/M 6""",UNIDAD,1,0,0,1,0,0,1,GENERAL,0,0,0,0,0,1,03018,0,0
1,LIMPIADOR DE PIEZAS 14.5 ONZ,UNIDAD,1,0,0,1,0,0,1,GENERAL,0,0,0,0,0,1,06046,0,0
1,LIMPIEZA ADMINISTRATIVO,,3,0,0,0,0,0,0,GENERAL,0,0,0,0,0,1,SRV0183,0,0
1,LIMPIEZA DIRECTO,,3,0,0,0,0,0,0,GENERAL,0,0,0,0,0,1,SRV0181,0,0
1,LIMPIEZA INDIRECTO,,3,0,0,0,0,0,0,GENERAL,0,0,0,0,0,1,SRV0182,0,0
1,LINEA DE ANCLAJE DE 14MM*50MTS,UNIDAD,1,0,0,1,0,0,1,GENERAL,0,0,0,0,0,1,03588,0,0
1,"LINEA DE VIDA DOBLE BRAZO EN FORMA DE ""Y""",UNIDAD,1,0,0,1,0,0,1,GENERAL,0,0,0,0,0,1,01139,0,0
1,LINEA DE VIDA TIPO YOYO,UNIDAD,1,0,0,1,0,0,1,GENERAL,0,0,0,0,0,1,05407,0,0
1,LINEAR: DETECTOR MOVIENTO 360 GRADOS LIN,UNIDAD,1,0,0,1,0,0,1,GENERAL,0,0,0,0,0,1,0081,0,0
1,LINET GABINETE PARA PARED 18U/15U,UNIDAD,1,0,0,1,0,0,1,GENERAL,0,0,0,0,0,1,04966,0,0
1,LINET KIT PREMIUM PARA REDES,UNIDAD,1,0,0,1,0,0,1,GENERAL,0,0,0,0,0,1,05993,0,0
1,LINKSYS SWITCH DE 16 PUEROS,UNIDAD,1,0,0,1,0,0,1,GENERAL,0,0,0,0,0,1,06198,0,0
1,LINTERNA DE MANO,UNIDAD,1,0,0,1,0,0,1,GENERAL,0,0,0,0,0,1,0690,0,0
1,LINTERNA DE MANO + 2D,UNIDAD,1,0,0,1,0,0,1,GENERAL,0,0,0,0,0,1,0854,0,0
1,LINTERNA MAGLITE 2*AA LOGO GRABADO,UNIDD,1,0,0,1,0,0,1,GENERAL,0,0,0,0,0,1,488,0,0
1,LINTERNA RECARGABLE DE 7 LED,UNIDAD,1,0,0,1,0,0,1,GENERAL,0,0,0,0,0,1,03150,0,0
1,LINTERNA RECARGABLE LED 7,UNIDAD,1,0,0,1,0,0,1,GENERAL,0,0,0,0,0,1,03024,0,0
1,LINTERNA SOLTAIRE 1*AAA LOGO GRABADO,UNIDAD,1,0,0,1,0,0,1,GENERAL,0,0,0,0,0,1,489,0,0
1,LINTERNA TIPO MINERO TOOLRAFT,UNIDAD,1,0,0,1,0,0,1,GENERAL,0,0,0,0,0,1,811,0,0
1,LITE BOARD HERCULES HEAD S-M-LB-MU-0004,UNIDAD,1,0,0,1,0,0,1,GENERAL,0,0,0,0,0,1,04200,0,0
1,LITERATURA INFOGRAFIA (IMPRESOS FULL COLOR),UNIDAD,1,0,0,1,0,0,1,GENERAL,0,0,0,0,0,1,05979,0,0
1,LKSROUTER WIFI N300 E1200 4X10/100 2ANTENAS MIMO/3,UNIDAD,1,0,0,1,0,0,1,GENERAL,0,0,0,0,0,1,04584,0,0
1,LLANTA DE REPUESTO PARA CARRO PLATAFORMA DE 300KG,UNIDAD,1,0,0,1,0,0,1,GENERAL,0,0,0,0,0,1,201,0,0
1,LLANTAS BRIDGESTONE 693,UNIDAD,1,0,0,1,0,0,1,GENERAL,0,0,0,0,0,1,687,0,0
1,LLAVE AJUSTABLE PARA CANGREJO,UNIDAD,1,0,0,1,0,0,1,GENERAL,0,0,0,0,0,1,03015,0,0
1,LLAVE COLA CORONA 3/4,UNIDAD,1,0,0,1,0,0,1,GENERAL,0,0,0,0,0,1,03897,0,0
1,LLAVE DE COLA CORONA,UNIDAD,1,0,0,1,0,0,1,GENERAL,0,0,0,0,0,1,01005,0,0
1,LLAVE DSC INALAMBRICA RMA PG9929-PG9939,UNIDAD,1,0,0,1,0,0,1,GENERAL,0,0,0,0,0,1,05732,0,0
1,LLAVE INALAMBRICA DE 4 FUNCIONESPG9929/ PG9939,UNIDAD,1,0,0,1,0,0,1,GENERAL,0,0,0,0,0,1,04912,0,0
1,LLAVE PARA MANDRIL DE 1/2,UNIDAD,1,0,0,1,0,0,1,GENERAL,0,0,0,0,0,1,03352,0,0
1,LLAVE PARA PULIDORA,UNIDAD,1,0,0,1,0,0,1,GENERAL,0,0,0,0,0,1,05166,0,0
1,LLAVE T COPA RAIZ DE 3/8,UNIDAD,1,0,0,1,0,0,1,GENERAL,0,0,0,0,0,1,825,0,0
1,"LLAVE T/CANGREJO STANLEY CROMADO ""8 8743",UNIDAD,1,0,0,1,0,0,1,GENERAL,0,0,0,0,0,1,809,0,0
1,LLAVERO OM247-FOB P/CONTROL DE REOS,UNIDAD,1,0,0,1,0,0,1,GENERAL,0,0,0,0,0,1,04608,0,0
1,LND-6070R CAMARA DOMO 2MP HANWHA,UNIDAD,1,0,0,1,0,0,1,GENERAL,0,0,0,0,0,1,06234,0,0
1,LNO-6012R CAMARA BULLET 2MP HANWHA,UNIDAD,1,0,0,1,0,0,1,GENERAL,0,0,0,0,0,1,06455,0,0
1,LOAD SAFER SMOKE CANISTER,UNIDAD,1,0,0,1,0,0,1,GENERAL,0,0,0,0,0,1,06114,0,0
1,LOAD SAFER SMOKE HOUSING,UNIDAD,1,0,0,1,0,0,1,GENERAL,0,0,0,0,0,1,06115,0,0
1,LOCKER 3 PUERTAS,UNIDAD,1,0,0,1,0,0,1,GENERAL,0,0,0,0,0,1,855,0,0
1,LOCKER DE METAL DE 4 PUERTAS PARA CANDADO,UNIDAD,1,0,0,1,0,0,1,GENERAL,0,0,0,0,0,1,06026,0,0
1,LOGITECH GROUP VIDEO CONF SYSTEM,UNIDAD,1,0,0,1,0,0,1,GENERAL,0,0,0,0,0,1,04982,0,0
1,LONCHERA DIA DEL PADRE ROTULADO,UNIDAD,1,0,0,1,0,0,1,GENERAL,0,0,0,0,0,1,05984,0,0
1,LOOK WATCH 1 SILVER BLACK,UNIDAD,1,0,0,1,0,0,1,GENERAL,0,0,0,0,0,1,05502,0,0
1,LOOK WATCH 1 SILVER BLUE,UNIDAD,1,0,0,1,0,0,1,GENERAL,0,0,0,0,0,1,05501,0,0
1,LOOP MAGNETICO CAME P/DETECCON MASA 1Z,UNIDAD,1,0,0,1,0,0,1,GENERAL,0,0,0,0,0,1,04195,0,0
1,LP-3140 BLOOD PRESSURE CUFF WITH BLUETOOTH,UNIDAD,1,0,0,1,0,0,1,GENERAL,0,0,0,0,0,1,05503,0,0
1,LP-4289 GLUCOSE METER WITH BLUETOOTH,UNIDAD,1,0,0,1,0,0,1,GENERAL,0,0,0,0,0,1,05505,0,0
1,LP-8255 OXIMETER WITH BLUETOOTH,UNIDAD,1,0,0,1,0,0,1,GENERAL,0,0,0,0,0,1,05504,0,0
1,LTE-XA COMUNICADOR-RADIO CAT1,UNIDAD,1,0,0,1,0,0,1,GENERAL,0,0,0,0,0,1,05446,0,0
1,LUBRICANTE PARA CABLEADO 3M,UNIDAD,1,0,0,1,0,0,1,GENERAL,0,0,0,0,0,1,03079,0,0
1,LUZ ESTROBOSCOPICA FIRELITE PR SYSTEM SENSOR,UNIDAD,1,0,0,1,0,0,1,GENERAL,0,0,0,0,0,1,05439,0,0
1,LYNX 5100 PANEL DE ALARMA LYNX TOUCH 5100,UNIDAD,1,0,0,1,0,0,1,GENERAL,0,0,0,0,0,1,05691,0,0
1,M?DULO DE RELAY SIGA-CR  ,UNIDAD,1,0,0,1,0,0,1,GENERAL,0,0,0,0,0,1,05928,0,0
1,M-04X22MMD-305 CABLE MULTICONDUCTOR DE 4VIAS 22AWG,UNIDAD,1,0,0,1,0,0,1,GENERAL,0,0,0,0,0,1,06718,0,0
1,M2150 2DBC MULTINODE - BOARD ONLY,UNIDAD,1,0,0,1,0,0,1,GENERAL,0,0,0,0,0,1,03770,0,0
1,M2150 2DBC MULTINODE-ENC3-18VAC,UNIDAD,1,0,0,1,0,0,1,GENERAL,0,0,0,0,0,1,03777,0,0
1,M2150 4DBC MULTINODE-ENC3-18VAC,UNIDAD,1,0,0,1,0,0,1,GENERAL,0,0,0,0,0,1,03778,0,0
1,M2150 8DBC MULTINODE CONTROLLER,UNIDAD,1,0,0,1,0,0,1,GENERAL,0,0,0,0,0,1,0722,0,0
1,M2150 8DBC PRE-INSTALADORA MN-CAB5,UNIDAD,1,0,0,1,0,0,1,GENERAL,0,0,0,0,0,1,0700,0,0
1,M2150 MULTINODE DATABASE-MN-NIC-4,UNIDAD,1,0,0,1,0,0,1,GENERAL,0,0,0,0,0,1,03216,0,0
1,M2150 MULTINODE DATABASE-MN-NIC-5,UNIDAD,1,0,0,1,0,0,1,GENERAL,0,0,0,0,0,1,06278,0,0
1,M2150 OC4/24 MULTINODE OUTPUT-CONTROLLER,UNIDAD,1,0,0,1,0,0,1,GENERAL,0,0,0,0,0,1,03771,0,0
1,M2150 TARJETA DE RED - 10/100MBPS Y KIT,UNIDAD,1,0,0,1,0,0,1,GENERAL,0,0,0,0,0,1,0723,0,0
1,M2150 TRANSFORMER 110V/18VAC 75VA,UNIDAD,1,0,0,1,0,0,1,GENERAL,0,0,0,0,0,1,03633,0,0
1,M2150-033   PANEL DE ACCESO M2150-AC24/4,UNIDAD,1,0,0,1,0,0,1,GENERAL,0,0,0,0,0,1,02072,0,0
1,M2150-045   HARDWARE PANEL DE ENT. Y SAL,UNIDAD,1,0,0,1,0,0,1,GENERAL,0,0,0,0,0,1,02073,0,0
1,M2150-045 PANEL DE CONTROL ENC3 4DBC,UNIDAD,1,0,0,1,0,0,1,GENERAL,0,0,0,0,0,1,03986,0,0
1,M2150-046 PANEL DE CONTROL ENC3,UNIDAD,1,0,0,1,0,0,1,GENERAL,0,0,0,0,0,1,03985,0,0
1,M2150-4DC PANEL BOARD ONLY,UNIDAD,1,0,0,1,0,0,1,GENERAL,0,0,0,0,0,1,06247,0,0
1,M2150-4RDR-IPW-PACK SYMMETRY M2150 4 READER IP PAC,UNIDAD,1,0,0,1,0,0,1,GENERAL,0,0,0,0,0,1,06559,0,0
1,M2150-8DBC-OSDP SYMMETRY M2150 8DBC OSDP 8 READER,UNIDAD,1,0,0,1,0,0,1,GENERAL,0,0,0,0,0,1,06684,0,0
1,M2150-8DC PANEL BOARD ONLY,UNIDAD,1,0,0,1,0,0,1,GENERAL,0,0,0,0,0,1,06255,0,0
1,M2150-OC4/8 MODULO SYMMETRY M2150 DE 4 ENTRADAS,UNIDAD,1,0,0,1,0,0,1,GENERAL,0,0,0,0,0,1,06254,0,0
1,M2150W-ELEV-2-PACK SYMMETRY M2150 2 ELEVADOR CAB 3,UNIDAD,1,0,0,1,0,0,1,GENERAL,0,0,0,0,0,1,06432,0,0
1,MAGELLAN: BOTONES DE PANICO PARA MEGUELL,UNIDAD,1,0,0,1,0,0,1,GENERAL,0,0,0,0,0,1,0021,0,0
1,MAGELLAN: KIT MAGUELLAN,UNIDAD,1,0,0,1,0,0,1,GENERAL,0,0,0,0,0,1,0263,0,0
1,MAGELLAN: RECEPTORES MAGELLAN INALAMBRIC,UNIDAD,1,0,0,1,0,0,1,GENERAL,0,0,0,0,0,1,0157,0,0
1,MAGLOCK DE 600 LIBRAS,UNIDAD,1,0,0,1,0,0,1,GENERAL,0,0,0,0,0,1,01013,0,0
1,MAGLOOCK DE 350LB,UNIDAD,1,0,0,1,0,0,1,GENERAL,0,0,0,0,0,1,06140,0,0
1,MAGLOOK 600 LIBRAS ENFORCER MODELO E-941SA-600PQ,UNIDAD,1,0,0,1,0,0,1,GENERAL,0,0,0,0,0,1,05385,0,0
1,MAGNETICO,UNI,2,1,0,1,0,0,0,GENERAL,0,0,0,0,0,1,MAG001,0,0
1,MAGNETICO CON LOGO G4S,UNIDAD,1,0,0,1,0,0,1,GENERAL,0,0,0,0,0,1,04498,0,0
1,MAGNETICO DE PERSIANA RE,UNIDAD,1,0,0,1,0,0,1,GENERAL,0,0,0,0,0,1,2044,0,0
1,MAGNETICO DE PERSINA FAC,UNIDAD,1,0,0,1,0,0,1,GENERAL,0,0,0,0,0,1,06-FOH-60,0,0
1,MAGNETICO DE SOBREPONER GAP 3/4 SOBREPON,UNIDAD,1,0,0,1,0,0,1,GENERAL,0,0,0,0,0,1,0958,0,0
1,MAGNETICO EMPOTRABLE,JUEGOS,1,0,0,1,0,0,1,GENERAL,0,0,0,0,0,1,0126,0,0
1,MAGNETICO EXTFAUERTE RE,UNDAD,1,0,0,1,0,0,1,GENERAL,0,0,0,0,0,1,2026,0,0
1,MAGNETICO EXTRAFUERTE CAFE,UNIDAD,1,0,0,1,0,0,1,GENERAL,0,0,0,0,0,1,0127,0,0
1,MAGNETICO EXTRAFUERTE GRIS/CAFE 80G,UNIDAD,1,0,0,1,0,0,1,GENERAL,0,0,0,0,0,1,06-FS-80G,0,0
1,MAGNETICO EXTRAFUERTE RE,UNIDAD,1,0,0,1,0,0,1,GENERAL,0,0,0,0,0,1,2042,0,0
1,MAGNETICO INALAMBRICO  PG9303/PG9975,UNIDAD,1,0,0,1,0,0,1,GENERAL,0,0,0,0,0,1,05354,0,0
1,MAGNETICO INALAMBRICO 5800MINI DOOR,UNIDAD,1,0,0,1,0,0,1,GENERAL,0,0,0,0,0,1,05333,0,0
1,MAGNETICO INALAMBRICO DSC,UNIDAD,1,0,0,1,0,0,1,GENERAL,0,0,0,0,0,1,03062,0,0
1,MAGNETICO INALAMBRICO DSC WS4945,UNIDAD,1,0,0,1,0,0,1,GENERAL,0,0,0,0,0,1,04727,0,0
1,MAGNETICO INALAMBRICO IOTEGA RE PG9975,UNIDAD,1,0,0,1,0,0,1,GENERAL,0,0,0,0,0,1,05904,0,0
1,MAGNETICO INALAMBRICO MAGELLAN,UNIDAD,1,0,0,1,0,0,1,GENERAL,0,0,0,0,0,1,0675,0,0
1,MAGNETICO INALAMBRICO PARADOX DCT10 RE,UNIDAD,1,0,0,1,0,0,1,GENERAL,0,0,0,0,0,1,2112,0,0
1,MAGNETICO INALAMBRICO SIMON LIVIANO RE,UNIDAD,1,0,0,1,0,0,1,GENERAL,0,0,0,0,0,1,2081,0,0
1,MAGNETICO INALAMBRICO VISONIC MT 302,UNIDAD,1,0,0,1,0,0,1,GENERAL,0,0,0,0,0,1,04540,0,0
1,MAGNETICO LIVIANO DE MINI SELF,UNIDAD,1,0,0,1,0,0,1,GENERAL,0,0,0,0,0,1,0132,0,0
1,MAGNETICO LIVIANO INALAMBRICO 5816 RE,UNIDAD,1,0,0,1,0,0,1,GENERAL,0,0,0,0,0,1,2111,0,0
1,MAGNETICO LIVIANO INALAMBRICO NX-650N,UNIDAD,1,0,0,1,0,0,1,GENERAL,0,0,0,0,0,1,04465,0,0
1,MAGNETICO LIVIANO RE,UNIDAD,1,0,0,1,0,0,1,GENERAL,0,0,0,0,0,1,2032,0,0
1,MAGNETICO MANUAL 5869,UNIDAD,1,0,0,1,0,0,1,GENERAL,0,0,0,0,0,1,03392,0,0
1,MAGNETICO SOBREPONER N/C GAP1 BLANCO,UNIDAD,1,0,0,1,0,0,1,GENERAL,0,0,0,0,0,1,0714,0,0
1,MAGNETOS LIVIANOS SIN BURBUJA,UNIDAD,1,0,0,1,0,0,1,GENERAL,0,0,0,0,0,1,0133,0,0
1,MALETIN 2 COMPARTIMENTOS CORDURA 707,UNIDAD,1,0,0,1,0,0,1,GENERAL,0,0,0,0,0,1,629,0,0
1,MALETIN P/COMPUTADORA LAPTOP #15427,UNIDAD,1,0,0,1,0,0,1,GENERAL,0,0,0,0,0,1,828,0,0
1,MALLA CICLONICA CON PRIVA CINTA,UNIDAD,1,0,0,1,0,0,1,GENERAL,0,0,0,0,0,1,04814,0,0
1,MALLA DESOLDADORA DE COBRE,UNIDAD,1,0,0,1,0,0,1,GENERAL,0,0,0,0,0,1,05305,0,0
1,MALLA PARA DESOLDAR 3MM,1,1,0,0,1,0,0,1,GENERAL,0,0,0,0,0,1,06801,0,0
1,MANAGER/CLIENT SOFTWARE ADVSMC05,UNIDAD,1,0,0,1,0,0,1,GENERAL,0,0,0,0,0,1,04699,0,0
1,MANGAS PROTECTORAS,UNIDAD,1,0,0,1,0,0,1,GENERAL,0,0,0,0,0,1,06201,0,0
1,MANHATTAN 179027 CONVIERTE 2XPS/2 A USB,UNIDAD,1,0,0,1,0,0,1,GENERAL,0,0,0,0,0,1,04246,0,0
1,MANO OBRA INSTALACION ALARMAS (FREELANCE),SRV,3,0,0,0,0,0,2,GENERAL,0,0,0,0,0,1,MOBRA03,0,0
1,MANO OBRA INSTALACION ALARMAS (INTERNO),SRV,3,0,0,0,0,0,2,GENERAL,0,0,0,0,0,1,MOBRA06,0,0
1,MANO OBRA INSTALACION CCTV (FREELANCE),SRV,3,0,0,0,0,0,2,GENERAL,0,0,0,0,0,1,MOBRA04,0,0
1,MANO OBRA INSTALACION CCTV (INTERNO),SRV,3,0,0,0,0,0,2,GENERAL,0,0,0,0,0,1,MOBRA07,0,0
1,MANO OBRA INSTALACION GPS (FREELANCE),SRV,3,0,0,0,0,0,2,GENERAL,0,0,0,0,0,1,MOBRA05,0,0
1,MANO OBRA INSTALACION GPS (INTERNO),SRV,3,0,0,0,0,0,2,GENERAL,0,0,0,0,0,1,MOBRA08,0,0
1,MANO OBRA PROYECTOS (INTERNA),SRV,3,0,0,1,0,0,4,GENERAL,0,0,0,0,0,1,MOBRA02,0,0
1,MANO OBRA PROYECTOS (TERCERIZADA),SRV,3,0,0,1,0,0,4,GENERAL,0,0,0,0,0,1,MOBRA01,0,0
1,MANT. Y REPAR. EQUIPOS ADMINISTRATIVO,,3,0,0,0,0,0,0,GENERAL,0,0,0,0,0,1,SRV0229,0,0
1,MANT. Y REPAR. EQUIPOS DIRECTO,,3,0,0,0,0,0,0,GENERAL,0,0,0,0,0,1,SRV0227,0,0
1,MANT. Y REPAR. EQUIPOS INDIRECTO,,3,0,0,0,0,0,0,GENERAL,0,0,0,0,0,1,SRV0228,0,0
1,MANT. Y REPAR. INMUEBLES ADMINISTRATIVO,,3,0,0,0,0,0,0,GENERAL,0,0,0,0,0,1,SRV0178,0,0
1,MANT. Y REPAR. INMUEBLES DIRECTO,,3,0,0,0,0,0,0,GENERAL,0,0,0,0,0,1,SRV0226,0,0
1,MANT. Y REPAR. INMUEBLES INDIRECTO,,3,0,0,0,0,0,0,GENERAL,0,0,0,0,0,1,SRV0175,0,0
1,MANT. Y REPAR. VEHICULOS ADMINISTRATIVO,,3,0,0,0,0,0,0,GENERAL,0,0,0,0,0,1,SRV0187,0,0
1,MANT. Y REPAR. VEHICULOS DIRECTO,,3,0,0,0,0,0,0,GENERAL,0,0,0,0,0,1,SRV0225,0,0
1,MANT. Y REPAR. VEHICULOS INDIRECTO,,3,0,0,0,0,0,0,GENERAL,0,0,0,0,0,1,SRV0174,0,0
1,MANTA CON ROLL UP  DE 2*0.8LONA VINILICA,UNIDAD,1,0,0,1,0,0,1,GENERAL,0,0,0,0,0,1,658,0,0
1,MANTA DE 1*X3 MTS LONA VINILICA CON OJET,UNIDAD,1,0,0,1,0,0,1,GENERAL,0,0,0,0,0,1,561,0,0
1,MANTA DE SOLDADOR,UNIDAD,1,0,0,1,0,0,1,GENERAL,0,0,0,0,0,1,04980,0,0
1,MANTENIMIENTO,UNI,3,0,0,1,0,0,99,GENERAL,0,0,0,0,0,1,MANT11,0,0
1,MANTENIMIENTO KIT BASICO,SRV,3,0,0,1,0,0,99,GENERAL,0,0,0,0,0,1,MANT01,0,0
1,MANTENIMIENTO MULTIMAX,,3,0,0,1,0,0,0,GENERAL,0,0,0,0,0,1,MMAX02,0,0
1,"MANUAL PULL STATION - SINGLE ACTION, 1-STAGE",UNIDAD,1,0,0,1,0,0,1,GENERAL,0,0,0,0,0,1,05621,0,0
1,MAP IN PROXIPEN (LIBRETA GUIA DE ESTACIO,UNIDAD,1,0,0,1,0,0,1,GENERAL,0,0,0,0,0,1,0135,0,0
1,MAQUINA BAND-IT,UNIDAD,1,0,0,1,0,0,1,GENERAL,0,0,0,0,0,1,03483,0,0
1,MARCADOR DORADO,UNIDAD,1,0,0,1,0,0,1,GENERAL,0,0,0,0,0,1,0804,0,0
1,MARCADOR FLUORESCENTE AMARILLO,UNIDAD,1,0,0,1,0,0,1,GENERAL,0,0,0,0,0,1,307,0,0
1,MARCADOR FLUORESCENTE ANARANJADO,UNIDAD,1,0,0,1,0,0,1,GENERAL,0,0,0,0,0,1,308,0,0
1,MARCADOR FLUORESCENTE CELESTE,UNIDAD,1,0,0,1,0,0,1,GENERAL,0,0,0,0,0,1,310,0,0
1,MARCADOR FLUORESCENTE OTRO COLOR,UNIDAD,1,0,0,1,0,0,1,GENERAL,0,0,0,0,0,1,311,0,0
1,MARCADOR FLUORESCENTE ROSADO,UNIDAD,1,0,0,1,0,0,1,GENERAL,0,0,0,0,0,1,309,0,0
1,MARCADOR FLUORESCENTE VERDE,UNIDAD,1,0,0,1,0,0,1,GENERAL,0,0,0,0,0,1,306,0,0
1,MARCADOR HEXAGONAL EST. 12 COLORES,CAJA,1,0,0,1,0,0,1,GENERAL,0,0,0,0,0,1,782,0,0
1,MARCADOR PARA PIZARRON AZUL,UNIDAD,1,0,0,1,0,0,1,GENERAL,0,0,0,0,0,1,317,0,0
1,MARCADOR PARA PIZARRON NEGRO,UNIDAD,1,0,0,1,0,0,1,GENERAL,0,0,0,0,0,1,316,0,0
1,MARCADOR PARA PIZARRON OTRO COLOR,UNIDAD,1,0,0,1,0,0,1,GENERAL,0,0,0,0,0,1,320,0,0
1,MARCADOR PARA PIZARRON ROJO,UNIDAD,1,0,0,1,0,0,1,GENERAL,0,0,0,0,0,1,318,0,0
1,MARCADOR PARA PIZARRON VERDE,UNIDAD,1,0,0,1,0,0,1,GENERAL,0,0,0,0,0,1,319,0,0
1,MARCADOR PERMANENTE AZUL,UNIDAD,1,0,0,1,0,0,1,GENERAL,0,0,0,0,0,1,313,0,0
1,MARCADOR PERMANENTE GRIP/NEGRO PUNTA FINA,UNIDAD,1,0,0,1,0,0,1,GENERAL,0,0,0,0,0,1,697,0,0
1,MARCADOR PERMANENTE NEGRO,UNIDAD,1,0,0,1,0,0,1,GENERAL,0,0,0,0,0,1,312,0,0
1,MARCADOR PERMANENTE OTRO COLOR,UNIDAD,1,0,0,1,0,0,1,GENERAL,0,0,0,0,0,1,315,0,0
1,MARCADOR PERMANENTE ROJO,UNIDAD,1,0,0,1,0,0,1,GENERAL,0,0,0,0,0,1,314,0,0
1,MARCATEXTOS FORAY,UNIDAD,1,0,0,1,0,0,1,GENERAL,0,0,0,0,0,1,464,0,0
1,MARCHAMO ELECTRICO DEMO,UNIDAD,1,0,0,1,0,0,1,GENERAL,0,0,0,0,0,1,05344,0,0
1,MARCHAMO ELECTRONICO,SRV,3,0,0,1,0,0,4,GENERAL,0,0,0,0,0,1,MARCH001,0,0
1,MARCHAMO ELECTRONICO ROJO - REUTILIZADO 2G/3G,UNIDAD,1,0,0,1,0,0,1,GENERAL,0,0,0,0,0,1,05669,0,0
1,MARTILLO 7 ONZ 18MM  STANLEY BR,UNIDAD,1,0,0,1,0,0,1,GENERAL,0,0,0,0,0,1,0686,0,0
1,"MARTILLO ATORNILLADOR 1/2""",UNIDAD,1,0,0,1,0,0,1,GENERAL,0,0,0,0,0,1,894,0,0
1,MARTILLO DE BOLA 1.5 LB,UNIDAD,1,0,0,1,0,0,1,GENERAL,0,0,0,0,0,1,0531,0,0
1,MARTILLO DE BOLA PARA MECANICO STANLEY 1,UNIDAD,1,0,0,1,0,0,1,GENERAL,0,0,0,0,0,1,797,0,0
1,MARTILLO TIPO MACHO,UNIDAD,1,0,0,1,0,0,1,GENERAL,0,0,0,0,0,1,03896,0,0
1,MARTILLO UDA CURVA 7 OZ,UNIDAD,1,0,0,1,0,0,1,GENERAL,0,0,0,0,0,1,0834,0,0
1,MASAS DE 2 METROS PLASTICAS,UNIDAD,1,0,0,1,0,0,1,GENERAL,0,0,0,0,0,1,04803,0,0
1,MASCARA MEDIA CARA CLIMAX 745 DE UN CARTUCHO,UNIDAD,1,0,0,1,0,0,1,GENERAL,0,0,0,0,0,1,04754,0,0
1,MASCARA PARA RCP ESTUCHE DURO,UNIDAD,1,0,0,1,0,0,1,GENERAL,0,0,0,0,0,1,01098,0,0
1,MASCARILLA KN-95,UNIDAD,1,0,0,1,0,0,1,GENERAL,0,0,0,0,0,1,05574,0,0
1,MASCARILLAS CON 2 CARTUCHOS 4C5008,UNIDAD,1,0,0,1,0,0,1,GENERAL,0,0,0,0,0,1,4M430-W,0,0
1,MASCARILLAS DESECHABLES,UNIDAD,1,0,0,1,0,0,1,GENERAL,0,0,0,0,0,1,0802,0,0
1,"MASKING TAPE DE 1""",ROLLO,1,0,0,1,0,0,1,GENERAL,0,0,0,0,0,1,334,0,0
1,"MASKING TAPE DE 2""",ROLLO,1,0,0,1,0,0,1,GENERAL,0,0,0,0,0,1,335,0,0
1,MASTER-SET-UP WAR-LOK PARA ABRIR CERRADURAS,UNIDAD,1,0,0,1,0,0,1,GENERAL,0,0,0,0,0,1,06459,0,0
1,MB5728E/B MINI DISPLAYPORT TO VGA ADAPTA,UNIDAD,1,0,0,1,0,0,1,GENERAL,0,0,0,0,0,1,913,0,0
1,MC-1000 CUOTA DE SERVICIO: FORMATO TARJETA CORPORA,UNIDAD,1,0,0,1,0,0,1,GENERAL,0,0,0,0,0,1,05988,0,0
1,MCNU-GXF4-GXM4-12 CABLE PARA GRADOR MOVIL 12 MTS.,UNIDAD,1,0,0,1,0,0,1,GENERAL,0,0,0,0,0,1,06675,0,0
1,MCRO SD KINGSTON ULTRA 128 GB,UNIDAD,1,0,0,1,0,0,1,GENERAL,0,0,0,0,0,1,05845,0,0
1,MDC-3-F1 CONTACTO MAGNETICO VIA RADIO VESTA.,UNIDADF,1,0,0,1,0,0,1,GENERAL,0,0,0,0,0,1,06609,0,0
1,MEDIA CONVERTER TL-MC210CS,UNIDAD,1,0,0,1,0,0,1,GENERAL,0,0,0,0,0,1,04949,0,0
1,MEDIDOR LASER DE DISTANCIA TLM330,UNIDAD,1,0,0,1,0,0,1,GENERAL,0,0,0,0,0,1,06003,0,0
1,MEMORIA DDR3 4GB PARA VOSTRO 230 DEKTOP,UNIDAD,1,0,0,1,0,0,1,GENERAL,0,0,0,0,0,1,04491,0,0
1,MEMORIA MICRO SD 16 GB,UNIDAD,1,0,0,1,0,0,1,GENERAL,0,0,0,0,0,1,04921,0,0
1,MEMORIA MICRO SD 64 GB,UNIDAD,1,0,0,1,0,0,1,GENERAL,0,0,0,0,0,1,06067,0,0
1,MEMORIA RAM 3200 MHZ 8GB O 16GB DDR4,UNIDAD,1,0,0,1,0,0,1,GENERAL,0,0,0,0,0,1,06393,0,0
1,MEMORIA RAM 4GB DDR4 PC4-192000 MEMORY,UNIDAD,1,0,0,1,0,0,1,GENERAL,0,0,0,0,0,1,06073,0,0
1,MEMORIA RAM 8GB 1600 MT/]SX4 RDIMM FOR DELL T320,UNIDAD,1,0,0,1,0,0,1,GENERAL,0,0,0,0,0,1,06074,0,0
1,MEMORIA RAM DE 4GB DDR3 DE 16000 MHZ PC ESCRITORIO,UNIDAD,1,0,0,1,0,0,1,GENERAL,0,0,0,0,0,1,05957,0,0
1,MEMORIA SD DE 16GB,UNIDAD,1,0,0,1,0,0,1,GENERAL,0,0,0,0,0,1,645,0,0
1,MEMORIA SD KINGSTON DE 8 GB,UNIDAD,1,0,0,1,0,0,1,GENERAL,0,0,0,0,0,1,519,0,0
1,MEMORIA USB DE 32 GB,UNIDAD,1,0,0,1,0,0,1,GENERAL,0,0,0,0,0,1,04678,0,0
1,MESA DE MADERA  SQUADRA 16340,UNIDAD,1,0,0,1,0,0,1,GENERAL,0,0,0,0,0,1,19,0,0
1,MESA RECTANGULAR PLEGABLE PLASTICA,UNIDAD,1,0,0,1,0,0,1,GENERAL,0,0,0,0,0,1,851,0,0
1,"MESA TIPO BENCH 1.80X0,80X0,74",UNIDAD,1,0,0,1,0,0,1,GENERAL,0,0,0,0,0,1,06130,0,0
1,"MESA TIPO BENCH DE 1,80 X 0,80 X 0,74",UNIDAD,1,0,0,1,0,0,1,GENERAL,0,0,0,0,0,1,06132,0,0
1,METRO DE CERCA ELECTRICA,UNIDAD,1,0,0,1,0,0,1,GENERAL,0,0,0,0,0,1,04960,0,0
1,MHUB 825A,UNIDAD,1,0,0,1,0,0,1,GENERAL,0,0,0,0,0,1,01166,0,0
1,MICA AUTOADHERIBLE TRANSPARENTE 21.5*28CM,UNIDAD,1,0,0,1,0,0,1,GENERAL,0,0,0,0,0,1,454,0,0
1,MICRO SD 256GB CLASE 10/ WESTERN D./ KINGSTON,UNIDAD,1,0,0,1,0,0,1,GENERAL,0,0,0,0,0,1,06265,0,0
1,MICRO SD DE 4 GB,UNIDAD,1,0,0,1,0,0,1,GENERAL,0,0,0,0,0,1,607,0,0
1,MICRO SECURE DIGITAL SDXC SANDISK ULTRA DE 128GB C,UNIDAD,1,0,0,1,0,0,1,GENERAL,0,0,0,0,0,1,05474,0,0
1,MICRO SMART SWITCH Z-WAVE (DEMO),UNIDAD,1,0,0,1,0,0,1,GENERAL,0,0,0,0,0,1,3022,0,0
1,"MICROFONO DE SOLAPA 3,5MM",UNIDAD,1,0,0,1,0,0,1,GENERAL,0,0,0,0,0,1,06738,0,0
1,MICROFONO OMNIDIRECCIONAL PARA CCTV,UNIDAD,1,0,0,1,0,0,1,GENERAL,0,0,0,0,0,1,05292,0,0
1,MICROFONO P/CAMARA CCTV,UNIDAD,1,0,0,1,0,0,1,GENERAL,0,0,0,0,0,1,03905,0,0
1,MICROFONO PARA CAMARA,UNIDAD,1,0,0,1,0,0,1,GENERAL,0,0,0,0,0,1,06123,0,0
1,MICROFONO TIPO SONDA PARA CCTV,UNIDAD,1,0,0,1,0,0,1,GENERAL,0,0,0,0,0,1,04823,0,0
1,MIFARE CARD 1K-SMARTMAX 6982-2007 852352,UNIDAD,1,0,0,1,0,0,1,GENERAL,0,0,0,0,0,1,04003,0,0
1,MIKROTIK CRS328-4C-20S-4S+RM SWITCH ADMINISTRABLE,UNIDAD,1,0,0,1,0,0,1,GENERAL,0,0,0,0,0,1,06547,0,0
1,MIKROTIK HAP LITE ROUTER 4 PUERTOS 10/100 WIFI 2.4,UNIDAD,1,0,0,1,0,0,1,GENERAL,0,0,0,0,0,1,06496,0,0
1,MINAS 0.5MM,UNIDAD,1,0,0,1,0,0,1,GENERAL,0,0,0,0,0,1,498,0,0
1,MINAS 0.7 MM,CAJA,1,0,0,1,0,0,1,GENERAL,0,0,0,0,0,1,422,0,0
1,MINAS 0.9 MM,CAJA,1,0,0,1,0,0,1,GENERAL,0,0,0,0,0,1,421,0,0
1,MINAS 0.9 MM CAJA,UNIDAD,1,0,0,1,0,0,1,GENERAL,0,0,0,0,0,1,446,0,0
1,MINI CAMARA ARE-AV3105,UNIDAD,1,0,0,1,0,0,1,GENERAL,0,0,0,0,0,1,03388,0,0
1,MINI CAMARA PXATM137-NTSC 101176,UNIDAD,1,0,0,1,0,0,1,GENERAL,0,0,0,0,0,1,03323,0,0
1,MINI CAMARA SONY SUPER ATM137 - 101482,UNIDAD,1,0,0,1,0,0,1,GENERAL,0,0,0,0,0,1,03278,0,0
1,MINI LAMPARA EMERGENCIA LAM-508 3 LEDS,UNIDAD,1,0,0,1,0,0,1,GENERAL,0,0,0,0,0,1,04012,0,0
1,MINI LECTOR DE PROXIMIDAD,UNIDAD,1,0,0,1,0,0,1,GENERAL,0,0,0,0,0,1,03187,0,0
1,MINI MONITOR LCD ZM-L35T,UNIDAD,1,0,0,1,0,0,1,GENERAL,0,0,0,0,0,1,03350,0,0
1,MINI NOTEBOOK HP,UNIDAD,1,0,0,1,0,0,1,GENERAL,0,0,0,0,0,1,0832,0,0
1,MINI NVR 4CH. MS-N1009-UT,UNIDAD,1,0,0,1,0,0,1,GENERAL,0,0,0,0,0,1,04381,0,0
1,"MINI PTZ VANDAL DOME 22X OPTICAL, D/N (I",UNIDAD,1,0,0,1,0,0,1,GENERAL,0,0,0,0,0,1,0929,0,0
1,"MINI PTZ VANDAL DOME, 22X OPTICAL D/N (I",UNIDAD,1,0,0,1,0,0,1,GENERAL,0,0,0,0,0,1,0766,0,0
1,MINICAMARA A COLOR CG36A-S PINHOLE,UNIDAD,1,0,0,1,0,0,1,GENERAL,0,0,0,0,0,1,01082,0,0
1,MINICOMPONENTE VERTICAL BLUETOOTH C/DVD,UNIDAD,1,0,0,1,0,0,1,GENERAL,0,0,0,0,0,1,915,0,0
1,MINIDOMO 1/3CCD SONY 420TVL ANTIVANDALIS,UNIDAD,1,0,0,1,0,0,1,GENERAL,0,0,0,0,0,1,0940,0,0
1,MIX-4002 BASE DE DETECTOR DE 4 PULGADAS,UNIDAD,1,0,0,1,0,0,1,GENERAL,0,0,0,0,0,1,06425,0,0
1,MIX-4010 DETECTOR DE HUMO DIRECCIONABLE INTELIGENT,UNIDAD,1,0,0,1,0,0,1,GENERAL,0,0,0,0,0,1,06428,0,0
1,MIX-4010-ISO DETECTOR DE HUMO DIRECCIONABLE INTELI,UNIDAD,1,0,0,1,0,0,1,GENERAL,0,0,0,0,0,1,06427,0,0
1,MIX-4020 DETECTOR MULTISENSOR HUMO-TERMICO DIRECCI,UNIDAD,1,0,0,1,0,0,1,GENERAL,0,0,0,0,0,1,06426,0,0
1,MIX-4020-ISO DETECTOR MULTISENSOR HUMO-TERMICO DIR,UNIDAD,1,0,0,1,0,0,1,GENERAL,0,0,0,0,0,1,06456,0,0
1,MIX-4030 DETECTOR TERMICO DIRECCIONABLE INTELIGENT,UNIDAD,1,0,0,1,0,0,1,GENERAL,0,0,0,0,0,1,06553,0,0
1,MIX-4040 MODULO DE MONITOREO DE DOBLE ENTRADA,UNIDAD,1,0,0,1,0,0,1,GENERAL,0,0,0,0,0,1,06439,0,0
1,MIX-4045 MODULO DE DOBLE RELAY,UNIDAD,1,0,0,1,0,0,1,GENERAL,0,0,0,0,0,1,06438,0,0
1,"MLCDF7-T MONITOR LED DE 7"" PARA GRABADORES MOVILES",UNIDAD,1,0,0,1,0,0,1,GENERAL,0,0,0,0,0,1,06676,0,0
1,MMF-300 MODULO MONITOR PARA CONACTOS NA FIRE-LITE,UNIDAD,1,0,0,1,0,0,1,GENERAL,0,0,0,0,0,1,05685,0,0
1,MN-CAB3A GABINETE SYMMETRY,UNIDAD,1,0,0,1,0,0,1,GENERAL,0,0,0,0,0,1,06248,0,0
1,MN-CAB4A GABINETE SYMMETRY,UNIDAD,1,0,0,1,0,0,1,GENERAL,0,0,0,0,0,1,06249,0,0
1,MN-PSU-6 FUENTE DE ALIMENTACION SYMMETRY 6 AMP,UNIDAD,1,0,0,1,0,0,1,GENERAL,0,0,0,0,0,1,06251,0,0
1,MN-PSU-KIT FUENTE DE ALIMENTACION SYMMETRY 3AMP,UNIDAD,1,0,0,1,0,0,1,GENERAL,0,0,0,0,0,1,06250,0,0
1,MN-SWI-1   4 PORT 10/100 SWITCH G4TEC,UNIDAD,1,0,0,1,0,0,1,GENERAL,0,0,0,0,0,1,01127,0,0
1,MN-TRANS-150-UL TRANSFORMADOR SYMMETRY UL DE 15VA,UNIDAD,1,0,0,1,0,0,1,GENERAL,0,0,0,0,0,1,06253,0,0
1,MN-TRANS-75-UL SYMMETRY 75VA UL TRANS 110V/18VAC,UNIDAD,1,0,0,1,0,0,1,GENERAL,0,0,0,0,0,1,06079,0,0
1,MOBILE-ID MOBILE ID SEOS SW,UNIDAD,1,0,0,1,0,0,1,GENERAL,0,0,0,0,0,1,06139,0,0
1,MOCHILA DE ALTA DURABILIDAD RESISTENTE AL AGUA,UNIDAD,1,0,0,1,0,0,1,GENERAL,0,0,0,0,0,1,05069,0,0
1,MOCHILA EN COROPLAST CON ADHESIVO Y CINC,UNIDAD,1,0,0,1,0,0,1,GENERAL,0,0,0,0,0,1,657,0,0
1,"MOCHILA FATMAX SOBRE RUEDAS 20"" STANLEY",UNIDAD,1,0,0,1,0,0,1,GENERAL,0,0,0,0,0,1,05060,0,0
1,MOCHILA P/HERRAMIENTAS STST,UNIDAD,1,0,0,1,0,0,1,GENERAL,0,0,0,0,0,1,870,0,0
1,MOCHILA PARA LAPTOP,UNIDAD,1,0,0,1,0,0,1,GENERAL,0,0,0,0,0,1,553,0,0
1,MOCHILA PARA LAPTOP,UNIDAD,1,0,0,1,0,0,1,GENERAL,0,0,0,0,0,1,05045,0,0
1,MOCHILAS PARA LAPTOP ENER,UNIDAD,1,0,0,1,0,0,1,GENERAL,0,0,0,0,0,1,05651,0,0
1,MODEM INALAMBRICO PREPAGO,UNIDAD,1,0,0,1,0,0,1,GENERAL,0,0,0,0,0,1,03157,0,0
1,MODULE EXTERNAL DIALER CAPTURE DCID-EXT,UNIDAD,1,0,0,1,0,0,1,GENERAL,0,0,0,0,0,1,05054,0,0
1,MODULO ANALOGO 4 PUERTOS PCI,UNIDAD,1,0,0,1,0,0,1,GENERAL,0,0,0,0,0,1,03473,0,0
1,MODULO CERRADURA ELECTRONICA AYR202-ZWV Z-WAVE,UNIDAD,1,0,0,1,0,0,1,GENERAL,0,0,0,0,0,1,06225,0,0
1,MODULO CONECTIVIDAD A PANELES SWH(RM-4),UNIDAD,1,0,0,1,0,0,1,GENERAL,0,0,0,0,0,1,01180,0,0
1,MODULO CONTROL PARA 2 PUERTAS,UNIDAD,1,0,0,1,0,0,1,GENERAL,0,0,0,0,0,1,0672,0,0
1,MODULO DCIC-EXT HONEWELL,UNIDAD,1,0,0,1,0,0,1,GENERAL,0,0,0,0,0,1,05316,0,0
1,MODULO DE ALARMA P/DVR MOVIL ALM-9804 XT,UNIDAD,1,0,0,1,0,0,1,GENERAL,0,0,0,0,0,1,03870,0,0
1,MODULO DE ALARMAS PARA XMR401HD Y XMR401HDS,UNIDAD,1,0,0,1,0,0,1,GENERAL,0,0,0,0,0,1,04776,0,0
1,MODULO DE COMUNICACION 34/G HIBRI PRO DS-PM2-S,UNIDAD,1,0,0,1,0,0,1,GENERAL,0,0,0,0,0,1,06364,0,0
1,MODULO DE COMUNICACION 7847I INTERNET,UNIDAD,1,0,0,1,0,0,1,GENERAL,0,0,0,0,0,1,03735,0,0
1,MÓDULO DE COMUNICACIÓN GPRS/GSM. 3G9080-LAT,UNIDAD,1,0,0,1,0,0,1,GENERAL,0,0,0,0,0,1,05477,0,0
1,MODULO DE COMUNICACION ILP5/GSM,UNIDAD,1,0,0,1,0,0,1,GENERAL,0,0,0,0,0,1,03733,0,0
1,MODULO DE COMUNICACION IP DSC,UNIDAD,1,0,0,1,0,0,1,GENERAL,0,0,0,0,0,1,04557,0,0
1,MODULO DE COMUNICACION LPL-LD4DUAL,UNIDAD,1,0,0,1,0,0,1,GENERAL,0,0,0,0,0,1,03005,0,0
1,MODULO DE COMUNICACION UDS110000201,UNIDAD,1,0,0,1,0,0,1,GENERAL,0,0,0,0,0,1,03188,0,0
1,MODULO DE CONEXIÓN 4G PARA DVR MOVIL,UNIDAD,1,0,0,1,0,0,1,GENERAL,0,0,0,0,0,1,04777,0,0
1,MODULO DE GPS PARA DVR MOVIL,UNIDAD,1,0,0,1,0,0,1,GENERAL,0,0,0,0,0,1,04778,0,0
1,MODULO DE PULSERA OM247-SOLO P/CONTROL DE REOS,UNIDAD,1,0,0,1,0,0,1,GENERAL,0,0,0,0,0,1,04611,0,0
1,MODULO DE RED CDVI-CA-ETHR-A,UNIDAD,1,0,0,1,0,0,1,GENERAL,0,0,0,0,0,1,01093,0,0
1,MODULO DE RED LANSRLU1 LANTRONIX,UNIDAD,1,0,0,1,0,0,1,GENERAL,0,0,0,0,0,1,06149,0,0
1,MODULO DE RELAY AUXILIAR (ARM-1),UNIDAD,1,0,0,1,0,0,1,GENERAL,0,0,0,0,0,1,01179,0,0
1,MODULO DE RELAYS CDVI-CA-A460-PNB,UNIDAD,1,0,0,1,0,0,1,GENERAL,0,0,0,0,0,1,01095,0,0
1,MODULO DE SALIDA NEO DSC HSM2204,UNIDAD,1,0,0,1,0,0,1,GENERAL,0,0,0,0,0,1,06116,0,0
1,MODULO DE VOLTEO DE TARJETAS IMP 2 CARAS F-SMART30,UNIDAD,1,0,0,1,0,0,1,GENERAL,0,0,0,0,0,1,04800,0,0
1,MODULO GIG ETH SX MINI GBIC SPF X,UNIDAD,1,0,0,1,0,0,1,GENERAL,0,0,0,0,0,1,03294,0,0
1,MODULO GPRS PCS250 P/MAGELLAN,UNIDAD,1,0,0,1,0,0,1,GENERAL,0,0,0,0,0,1,04031,0,0
1,MODULO GSM 200  RE,UNIDAD,1,0,0,1,0,0,1,GENERAL,0,0,0,0,0,1,2049,0,0
1,MODULO INTERFACE SERIAL,UNIDAD,1,0,0,1,0,0,1,GENERAL,0,0,0,0,0,1,04124,0,0
1,MODULO INTERFAZ WIEGAND PARA 4 LECTORES,UNIDAD,1,0,0,1,0,0,1,GENERAL,0,0,0,0,0,1,0707,0,0
1,MODULO LTE,UNIDAD,1,0,0,1,0,0,1,GENERAL,0,0,0,0,0,1,05442,0,0
1,MODULO MHUB828 GPS RE,UNIDAD,1,0,0,1,0,0,1,GENERAL,0,0,0,0,0,1,2060,0,0
1,MODULO MINI-GBIC P/FIBRA TL-SM311LS,UNIDAD,1,0,0,1,0,0,1,GENERAL,0,0,0,0,0,1,04950,0,0
1,MODULO PARA LECTRO ADSDUIOB,UNIDAD,1,0,0,1,0,0,1,GENERAL,0,0,0,0,0,1,03190,0,0
1,MODULO PARA MONTAJE REMOTO DSC,UNIDAD,1,0,0,1,0,0,1,GENERAL,0,0,0,0,0,1,04705,0,0
1,MODULO PARA SISTEMA DE GRABACION MOVIL XMRCHECK,UNIDAD,1,0,0,1,0,0,1,GENERAL,0,0,0,0,0,1,04959,0,0
1,"MODULO SFP TRANSCEIVER, MONOMODO, 1 HILO 1.25G, 13",UNIDAD,1,0,0,1,0,0,1,GENERAL,0,0,0,0,0,1,06574,0,0
1,MODULO TCP/IP PARADOX,UNIDAD,1,0,0,1,0,0,1,GENERAL,0,0,0,0,0,1,04162,0,0
1,MODULO TRANSCEPTOR HSM2HOST9,UNIDAD,1,0,0,1,0,0,1,GENERAL,0,0,0,0,0,1,04553,0,0
1,MODULO TRANSCEPTOR POWERG DSC,UNIDAD,1,0,0,1,0,0,1,GENERAL,0,0,0,0,0,1,04500,0,0
1,MODULO USB DE ENTRADA Y SALIDA 5000-50200,UNIDAD,1,0,0,1,0,0,1,GENERAL,0,0,0,0,0,1,06187,0,0
1,MOLINETE BOON EDAN SPEEDLANE 300W SIMPLE,UNIDAD,1,0,0,1,0,0,1,GENERAL,0,0,0,0,0,1,04810,0,0
1,MOLINETE BOON EDAN SPEEDLANE300A,UNIDAD,1,0,0,1,0,0,1,GENERAL,0,0,0,0,0,1,04623,0,0
1,MOLINETES,UNIDAD,1,0,0,1,0,0,1,GENERAL,0,0,0,0,0,1,0888,0,0
1,MOLINTETE BOON EDAN MOD SPEEDLANE300W,UNIDAD,1,0,0,1,0,0,1,GENERAL,0,0,0,0,0,1,04622,0,0
1,MONEY CLIP,UNIDAD,1,0,0,1,0,0,1,GENERAL,0,0,0,0,0,1,0140,0,0
1,MONEY CLIP RE,UNIDAD,1,0,0,1,0,0,1,GENERAL,0,0,0,0,0,1,5051,0,0
1,MONITOR,UNIDAD,1,0,0,1,0,0,1,GENERAL,0,0,0,0,0,1,06634,0,0
1,"MONITOR 15.6"" E1670",UNIDAD,1,0,0,1,0,0,1,GENERAL,0,0,0,0,0,1,04422,0,0
1,"MONITOR 21.5"" LED",UNIDAD,1,0,0,1,0,0,1,GENERAL,0,0,0,0,0,1,04998,0,0
1,"MONITOR 28"" P/MON.SAL.VGA,HDMI UN28F4000",UNIDAD,1,0,0,1,0,0,1,GENERAL,0,0,0,0,0,1,03786,0,0
1,"MONITOR 49"" FULL HD 1080 RE (GARANTIA",UNIDAD,1,0,0,1,0,0,1,GENERAL,0,0,0,0,0,1,05731,0,0
1,"MONITOR DE 17"" LCD  GML17N-1",UNIDAD,1,0,0,1,0,0,1,GENERAL,0,0,0,0,0,1,03165,0,0
1,MONITOR DE 19 PULG CON ENTRADA HDMI Y VGA,UNIDAD,1,0,0,1,0,0,1,GENERAL,0,0,0,0,0,1,03883,0,0
1,"MONITOR DE 19"" LCD TFT",UNIDAD,1,0,0,1,0,0,1,GENERAL,0,0,0,0,0,1,03846,0,0
1,MONITOR DE 43¨,UNIDAD,1,0,0,1,0,0,1,GENERAL,0,0,0,0,0,1,05883,0,0
1,MONITOR GE-GEL-15DV DE 15 PULGADAS,UNIDAD,1,0,0,1,0,0,1,GENERAL,0,0,0,0,0,1,01090,0,0
1,MONITOR HP DE 27 PULGADAS MODELO V27I,UNIDAD,1,0,0,1,0,0,1,GENERAL,0,0,0,0,0,1,06394,0,0
1,MONITOR LCD DE 15 PULGADAS,UNIDAD,1,0,0,1,0,0,1,GENERAL,0,0,0,0,0,1,0548,0,0
1,"MONITOR LED EVERFOCUS 19"" XGA, BNC, VGA",UNIDAD,1,0,0,1,0,0,1,GENERAL,0,0,0,0,0,1,03898,0,0
1,"MONITOR LENOVO 19.5"" LED 60DFAAR1US WIDE VGA 3Y E2",UNIDAD,1,0,0,1,0,0,1,GENERAL,0,0,0,0,0,1,04802,0,0
1,MONITOR MARCA AOC DE 18.5,UNIDAD,1,0,0,1,0,0,1,GENERAL,0,0,0,0,0,1,11,0,0
1,"MONITOR P/CAMARA 7"" LCD 12VCD 600MA",UNIDAD,1,0,0,1,0,0,1,GENERAL,0,0,0,0,0,1,843,0,0
1,MONITOR PARA VIDEO PORTERO COMMAX,UNIDAD,1,0,0,1,0,0,1,GENERAL,0,0,0,0,0,1,01075,0,0
1,MONITOR PORTATIL CON ENTRADA VNC,UNIDAD,1,0,0,1,0,0,1,GENERAL,0,0,0,0,0,1,06219,0,0
1,MONITOR PROBADOR DE VIDEO 2.5 P/CAMARAS,UNIDAD,1,0,0,1,0,0,1,GENERAL,0,0,0,0,0,1,844,0,0
1,MONITOR PROBADOR DE VIDEO UVM025 PULCERA,UNIDAD,1,0,0,1,0,0,1,GENERAL,0,0,0,0,0,1,03903,0,0
1,"MONITOR SAMSUNG/ XIOMI CD/TV 24""",UNIDAD,1,0,0,1,0,0,1,GENERAL,0,0,0,0,0,1,512,0,0
1,"MONITOR SIERA COLOR, 4"", CAM ME P/INTERC",UNIDAD,1,0,0,1,0,0,1,GENERAL,0,0,0,0,0,1,03936,0,0
1,MONITOR SPECO,UNIDAD,1,0,0,1,0,0,1,GENERAL,0,0,0,0,0,1,0496,0,0
1,MONITOR -TVM-1700,UNIDAD,1,0,0,1,0,0,1,GENERAL,0,0,0,0,0,1,03706,0,0
1,MONITOR -TVM-1900,UNIDAD,1,0,0,1,0,0,1,GENERAL,0,0,0,0,0,1,01025,0,0
1,MONITOREO,SRV,3,0,0,1,1,0,0,GENERAL,0,0,0,0,0,1,MONITORE,0,0
1,MONITOREO 24 HORAS,SRV,3,0,0,1,1,0,99,GENERAL,0,0,0,0,0,1,MONIT24,0,0
1,MONITOREO ALARMA,SRV,3,0,0,1,1,0,0,GENERAL,0,0,0,0,0,1,MONIT12,0,0
1,MONITOREO ALARMA,SRV,3,0,0,1,1,0,99,GENERAL,0,0,0,0,0,1,MONAL03,0,0
1,MONITOREO ALARMAS (COMERCIAL),SRV,3,0,0,1,1,0,99,GENERAL,0,0,0,0,0,1,MONAL06,0,0
1,MONITOREO ALARMAS (COMERCIAL).,SRV,3,0,0,1,1,0,99,GENERAL,0,0,0,0,0,1,MONAL12COM,0,0
1,MONITOREO ALARMAS (COMERCIAL)..,SRV,3,0,0,1,1,0,99,GENERAL,0,0,0,0,0,1,MONAL24COM,0,0
1,MONITOREO ALARMAS (COMERCIAL)...,SRV,3,0,0,1,1,0,99,GENERAL,0,0,0,0,0,1,MONAL36COM,0,0
1,MONITOREO ALARMAS (RESIDENCIAL),SRV,3,0,0,1,1,0,99,GENERAL,0,0,0,0,0,1,MONAL36,0,0
1,MONITOREO ALARMAS (RESIDENCIAL).,SRV,3,0,0,1,1,0,99,GENERAL,0,0,0,0,0,1,MONAL12,0,0
1,MONITOREO ALARMAS (RESIDENCIAL)..,SRV,3,0,0,1,1,0,99,GENERAL,0,0,0,0,0,1,MONAL24,0,0
1,MONITOREO CCTV,SRV,3,0,0,1,1,0,99,GENERAL,0,0,0,0,0,1,CCTV36,0,0
1,MONITOREO CCTV.,SRV,3,0,0,1,1,0,99,GENERAL,0,0,0,0,0,1,CCTV18,0,0
1,MONITOREO DE CCTV,SRV,3,0,0,1,1,0,0,GENERAL,0,0,0,0,0,1,MONICCTV,0,0
1,MONITOREO GPS,SRV,3,0,0,1,1,0,0,GENERAL,0,0,0,0,0,1,GPS001,0,0
1,MONITOREO GPS.,SRV,3,0,0,1,1,0,99,GENERAL,0,0,0,0,0,1,GPS12,0,0
1,MONITOREO GPS..,SRV,3,0,0,1,1,0,99,GENERAL,0,0,0,0,0,1,GPS24,0,0
1,MONITOREO GPS...,SRV,3,0,0,1,1,0,99,GENERAL,0,0,0,0,0,1,GPS36,0,0
1,MONITOREO SIS,SRV,3,0,0,1,1,0,0,GENERAL,0,0,0,0,0,1,MONTSIS,0,0
1,MONITORES ENERG.,UNIDAD,1,0,0,1,0,0,1,GENERAL,0,0,0,0,0,1,05653,0,0
1,"MONITORES LED AOC E970PWHEN 18.5""",UNIDAD,1,0,0,1,0,0,1,GENERAL,0,0,0,0,0,1,04493,0,0
1,MONITORISTA,SRV,3,0,0,1,1,0,2,GENERAL,0,0,0,0,0,1,MON001,0,0
1,MONTAJE TIPO L 1200 LBS,UNIDAD,1,0,0,1,0,0,1,GENERAL,0,0,0,0,0,1,05229,0,0
1,MONTAJE TIPO U SD-997Q,UNIDAD,1,0,0,1,0,0,1,GENERAL,0,0,0,0,0,1,03477,0,0
1,MONTAJE TIPO Z DE 1200 LBS,UNIDAD,1,0,0,1,0,0,1,GENERAL,0,0,0,0,0,1,05230,0,0
1,MONTIG TAP DOBLE CONTACTO 1/2 1.9MT,ROLLO,1,0,0,1,0,0,1,GENERAL,0,0,0,0,0,1,0741,0,0
1,"MONTURA PARA TV DE 26"" A 46"" MST46BKR",UNIDAD,1,0,0,1,0,0,1,GENERAL,0,0,0,0,0,1,03863,0,0
1,MORDAZA DE 1/4,UNIDAD,1,0,0,1,0,0,1,GENERAL,0,0,0,0,0,1,05019,0,0
1,MORDAZA PARA INSTALACION DE VARILLA ROSCADA  3/8,UNIDAD,1,0,0,1,0,0,1,GENERAL,0,0,0,0,0,1,06672,0,0
1,MOTOR / PAN SP3501-0017-01,UNIDAD,1,0,0,1,0,0,1,GENERAL,0,0,0,0,0,1,03310,0,0
1,MOTOR / TILT SP3501-0018-01,UNIDAD,1,0,0,1,0,0,1,GENERAL,0,0,0,0,0,1,03311,0,0
1,MOTOROLA MC3190 BARCODE SCANNER,UNIDAD,1,0,0,1,0,0,1,GENERAL,0,0,0,0,0,1,04238,0,0
1,"MOUNT INDR/OUTDR CAMERA MOUNT, FEED-THRU 12"" 20LB",UNIDAD,1,0,0,1,0,0,1,GENERAL,0,0,0,0,0,1,04599,0,0
1,MOUSE,UNIDAD,1,0,0,1,0,0,1,GENERAL,0,0,0,0,0,1,461,0,0
1,MOUSE OPTICO USB ENERG.,UNIDAD,1,0,0,1,0,0,1,GENERAL,0,0,0,0,0,1,05655,0,0
1,MOUSE USB INALAMBRICO,UNIDAD,1,0,0,1,0,0,1,GENERAL,0,0,0,0,0,1,460,0,0
1,MOUSE USB OPTICO,UNIDAD,1,0,0,1,0,0,1,GENERAL,0,0,0,0,0,1,924,0,0
1,MOUSE WIRELLESS D5D00001,UNIDAD,1,0,0,1,0,0,1,GENERAL,0,0,0,0,0,1,672,0,0
1,MOUSE-PAD,UNIDAD,1,0,0,1,0,0,1,GENERAL,0,0,0,0,0,1,418,0,0
1,MPS-810MPU ESTACION MANUAL DOBLE ACCION DIRECCIONA,UNIDAD,1,0,0,1,0,0,1,GENERAL,0,0,0,0,0,1,06424,0,0
1,MR688 INSTRUMENTO DE CONFIGURACION A MANO,4CM,1,0,0,1,0,0,1,GENERAL,0,0,0,0,0,1,05382,0,0
1,MR688-PV SENSOR DE FATIGA,90MM,1,0,0,1,0,0,1,GENERAL,0,0,0,0,0,1,05381,0,0
1,MS-9600LS PANEL FIRE-LITE HONEYWELL,UNIDAD,1,0,0,1,0,0,1,GENERAL,0,0,0,0,0,1,05682,0,0
1,MUEBLE PARA RESGUARDO DE GRABADOR DIGITA,UNIDAD,1,0,0,1,0,0,1,GENERAL,0,0,0,0,0,1,0799,0,0
1,MULION READER WIEGAND OM31BHOND,UNIDAD,1,0,0,1,0,0,1,GENERAL,0,0,0,0,0,1,06204,0,0
1,MULTAS ADMINISTRATIVO,,3,0,0,0,0,0,0,GENERAL,0,0,0,0,0,1,SRV0233,0,0
1,MULTAS DIRECTO,,3,0,0,0,0,0,0,GENERAL,0,0,0,0,0,1,SRV0231,0,0
1,MULTAS INDIRECTO,,3,0,0,0,0,0,0,GENERAL,0,0,0,0,0,1,SRV0232,0,0
1,MULTICONTACTO ELECTRICO,UNIDAD,1,0,0,1,0,0,1,GENERAL,0,0,0,0,0,1,03520,0,0
1,MULTIFUNCIONAL EPSON CISS M205,UNIDAD,1,0,0,1,0,0,1,GENERAL,0,0,0,0,0,1,788,0,0
1,MULTIHERRAMIENTA 12,UNIDAD,1,0,0,1,0,0,1,GENERAL,0,0,0,0,0,1,04972,0,0
1,MULTIHERRAMIENTA 13,UNIDAD,1,0,0,1,0,0,1,GENERAL,0,0,0,0,0,1,04970,0,0
1,MULTIHERRAMIENTA 14,UNIDAD,1,0,0,1,0,0,1,GENERAL,0,0,0,0,0,1,04969,0,0
1,MULTIHERRAMIENTA 22,UNIDAD,1,0,0,1,0,0,1,GENERAL,0,0,0,0,0,1,04971,0,0
1,MULTIMETRO DIGITAL DE GANCHO TRUPER 10404,UNIDAD,1,0,0,1,0,0,1,GENERAL,0,0,0,0,0,1,05092,0,0
1,MULTIMETRO DIGITAL FULGORE,UNIDAD,1,0,0,1,0,0,1,GENERAL,0,0,0,0,0,1,0682,0,0
1,MULTIMETRO DIGITAL TMC49,UNIDAD,1,0,0,1,0,0,1,GENERAL,0,0,0,0,0,1,03457,0,0
1,MULTIMETRO DIGITAL TRU037,UNIDAD,1,0,0,1,0,0,1,GENERAL,0,0,0,0,0,1,03458,0,0
1,MULTIMETRO DIGITAL TRUPER,UNIDAD,1,0,0,1,0,0,1,GENERAL,0,0,0,0,0,1,03061,0,0
1,MULTINODE CONTROLLER M2150-045-S,UNIDAD,1,0,0,1,0,0,1,GENERAL,0,0,0,0,0,1,02048,0,0
1,MULTINODE INPUT-M2150-AC8/4,UNIDAD,1,0,0,1,0,0,1,GENERAL,0,0,0,0,0,1,03217,0,0
1,MULTINODE INTERFAZ IN/OUT PROVEE 8 ENTRA,UNIDAD,1,0,0,1,0,0,1,GENERAL,0,0,0,0,0,1,0703,0,0
1,MULTINODE M2 150 TRANSFORMER 110/18VAC-,UNIDAD,1,0,0,1,0,0,1,GENERAL,0,0,0,0,0,1,0710,0,0
1,MULTINODE M2 150 TRANSFORMER-110V/18VAC-,UNIDAD,1,0,0,1,0,0,1,GENERAL,0,0,0,0,0,1,0701,0,0
1,MULTINODE M2150 TRANSFORMER -110/18VAC,UNIDAD,1,0,0,1,0,0,1,GENERAL,0,0,0,0,0,1,0724,0,0
1,MULTINODE WIN-4 WIEGAND INTERFACE MODULE,UNIDAD,1,0,0,1,0,0,1,GENERAL,0,0,0,0,0,1,03218,0,0
1,MULTIPUNTA RATCHET,UNIDAD,1,0,0,1,0,0,1,GENERAL,0,0,0,0,0,1,04973,0,0
1,NAVAJA 10-175L STANLEY USA,UNIDAD,1,0,0,1,0,0,1,GENERAL,0,0,0,0,0,1,0684,0,0
1,NAVAJA MULTIFUNCIONES TRU035,UNIDAD,1,0,0,1,0,0,1,GENERAL,0,0,0,0,0,1,03455,0,0
1,NB758SH DETECTOR DE HUMO Y CALOR 4 HILOS WIZMART,UNIDAD,1,0,0,1,0,0,1,GENERAL,0,0,0,0,0,1,05274,0,0
1,NBG-12LX ADDRESSABLE PULL STATION W/ FLA,UNIDAD,1,0,0,1,0,0,1,GENERAL,0,0,0,0,0,1,06586,0,0
1,NBIO460PACKAGEB PANEL IP BIOMETRICO 8 LECTORAS,UNDIAD,1,0,0,1,0,0,1,GENERAL,0,0,0,0,0,1,05931,0,0
1,NCR SERI 3 4CH BUILT-IN POE DR2304P,UNIDAD,1,0,0,1,0,0,1,GENERAL,0,0,0,0,0,1,05224,0,0
1,NEFTALINA,BOLA,1,0,0,1,0,0,1,GENERAL,0,0,0,0,0,1,0638,0,0
1,NET 4 PRO RE,UNIDAD,1,0,0,1,0,0,1,GENERAL,0,0,0,0,0,1,2048,0,0
1,NETAX - 123 1DR ADD - BOARD,UNIDAD,1,0,0,1,0,0,1,GENERAL,0,0,0,0,0,1,05102,0,0
1,NETGEAR 8 (4 PORT POE) NETWORK SWITCH,UNIDAD,1,0,0,1,0,0,1,GENERAL,0,0,0,0,0,1,0934,0,0
1,NEXTAX - 123 1 DOOR COMPACT ENC,UNIDAD,1,0,0,1,0,0,1,GENERAL,0,0,0,0,0,1,05101,0,0
1,NEXXT CABLE CAT 6 GRIS 1000´TIA/EIA 568A,METRO,1,0,0,1,0,0,1,GENERAL,0,0,0,0,0,1,04580,0,0
1,NEXXT KEYSTONE JACK CAT6 110 TYPE BL,UNIDAD,1,0,0,1,0,0,1,GENERAL,0,0,0,0,0,1,04582,0,0
1,NEXXT PLACA P/PARED 2 POSICION KEYSTONE,UNIDAD,1,0,0,1,0,0,1,GENERAL,0,0,0,0,0,1,04583,0,0
1,NEXXT UTP PATCH CORD CAT6A 3FT LSZH TYPE BL,UNIDAD,1,0,0,1,0,0,1,GENERAL,0,0,0,0,0,1,04581,0,0
1,NFW-50X PANEL DIRECCIONABLE DE DETECCION DE INCENC,UNIDAD,1,0,0,1,0,0,1,GENERAL,0,0,0,0,0,1,06552,0,0
1,NH-200 LOW PROFILE 135?F THERMA SENSOR,UNIDAD,1,0,0,1,0,0,1,GENERAL,0,0,0,0,0,1,06587,0,0
1,NIPLE BUSHING 1,UNIDAD,1,0,0,1,0,0,1,GENERAL,0,0,0,0,0,1,0841,0,0
1,NIPLE BUSHING DE  1  1/4,UNIDAD,1,0,0,1,0,0,1,GENERAL,0,0,0,0,0,1,02019,0,0
1,"NIVEL DE HILO DE 3""",UNIDAD,1,0,0,1,0,0,1,GENERAL,0,0,0,0,0,1,03301,0,0
1,NIVEL LASER VERDE GCL 2-15 G:,UNIDAD,1,0,0,1,0,0,1,GENERAL,0,0,0,0,0,1,05871,0,0
1,NIVEL TIPO TORPEDO STANLEY 42291,UNIDAD,1,0,0,1,0,0,1,GENERAL,0,0,0,0,0,1,805,0,0
1,"NIVEL TORPEDO PROF. 9""",UNIDAD,1,0,0,1,0,0,1,GENERAL,0,0,0,0,0,1,0846,0,0
1,NMM-100 ADDRESSABLE MONITOR MODULE,UNIDAD,1,0,0,1,0,0,1,GENERAL,0,0,0,0,0,1,06585,0,0
1,NORATEL: TRANSFORMADOR UNIVERSAL,UNIDAD,1,0,0,1,0,0,1,GENERAL,0,0,0,0,0,1,0289,0,0
1,NOTEBOOK HP PROBOOK 450 G6,UNIDAD,1,0,0,1,0,0,1,GENERAL,0,0,0,0,0,1,05262,0,0
1,NOTEBOOK PC HP COR2 DUO,UNIDAD,1,0,0,1,0,0,1,GENERAL,0,0,0,0,0,1,6,0,0
1,NP-200 -INTELLIGENT ADDRESSABLE PH DET,UNIDAD,1,0,0,1,0,0,1,GENERAL,0,0,0,0,0,1,06584,0,0
1,NPB1 SCVSW-PRO-IP SYMMETRY COMPLETEVIEW,UNIDAD,1,0,0,1,0,0,1,GENERAL,0,0,0,0,0,1,06086,0,0
1,NPC-06U64P GABINETE 600 X 450 MM NEXXT SOLUTIONS,UNIDAD,1,0,0,1,0,0,1,GENERAL,0,0,0,0,0,1,06727,0,0
1,NULTINODE CONTROLLER G4T-M2150-030-S,UNIDAD,1,0,0,1,0,0,1,GENERAL,0,0,0,0,0,1,03215,0,0
1,NV-16PS10-PVD 16-CH POWER SUPPLY CABLE INTEGRATOR,UNIDAD,1,0,0,1,0,0,1,GENERAL,0,0,0,0,0,1,05469,0,0
1,NV-FLX-024 PORT LONG REACH 2 POE 24 PUERTOS,UNIDAD,1,0,0,1,0,0,1,GENERAL,0,0,0,0,0,1,06125,0,0
1,NV-FLX-04 FLEX4 SWITCH NVT 4 PORT 30 WATTS,UNIDAD,1,0,0,1,0,0,1,GENERAL,0,0,0,0,0,1,05289,0,0
1,NV-FLX-08 FLEX8 SWITCH NVT 8PORT POE,UNIDAD,1,0,0,1,0,0,1,GENERAL,0,0,0,0,0,1,05287,0,0
1,NV-FLX-08 PORT LONG REACH 8 PUERTOS,UNIDAD,1,0,0,1,0,0,1,GENERAL,0,0,0,0,0,1,06126,0,0
1,NV-FLXLK-C FLEX-C ADAPTADOR DE 30 WTTS UTP,UNIDAD,1,0,0,1,0,0,1,GENERAL,0,0,0,0,0,1,05288,0,0
1,NVR 16 CANALES CON 8 PERTOS POE DS7116NISN/P,UNIDAD,1,0,0,1,0,0,1,GENERAL,0,0,0,0,0,1,04750,0,0
1,"NVR 22, H.265, 16 CHANNEL IP, 8TB  TVN-2216-8T TRU",UNIDAD,1,0,0,1,0,0,1,GENERAL,0,0,0,0,0,1,04756,0,0
1,NVR 32 CH 4K DS-9632NI-I8,UNIDAD,1,0,0,1,0,0,1,GENERAL,0,0,0,0,0,1,04905,0,0
1,NVR 32 CH DS-7732NI-14/16P,UNIDAD,1,0,0,1,0,0,1,GENERAL,0,0,0,0,0,1,06315,0,0
1,"NVR 4CH, NO HDD,500GB S/A GIN041 GRABADO",UNIDAD,1,0,0,1,0,0,1,GENERAL,0,0,0,0,0,1,03715,0,0
1,NVR 8 CH HANWHA,UNIDAD,1,0,0,1,0,0,1,GENERAL,0,0,0,0,0,1,06596,0,0
1,NVR CIN082/2TB,UNIDAD,1,0,0,1,0,0,1,GENERAL,0,0,0,0,0,1,03472,0,0
1,NVR DE 16 CANALES NVR4116HS-8P-4KS2/L  ONVIF DAHUA,UNIDAD,1,0,0,1,0,0,1,GENERAL,0,0,0,0,0,1,05913,0,0
1,NVR DE 8 CANALES NVRHIK,UNIDAD,1,0,0,1,0,0,1,GENERAL,0,0,0,0,0,1,05977,0,0
1,NVR DS-7604NI-K1 / 4P 4 CANALES IP HIKVISION,UNIDAD,1,0,0,1,0,0,1,GENERAL,0,0,0,0,0,1,05524,0,0
1,NVR DS-7616NI-K2/16P 16 CANALES IP HIKVISION,UNDIDAD,1,0,0,1,0,0,1,GENERAL,0,0,0,0,0,1,05522,0,0
1,"NVR HIKVISION 32 CANALES,  MODELO DS-7732NI-K4 SI",UNIDAD,1,0,0,1,0,0,1,GENERAL,0,0,0,0,0,1,05357,0,0
1,NVR PN1A-16X16F  PARAMONT 16 CANALES CON 16 POE,UNIDAD,1,0,0,1,0,0,1,GENERAL,0,0,0,0,0,1,06306,0,0
1,NVR SIERA (16CHPOE)PRO1032-16P-32CH320MBPS,UNIDAD,1,0,0,1,0,0,1,GENERAL,0,0,0,0,0,1,55,0,0
1,NVR SOFTWARE LICENSE (PER CAMERA,UNIDAD,1,0,0,1,0,0,1,GENERAL,0,0,0,0,0,1,0933,0,0
1,"NVR,16CH,WIRELESS S/A GNN16L-W GRABADOR",UNIDAD,1,0,0,1,0,0,1,GENERAL,0,0,0,0,0,1,03717,0,0
1,NVR-DS-7616NXI-K2/16P,UNIDAD,1,0,0,1,0,0,1,GENERAL,0,0,0,0,0,1,25,0,0
1,NVT  MODELO  NV-226J-PV,UNIDAD,1,0,0,1,0,0,1,GENERAL,0,0,0,0,0,1,02060,0,0
1,NVT MODELO NV 16PS13 PVD,UNIDAD,1,0,0,1,0,0,1,GENERAL,0,0,0,0,0,1,04915,0,0
1,NVT MODELO NV-214A-M,UNIDAD,1,0,0,1,0,0,1,GENERAL,0,0,0,0,0,1,02061,0,0
1,NVT MULTI-TRANSCEPTOR 32 ENTRADAS COMPAC,UNIDAD,1,0,0,1,0,0,1,GENERAL,0,0,0,0,0,1,01034,0,0
1,NVT-NV16PS42PVD,UNIDAD,1,0,0,1,0,0,1,GENERAL,0,0,0,0,0,1,03605,0,0
1,NYLON NEGRO,YARDA,1,0,0,1,0,0,1,GENERAL,0,0,0,0,0,1,03087,0,0
1,NYLON NEGRO DOBLE ANCHO,ROLLO,1,0,0,1,0,0,1,GENERAL,0,0,0,0,0,1,03412,0,0
1,OFFICE 2016 HOME & STUDENT 1 USUARIO,UNIDAD,1,0,0,1,0,0,1,GENERAL,0,0,0,0,0,1,05000,0,0
1,OFFICE DEPOT: AIRE COMPRIMIDO 20 OZ.DUSTER ONE,UNIDAD,1,0,0,1,0,0,1,GENERAL,0,0,0,0,0,1,0004,0,0
1,OFFICE DEPOT: LIMPIADOR DE CONTACTOS,UNIDAD,1,0,0,1,0,0,1,GENERAL,0,0,0,0,0,1,0120,0,0
1,OJO DE BUEY EMPOTRABLE DE 3 WATTS,UNIDAD,1,0,0,1,0,0,1,GENERAL,0,0,0,0,0,1,05668,0,0
1,OM247-PID P/CONTROL DE REOS,UNIDAD,1,0,0,1,0,0,1,GENERAL,0,0,0,0,0,1,04609,0,0
1,OM31BHONDT,UNIDAD,1,0,0,1,0,0,1,GENERAL,0,0,0,0,0,1,05643,0,0
1,OMNIPROX MINI RDR,UNIDAD,1,0,0,1,0,0,1,GENERAL,0,0,0,0,0,1,05104,0,0
1,OPERADOR CCTV,SRV,3,0,0,1,1,0,99,GENERAL,0,0,0,0,0,1,PERS004,0,0
1,OPTEX: PASIVO EXTERIOR VX-402 PATRON MULTIPLE,UNIDAD,1,0,0,1,0,0,1,GENERAL,0,0,0,0,0,1,0440,0,0
1,OPTEX: PASIVO INVFRARROJO OPTEX LX-402,UNIDAD,1,0,0,1,0,0,1,GENERAL,0,0,0,0,0,1,0076,0,0
1,OPTEX: PASIVO PARA EXTERIOR VX-402 INALAMBRICO,UNIDAD,1,0,0,1,0,0,1,GENERAL,0,0,0,0,0,1,0526,0,0
1,OPTEX: PIR INFRARROJO EXTERIOR OPTEX QXI-DT,UNIDAD,1,0,0,1,0,0,1,GENERAL,0,0,0,0,0,1,0077,0,0
1,OPTEX: SIRENA INALAMBRICA,UNIDAD,1,0,0,1,0,0,1,GENERAL,0,0,0,0,0,1,0256,0,0
1,"OPTIPLEX 9020/S, CORE I5-4590, 2X4GB,",UNIDAD,1,0,0,1,0,0,1,GENERAL,0,0,0,0,0,1,854,0,0
1,ORDENADOR PLASTICO #2,UNIDAD,1,0,0,1,0,0,1,GENERAL,0,0,0,0,0,1,3028,0,0
1,ORDENADOR PLASTICO #3,UNIDAD,1,0,0,1,0,0,1,GENERAL,0,0,0,0,0,1,3029,0,0
1,ORDENADOR PLASTICO COLOR AZUL,UNIDAD,1,0,0,1,0,0,1,GENERAL,0,0,0,0,0,1,3031,0,0
1,ORDENADOR PLASTICO NEGRO/TRASPARENTE,UNIDAD,1,0,0,1,0,0,1,GENERAL,0,0,0,0,0,1,3030,0,0
1,ORGANIZADOR 1 RMS METAL CON TAPA,UNIDAD,1,0,0,1,0,0,1,GENERAL,0,0,0,0,0,1,0796,0,0
1,ORGANIZADOR DE LLAVES 2 LEYS 36(H) X 26 X 9.5 CM,UNIDAD,1,0,0,1,0,0,1,GENERAL,0,0,0,0,0,1,04573,0,0
1,ORGANIZADOR HORIZONTAL 80MM*80MM,UNIDAD,1,0,0,1,0,0,1,GENERAL,0,0,0,0,0,1,04082,0,0
1,"ORGANIZADOR PARA CABLE 1""",UNIDAD,1,0,0,1,0,0,1,GENERAL,0,0,0,0,0,1,04285,0,0
1,ORGANIZADOR VERT.DOBLE100MM*100MM 204CM,UNIDAD,1,0,0,1,0,0,1,GENERAL,0,0,0,0,0,1,04093,0,0
1,ORGANIZADORES PARA RACK,UNIDAD,1,0,0,1,0,0,1,GENERAL,0,0,0,0,0,1,0327,0,0
1,OSE-SP-01 ANALIZADOR EMISOR OPTICO A BATERIAS,UNIDAD,1,0,0,1,0,0,1,GENERAL,0,0,0,0,0,1,06706,0,0
1,OSI-10 ANALIZADOR RECEPTOR OPTICO ALCANCE 150M,UNIDAD,1,0,0,1,0,0,1,GENERAL,0,0,0,0,0,1,06708,0,0
1,OSI-90 ANALIZADOR RECEPTOR OPTICO ALCANCE 50M,UNIDAD,1,0,0,1,0,0,1,GENERAL,0,0,0,0,0,1,06707,0,0
1,OSID-INST KIT DE INSTALACI?N OSID-DE,UNIDAD,1,0,0,1,0,0,1,GENERAL,0,0,0,0,0,1,06712,0,0
1,OTROS,SRV,3,0,0,1,0,0,99,GENERAL,0,0,0,0,0,1,OTROS,0,0
1,OUTODOOR OPER CAMERA HOUSING ALUMINIUM,UNIDAD,1,0,0,1,0,0,1,GENERAL,0,0,0,0,0,1,0634,0,0
1,P1205-B3 FUENTE DE ENERGIA CON GABINETE ZKTECO,UNIDAD,1,0,0,1,0,0,1,GENERAL,0,0,0,0,0,1,06688,0,0
1,P2R LUZ ESTRONBOSCOPICA SIRENA,UNIDAD,1,0,0,1,0,0,1,GENERAL,0,0,0,0,0,1,03097,0,0
1,"PA6-UL, ADAPTAPDOR DE 6 VDC UL PARA K32R",UNIDAD,1,0,0,1,0,0,1,GENERAL,0,0,0,0,0,1,03031,0,0
1,PACHON ACERO INOX. 600ML,UNIDAD,1,0,0,1,0,0,1,GENERAL,0,0,0,0,0,1,540,0,0
1,PACHON ACERO INOXIDABLE 600ML ROJO,UNIDAD,1,0,0,1,0,0,1,GENERAL,0,0,0,0,0,1,537,0,0
1,PACK - 6AA,UNIDAD,1,0,0,1,0,0,1,GENERAL,0,0,0,0,0,1,06319,0,0
1,PACK DE 100 LICENCIAS DE APLICACION SMARTPANICS,UNIDAD,1,0,0,1,0,0,1,GENERAL,0,0,0,0,0,1,06346,0,0
1,PACK-4AANIMH 4.8V,UNIDAD,1,0,0,1,0,0,1,GENERAL,0,0,0,0,0,1,06286,0,0
1,PADV3-BT TECLADO BLUETOOTH DANAPAD V3,UNIDAD,1,0,0,1,0,0,1,GENERAL,0,0,0,0,0,1,06549,0,0
1,PAGO DE GASTOS DE ADUANA,SERVICIOS,1,0,0,1,0,0,1,GENERAL,0,0,0,0,0,1,0873,0,0
1,PALA CON MANGO DE MADERA,UNIDAD,1,0,0,1,0,0,1,GENERAL,0,0,0,0,0,1,04220,0,0
1,PALA PLASTICA,UNIDAD,1,0,0,1,0,0,1,GENERAL,0,0,0,0,0,1,581,0,0
1,PANAMAX: PROTECTOR DE VOLTAJE DE 2 TOMA/FORZA,UNIDAD,1,0,0,1,0,0,1,GENERAL,0,0,0,0,0,1,0267,0,0
1,PANAMAX: PROTECTOR DE VOLTAJE DE 8 TOMAC,UNIDAD,1,0,0,1,0,0,1,GENERAL,0,0,0,0,0,1,0149,0,0
1,PANASONIC: CONTROL REMOTO DE DVR BI,UNIDAD,1,0,0,1,0,0,1,GENERAL,0,0,0,0,0,1,0062,0,0
1,"PANASONIC: TELEVISOR LCD DE 42"" MODELO TCL42U5X",UNIDAD,1,0,0,1,0,0,1,GENERAL,0,0,0,0,0,1,03322,0,0
1,PANEL ACCESO DE PANEL ZK INBIO 460,UNIDAD,1,0,0,1,0,0,1,GENERAL,0,0,0,0,0,1,05901,0,0
1,"PANEL ACCESO IP, PARA 4 LECTORAS",UNIDAD,1,0,0,1,0,0,1,GENERAL,0,0,0,0,0,1,03057,0,0
1,PANEL ACCESO KIT 4 IN/OUT IP+BIO INBIO46,UNIDAD,1,0,0,1,0,0,1,GENERAL,0,0,0,0,0,1,04360,0,0
1,"PANEL CLIMAX HYBRID , RECEPTOR RF INALAMBRICO 433",UNIDAD,1,0,0,1,0,0,1,GENERAL,0,0,0,0,0,1,06603,0,0
1,PANEL DE ACCESO 4 LECTORAS 2 PUERTAS ZKTECO,UNIDAD,1,0,0,1,0,0,1,GENERAL,0,0,0,0,0,1,05615,0,0
1,PANEL DE ACCESO 4 LECTORAS 4 PUERTAS ZKTECO,UNIDAD,1,0,0,1,0,0,1,GENERAL,0,0,0,0,0,1,06695,0,0
1,"PANEL DE ACCESO PVC 14X14""",UNIDAD,1,0,0,1,0,0,1,GENERAL,0,0,0,0,0,1,06729,0,0
1,PANEL DE ALARMA DSC DE 8 A 32 ZONAS PC1832PCBSPA,UNIDAD,1,0,0,1,0,0,1,GENERAL,0,0,0,0,0,1,04896,0,0
1,PANEL DE ALARMA HIBRIDO 48 ZONAS DS-PHA48-EP,UNIDAD,1,0,0,1,0,0,1,GENERAL,0,0,0,0,0,1,06362,0,0
1,PANEL DE CONTROL 120-3602S SN:,UNIDAD,1,0,0,1,0,0,1,GENERAL,0,0,0,0,0,1,03757,0,0
1,PANEL DE CONTROL DACTIL PARA DVR MOVIL XMR EPCOM,UNIDAD,1,0,0,1,0,0,1,GENERAL,0,0,0,0,0,1,04779,0,0
1,PANEL DE CONTROL DE AACESO 2 PUERTAS KT315,UNIDAD,1,0,0,1,0,0,1,GENERAL,0,0,0,0,0,1,05282,0,0
1,PANEL DE CONTROL DE ACCESO IP 1 PUERTA KT1,UNIDAD,1,0,0,1,0,0,1,GENERAL,0,0,0,0,0,1,05283,0,0
1,PANEL DE CONTROL DE ACCESO IP KANTECH EK-1M-RDR-LA,UNIDAD,1,0,0,1,0,0,1,GENERAL,0,0,0,0,0,1,06025,0,0
1,PANEL DE CONTROL DE ACCESO KT-315,UNIDAD,1,0,0,1,0,0,1,GENERAL,0,0,0,0,0,1,05327,0,0
1,PANEL DE CONTROL INAL.HS2128PCBSPA ALARM,UNIDAD,1,0,0,1,0,0,1,GENERAL,0,0,0,0,0,1,04297,0,0
1,PANEL DE CONTROL IP KANTECH EK-400,UNIDA,1,0,0,1,0,0,1,GENERAL,0,0,0,0,0,1,06065,0,0
1,PANEL DE CONTROL VISTA-250BPT,UNIDAD,1,0,0,1,0,0,1,GENERAL,0,0,0,0,0,1,06203,0,0
1,PANEL DE DOBLE RUTA CLIMAX HSGW-GEN2-V1 LTE DT-41,UNIDAD,1,0,0,1,0,0,1,GENERAL,0,0,0,0,0,1,06591,0,0
1,PANEL DE INCENCIO BOSCH ANALOGO FMR 1000 RA,UNIDAD,1,0,0,1,0,0,1,GENERAL,0,0,0,0,0,1,05876,0,0
1,PANEL DSC 3G8080 TF (DEMO),UNIDAD,1,0,0,1,0,0,1,GENERAL,0,0,0,0,0,1,05210,0,0
1,PANEL GPRS XL600,UNIDAD,1,0,0,1,0,0,1,GENERAL,0,0,0,0,0,1,03403,0,0
1,"PANEL HONEYWELL FBPT 128 ZONAS COMPLETO, BATERIA,",UNIDAD,1,0,0,1,0,0,1,GENERAL,0,0,0,0,0,1,05911,0,0
1,PANEL HUNTER PRO 8,UNIDAD,1,0,0,1,0,0,1,GENERAL,0,0,0,0,0,1,02057,0,0
1,PANEL HUNTER PRO RE,UNIDAD,1,0,0,1,0,0,1,GENERAL,0,0,0,0,0,1,2043,0,0
1,PANEL INALAMBRICO ADEMCO RE,UNIDAD,1,0,0,1,0,0,1,GENERAL,0,0,0,0,0,1,2045,0,0
1,PANEL INALAMBRICO LINXS1 Y PLUS RE,UNIDAD,1,0,0,1,0,0,1,GENERAL,0,0,0,0,0,1,2055,0,0
1,PANEL INALAMBRICO POWERMAX RE,UNIDAD,1,0,0,1,0,0,1,GENERAL,0,0,0,0,0,1,2046,0,0
1,PANEL IOTEGA,UNIDAD,1,0,0,1,0,0,1,GENERAL,0,0,0,0,0,1,05739,0,0
1,PANEL IOTEGA RE,UNIDAD,1,0,0,1,0,0,1,GENERAL,0,0,0,0,0,1,05902,0,0
1,PANEL IOTEGA W9TCHWNA DEMO,UNIDAD,1,0,0,1,0,0,1,GENERAL,0,0,0,0,0,1,05604,0,0
1,PANEL KIT PARADOX SPRIT 728,UNIDAD,1,0,0,1,0,0,1,GENERAL,0,0,0,0,0,1,0143,0,0
1,PANEL MAGELLAN 6250 RE,UNIDAD,1,0,0,1,0,0,1,GENERAL,0,0,0,0,0,1,2087,0,0
1,PANEL MAGELLAN INALAMBRICO MG 6250 RE,UNIDAD,1,0,0,1,0,0,1,GENERAL,0,0,0,0,0,1,04593,0,0
1,PANEL NEO DSC 8 ZONAS HIBRIDO,UNIDAD,1,0,0,1,0,0,1,GENERAL,0,0,0,0,0,1,04576,0,0
1,PANEL NEO HS2032 RMA,UNIDAD,1,0,0,1,0,0,1,GENERAL,0,0,0,0,0,1,05865,0,0
1,PANEL NEO HS2032PCBSPA,UNIDAD,1,0,0,1,0,0,1,GENERAL,0,0,0,0,0,1,05294,0,0
1,PANEL PARA LECTORAS SN-AS0101-003,UNIDAD,1,0,0,1,0,0,1,GENERAL,0,0,0,0,0,1,03070,0,0
1,PANEL QOLSYS (DEMO),UNIDAD,1,0,0,1,0,0,1,GENERAL,0,0,0,0,0,1,05211,0,0
1,PANEL SIMON (DEMO CASITA),UNIDAD,1,0,0,1,0,0,1,GENERAL,0,0,0,0,0,1,05208,0,0
1,PANEL SIMON RE,UNIDAD,1,0,0,1,0,0,1,GENERAL,0,0,0,0,0,1,04895,0,0
1,PANEL SIMON XT INTERACTIVE,UNIDAD,1,0,0,1,0,0,1,GENERAL,0,0,0,0,0,1,04618,0,0
1,PANEL SPECTRA SP5500,UNIDAD,1,0,0,1,0,0,1,GENERAL,0,0,0,0,0,1,03422,0,0
1,PANEL SPECTRA SP5500 + ACCESORIOS,UNIDAD,1,0,0,1,0,0,1,GENERAL,0,0,0,0,0,1,04406,0,0
1,PANEL VISTA 128FBPT- FIRE/BURG COMM,UNIDAD,1,0,0,1,0,0,1,GENERAL,0,0,0,0,0,1,03837,0,0
1,PANEL VISTA 15P,UNIDAD,1,0,0,1,0,0,1,GENERAL,0,0,0,0,0,1,05056,0,0
1,PANEL VISTA 20P,UNIDAD,1,0,0,1,0,0,1,GENERAL,0,0,0,0,0,1,05057,0,0
1,PANEL VISTA 21IP,UNIDAD,1,0,0,1,0,0,1,GENERAL,0,0,0,0,0,1,06058,0,0
1,PANEL VISTA 48 + TECLADO 6148,KIT,1,0,0,1,0,0,1,GENERAL,0,0,0,0,0,1,0744,0,0
1,PANELES DE ALARMA,UNI,2,1,0,1,0,0,0,GENERAL,0,0,0,0,0,1,PAN001,0,0
1,"PANTALLA LCD 32"" LG (SIMETRY)",UNIDAD,1,0,0,1,0,0,1,GENERAL,0,0,0,0,0,1,0626,0,0
1,"PANTALLA TV 50-55 "" LG",UNIDAD,1,0,0,1,0,0,1,GENERAL,0,0,0,0,0,1,03646,0,0
1,PANTALON LONA AZUL,UNIDAD,1,0,0,1,0,0,1,GENERAL,0,0,0,0,0,1,651,0,0
1,PANTALON MOTORISTA ENGUATADO L,UNIDAD,1,0,0,1,0,0,1,GENERAL,0,0,0,0,0,1,06040,0,0
1,PANTALON MOTORISTA ENGUATADO M,UNIDAD,1,0,0,1,0,0,1,GENERAL,0,0,0,0,0,1,06038,0,0
1,PANTALON MOTORISTA ENGUATADO S,UNIDAD,1,0,0,1,0,0,1,GENERAL,0,0,0,0,0,1,06036,0,0
1,PANTALON MOTORISTA ENGUATADO XL,UNIDAD,1,0,0,1,0,0,1,GENERAL,0,0,0,0,0,1,06042,0,0
1,PAPEL BLANCO CARTA,RESMA,1,0,0,1,0,0,1,GENERAL,0,0,0,0,0,1,350,0,0
1,PAPEL BLANCO OFICIO,RESMA,1,0,0,1,0,0,1,GENERAL,0,0,0,0,0,1,351,0,0
1,PAPEL CARBON CARTA,CAJA,1,0,0,1,0,0,1,GENERAL,0,0,0,0,0,1,353,0,0
1,PAPEL CARBON OFICIO,CAJA,1,0,0,1,0,0,1,GENERAL,0,0,0,0,0,1,354,0,0
1,PAPEL CONTINUO 911 DE 1 PARTE,CAJA,1,0,0,1,0,0,1,GENERAL,0,0,0,0,0,1,406,0,0
1,PAPEL CONTINUO 911 DE 2 PARTES,CAJA,1,0,0,1,0,0,1,GENERAL,0,0,0,0,0,1,407,0,0
1,PAPEL CONTINUO 911 DE 3 PARTES,CAJA,1,0,0,1,0,0,1,GENERAL,0,0,0,0,0,1,408,0,0
1,PAPEL CONTINUO 955 2 PARTES 1/2 CARTA TC,CAJA,1,0,0,1,0,0,1,GENERAL,0,0,0,0,0,1,478,0,0
1,PAPEL DE BAÑO DE 500 MTS,CAJA,1,0,0,1,0,0,1,GENERAL,0,0,0,0,0,1,473,0,0
1,PAPEL EN ROLLO BLANCO,CAJA,1,0,0,1,0,0,1,GENERAL,0,0,0,0,0,1,474,0,0
1,PAPEL PARA DIPLOMA,UNIDAD,1,0,0,1,0,0,1,GENERAL,0,0,0,0,0,1,631,0,0
1,PAPEL TERMICO PARA FAX,ROLLO,1,0,0,1,0,0,1,GENERAL,0,0,0,0,0,1,352,0,0
1,PAPELERA DE METAL DE 3 NIVELES,UNIDAD,1,0,0,1,0,0,1,GENERAL,0,0,0,0,0,1,499,0,0
1,PAPELERIA Y UTILES ADMINISTRATIVO,,3,0,0,0,0,0,0,GENERAL,0,0,0,0,0,1,SRV0190,0,0
1,PAPELERIA Y UTILES DIRECTO,,3,0,0,0,0,0,0,GENERAL,0,0,0,0,0,1,SRV0188,0,0
1,PAPELERIA Y UTILES INDIRECTO,,3,0,0,0,0,0,0,GENERAL,0,0,0,0,0,1,SRV0189,0,0
1,PAPLE CONSTRUCCION SERIE,UNIDAD,1,0,0,1,0,0,1,GENERAL,0,0,0,0,0,1,449,0,0
1,PAQUETE DE 100 TAGS ADHESIVOS PROLA,UNIDAD,1,0,0,1,0,0,1,GENERAL,0,0,0,0,0,1,04536,0,0
1,PAQUETE IMAN PARA MAGNETICO LIVIANO 5816,PAQUETE,1,0,0,1,0,0,1,GENERAL,0,0,0,0,0,1,0727,0,0
1,PAR DE BOTAS PARA MOTORISTA,PAR,1,0,0,1,0,0,1,GENERAL,0,0,0,0,0,1,87,0,0
1,PAR DE GUANTES ENGUATADOS,PARES,1,0,0,1,0,0,1,GENERAL,0,0,0,0,0,1,71,0,0
1,PARA DE DETECTORES (EAS) PROAT03,UNIDAD,1,0,0,1,0,0,1,GENERAL,0,0,0,0,0,1,04534,0,0
1,PARADOX TECLADO SPECTRA RE,UNIDAD,1,0,0,1,0,0,1,GENERAL,0,0,0,0,0,1,2099,0,0
1,PARADOX: CONCENTRADOR Y AISLADOR DE BUS 2 PUERTOS,UNIDAD,1,0,0,1,0,0,1,GENERAL,0,0,0,0,0,1,04294,0,0
1,PARADOX: CONSOLA / TECLADO SPECTRA,UNIDAD,1,0,0,1,0,0,1,GENERAL,0,0,0,0,0,1,0382,0,0
1,PARADOX: CONTROL DE ACCESO CR-R880-BL,UNIDAD,1,0,0,1,0,0,1,GENERAL,0,0,0,0,0,1,0395,0,0
1,PARADOX: DETECTOR DE MOV. DOBLE TECNOLOGIA - 525D,UNIDAD,1,0,0,1,0,0,1,GENERAL,0,0,0,0,0,1,0069,0,0
1,PARADOX: DETECTOR DE MOVIMIENTO DG75,UNIDAD,1,0,0,1,0,0,1,GENERAL,0,0,0,0,0,1,0073,0,0
1,PARADOX: DETECTOR DE MOVIMIENTO EXTERIOR,UNIDAD,1,0,0,1,0,0,1,GENERAL,0,0,0,0,0,1,0352,0,0
1,PARADOX: DETECTOR DE MOVIMIENTO PARA EXT,UNIDAD,1,0,0,1,0,0,1,GENERAL,0,0,0,0,0,1,0078,0,0
1,PARADOX: DETECTOR DE MOVIMIENTO PARA EXT,UNIDAD,1,0,0,1,0,0,1,GENERAL,0,0,0,0,0,1,0079,0,0
1,PARADOX: DETECTOR DOBLE TECNOLOGIA 525,UNIDAD,1,0,0,1,0,0,1,GENERAL,0,0,0,0,0,1,04109,0,0
1,PARADOX: DETECTOR HUMO FOTOELECTRICO 4HI,UNIDAD,1,0,0,1,0,0,1,GENERAL,0,0,0,0,0,1,03703,0,0
1,PARADOX: DETECTOR ROTURA DE VIDRIO DG457,UNIDAD,1,0,0,1,0,0,1,GENERAL,0,0,0,0,0,1,0357,0,0
1,PARADOX: EXPANSOR DE ZONAS MG500,UNIDAD,1,0,0,1,0,0,1,GENERAL,0,0,0,0,0,1,0408,0,0
1,PARADOX: GABINETE METALICO P/FUENTE DE PODER,UNIDAD,1,0,0,1,0,0,1,GENERAL,0,0,0,0,0,1,0103,0,0
1,PARADOX: JUEGO DE FOTOCELDAS PARA EXTERIOR TB-60,UNIDAD,1,0,0,1,0,0,1,GENERAL,0,0,0,0,0,1,0511,0,0
1,PARADOX: KIT COMBO  PANEL MAGELLAN MG5050 + ACCES,UNIDAD,1,0,0,1,0,0,1,GENERAL,0,0,0,0,0,1,04030,0,0
1,PARADOX: KIT CONTROL ESPECTRA + TECLADO + GABINET,KIT,1,0,0,1,0,0,1,GENERAL,0,0,0,0,0,1,0527,0,0
1,PARADOX: KIT CONVERTIDOR PARADOX (SETELC,UNIDAD,1,0,0,1,0,0,1,GENERAL,0,0,0,0,0,1,0064,0,0
1,PARADOX: KIT PANEL PCB SP600+8*10*3,KIT,1,0,0,1,0,0,1,GENERAL,0,0,0,0,0,1,0552,0,0
1,PARADOX: LECTORA DE PROXIMIDAD,UNIDAD,1,0,0,1,0,0,1,GENERAL,0,0,0,0,0,1,0118,0,0
1,PARADOX: MAGNETICO INALAMBRICO DCT10,UNIDAD,1,0,0,1,0,0,1,GENERAL,0,0,0,0,0,1,03538,0,0
1,PARADOX: MAGNETICO INALAMBRICO MG-DCT2,UNIDAD,1,0,0,1,0,0,1,GENERAL,0,0,0,0,0,1,03923,0,0
1,PARADOX: MAGNETICO INALAMBRICO MG-DCT2  RE,UNIDAD,1,0,0,1,0,0,1,GENERAL,0,0,0,0,0,1,04569,0,0
1,PARADOX: MODULO COMUNICADOR GPRS/GSM,UNIDAD,1,0,0,1,0,0,1,GENERAL,0,0,0,0,0,1,02093,0,0
1,PARADOX: MODULO DE VOZ ARMADO/DESARMADO,UNIDAD,1,0,0,1,0,0,1,GENERAL,0,0,0,0,0,1,03304,0,0
1,PARADOX: MODULO INALAMBRICO DE 2 PGM 433MHZ,UNIDAD,1,0,0,1,0,0,1,GENERAL,0,0,0,0,0,1,04118,0,0
1,PARADOX: PANEL EVO 192,UNIDAD,1,0,0,1,0,0,1,GENERAL,0,0,0,0,0,1,03251,0,0
1,PARADOX: PANEL MG-650 32 ZONAS,UNIDAD,1,0,0,1,0,0,1,GENERAL,0,0,0,0,0,1,03539,0,0
1,PARADOX: PANEL PARADOX 1728,UNIDAD,1,0,0,1,0,0,1,GENERAL,0,0,0,0,0,1,0269,0,0
1,PARADOX: PANEL SPRIT 728 UL,UNIDAD,1,0,0,1,0,0,1,GENERAL,0,0,0,0,0,1,0195,0,0
1,PARADOX: PANEL SPRIT E55,UNIDAD,1,0,0,1,0,0,1,GENERAL,0,0,0,0,0,1,0270,0,0
1,PARADOX: PASIVO 360 GRADOS DEG467,UNIDAD,1,0,0,1,0,0,1,GENERAL,0,0,0,0,0,1,06-DG467,0,0
1,PARADOX: PASIVO ANTIMASCOTAS 476 PET (PARADOX),UNIDAD,1,0,0,1,0,0,1,GENERAL,0,0,0,0,0,1,0168,0,0
1,PARADOX: PASIVO INFRARROJO 35*35 LIGHT PRO 476,UNIDAD,1,0,0,1,0,0,1,GENERAL,0,0,0,0,0,1,0433,0,0
1,PARADOX: PASIVO INFRARROJO 35X35 LIGHT PRO 476,UNIDAD,1,0,0,1,0,0,1,GENERAL,0,0,0,0,0,1,06-476+,0,0
1,PARADOX: PASIVO INFRARROJO EXTERIOR DG85,UNIDAD,1,0,0,1,0,0,1,GENERAL,0,0,0,0,0,1,0403,0,0
1,PARADOX: PASIVO NV500,UNIDAD,1,0,0,1,0,0,1,GENERAL,0,0,0,0,0,1,03134,0,0
1,PARADOX: RECEPTOR INALAMBRICO MG-RCV51RC,UNIDAD,1,0,0,1,0,0,1,GENERAL,0,0,0,0,0,1,0410,0,0
1,PARADOX: RECEPTOR IPR15 PARADOX,UNIDAD,1,0,0,1,0,0,1,GENERAL,0,0,0,0,0,1,03372,0,0
1,PARADOX: REPETIDORA INLAMBRICA MAGELLAN,UNIDAD,1,0,0,1,0,0,1,GENERAL,0,0,0,0,0,1,0404,0,0
1,PARADOX: SENSOR DE CORTINA 460,UNIDAD,1,0,0,1,0,0,1,GENERAL,0,0,0,0,0,1,0072,0,0
1,PARADOX: SENSOR INALAMBRICO PMD75,UNIDAD,1,0,0,1,0,0,1,GENERAL,0,0,0,0,0,1,03198,0,0
1,PARADOX: SENSOR PERIMETRAL INALAMBRICO NVR780,UNIDAD,1,0,0,1,0,0,1,GENERAL,0,0,0,0,0,1,04349,0,0
1,PARADOX: TARJETA 748 SPRIT,UNIDAD,1,0,0,1,0,0,1,GENERAL,0,0,0,0,0,1,0194,0,0
1,PARADOX: TECLADO  INALAMBRICO K32RF,UNIDAD,1,0,0,1,0,0,1,GENERAL,0,0,0,0,0,1,03540,0,0
1,PARADOX: TECLADO 636SP,UNIDAD,1,0,0,1,0,0,1,GENERAL,0,0,0,0,0,1,0204,0,0
1,PARADOX: TECLADO K-10 B,UNIDAD,1,0,0,1,0,0,1,GENERAL,0,0,0,0,0,1,0580,0,0
1,PARADOX: TECLADO K32 LCD,UNIDAD,1,0,0,1,0,0,1,GENERAL,0,0,0,0,0,1,04037,0,0
1,PARADOX: TECLADO LED 32 ZONAS,UNIDAD,1,0,0,1,0,0,1,GENERAL,0,0,0,0,0,1,0409,0,0
1,PARADOX: TECLADO SPECTRA  K-32,UNIDAD,1,0,0,1,0,0,1,GENERAL,0,0,0,0,0,1,0208,0,0
1,PARADOX: TECLADO SPRIT,UNIDAD,1,0,0,1,0,0,1,GENERAL,0,0,0,0,0,1,0209,0,0
1,PARADOX: TECLADO TOUCH TM10  TTM4,UNIDAD,1,0,0,1,0,0,1,GENERAL,0,0,0,0,0,1,03248,0,0
1,PARADOX: TELCADO NUMERICO K636 J9B,UNIDAD,1,0,0,1,0,0,1,GENERAL,0,0,0,0,0,1,0353,0,0
1,PAR-ALLTXIRA28 CAMARA DOMO PARA EXTERIOR 2MP INVIT,UNIDAD,1,0,0,1,0,0,1,GENERAL,0,0,0,0,0,1,06734,0,0
1,PARCHE OCULAR,UNIDAD,1,0,0,1,0,0,1,GENERAL,0,0,0,0,0,1,03321,0,0
1,PAR-P4BIR28NH-AI CAMARA BALA EXTERIOR  INVIDTECH,UNIDAD,1,0,0,1,0,0,1,GENERAL,0,0,0,0,0,1,06382,0,0
1,PAR-P4TXIR28NH-AI CAMARA DOMO INVIDTECH IP 4MP,UNIDAD,1,0,0,1,0,0,1,GENERAL,0,0,0,0,0,1,06378,0,0
1,PARRILLA MULTIUSOS 2' X30,UNIDAD,1,0,0,1,0,0,1,GENERAL,0,0,0,0,0,1,03631,0,0
1,PARRILLA MULTIUSOS 2' X30 CM,UNIDAD,1,0,0,1,0,0,1,GENERAL,0,0,0,0,0,1,680,0,0
1,PARRILLA MULTIUSOS 3' X 30CM,UNIDAD,1,0,0,1,0,0,1,GENERAL,0,0,0,0,0,1,03632,0,0
1,PARRILLA MULTIUSOS 3' X30 CM,UNIDAD,1,0,0,1,0,0,1,GENERAL,0,0,0,0,0,1,684,0,0
1,"PART #50070334 IRS RECEIVER, SL300",UNDIAD,1,0,0,1,0,0,1,GENERAL,0,0,0,0,0,1,05951,0,0
1,"PART #50070335 IRS TRANSMITTER, SL300",UNIDAD,1,0,0,1,0,0,1,GENERAL,0,0,0,0,0,1,05952,0,0
1,PART #55773080 MODIFIED FLEXIBLE INSERT COUPLING,UNIDAD,1,0,0,1,0,0,1,GENERAL,0,0,0,0,0,1,05953,0,0
1,PARTE PARA MONTAJE DE CAMARA HCM150,UNIDAD,1,0,0,1,0,0,1,GENERAL,0,0,0,0,0,1,03358,0,0
1,PASACABLES REDONDO DE 1 1/4,UNIDAD,1,0,0,1,0,0,1,GENERAL,0,0,0,0,0,1,03419,0,0
1,PASACORRIENTE DE RIEL DE AC,UNIDAD,1,0,0,1,0,0,1,GENERAL,0,0,0,0,0,1,06158,0,0
1,PASADOR ACERO INOX 30MM MHA616,UNIDAD,1,0,0,1,0,0,1,GENERAL,0,0,0,0,0,1,02080,0,0
1,PASE DE SALIDA  DE VEHICULOS,UNIDAD,1,0,0,1,0,0,1,GENERAL,0,0,0,0,0,1,666,0,0
1,PASE DE SALIDA DE VEHICULOS,UNIDAD,1,0,0,1,0,0,1,GENERAL,0,0,0,0,0,1,05573,0,0
1,PASIVO 360 GRADOS RE,UNIDAD,1,0,0,1,0,0,1,GENERAL,0,0,0,0,0,1,2091,0,0
1,PASIVO ANTIMASCOTAS LC100PI,UNIDAD,1,0,0,1,0,0,1,GENERAL,0,0,0,0,0,1,04549,0,0
1,PASIVO DOBLE TECNOLOGIA LH918LL,UNIDAD,1,0,0,1,0,0,1,GENERAL,0,0,0,0,0,1,0952,0,0
1,PASIVO DSC LC-100-PI,UNIDAD,1,0,0,1,0,0,1,GENERAL,0,0,0,0,0,1,04933,0,0
1,PASIVO DSC PG9934P,UNIDAD,1,0,0,1,0,0,1,GENERAL,0,0,0,0,0,1,05309,0,0
1,PASIVO DUAL TEC TLC-2 SWAN 1000,UNIDAD,1,0,0,1,0,0,1,GENERAL,0,0,0,0,0,1,0871,0,0
1,PASIVO EXTERIOR INTERLOGIX (DEMO),UNIDAD,1,0,0,1,0,0,1,GENERAL,0,0,0,0,0,1,05195,0,0
1,PASIVO EXTERIOR INTERLOGIX XT-2810-01-4,UNIDAD,1,0,0,1,0,0,1,GENERAL,0,0,0,0,0,1,04541,0,0
1,PASIVO EXTERIOR OPTEX 2 PIR + WS4945 DSC,UNIDAD,1,0,0,1,0,0,1,GENERAL,0,0,0,0,0,1,04388,0,0
1,PASIVO EXTERIOR OPTEX VXI-R INALAMBRICO EN VOLTAJE,UNIDAD,1,0,0,1,0,0,1,GENERAL,0,0,0,0,0,1,05580,0,0
1,PASIVO EXTERIOR QUAD DOBLE Y MW IP65,UNIDAD,1,0,0,1,0,0,1,GENERAL,0,0,0,0,0,1,EDS-3000,0,0
1,PASIVO INALAMBRICO 60-807-95R,UNIDAD,1,0,0,1,0,0,1,GENERAL,0,0,0,0,0,1,04466,0,0
1,PASIVO INALAMBRICO K9 VISONIC,UNIDAD,1,0,0,1,0,0,1,GENERAL,0,0,0,0,0,1,04393,0,0
1,PASIVO INALAMBRICO RE PG9914,UNIDAD,1,0,0,1,0,0,1,GENERAL,0,0,0,0,0,1,05903,0,0
1,PASIVO INFRAROJO INALAMBRICO 5890PI RE,UNIDAD,1,0,0,1,0,0,1,GENERAL,0,0,0,0,0,1,2067,0,0
1,PASIVO INFRARROJO EXTERIOR DG85 RE,UNIDAD,1,0,0,1,0,0,1,GENERAL,0,0,0,0,0,1,2057,0,0
1,PASIVO INTERLOGIX 60-511-02-95,UNIDAD,1,0,0,1,0,0,1,GENERAL,0,0,0,0,0,1,05157,0,0
1,PASIVO OPTEX 402 LX RE,UNIDAD,1,0,0,1,0,0,1,GENERAL,0,0,0,0,0,1,5497,0,0
1,PASIVO PARADOX PMD2P RE,UNIDAD,1,0,0,1,0,0,1,GENERAL,0,0,0,0,0,1,04796,0,0
1,PASIVO PARADOX RE,UNIDAD,1,0,0,1,0,0,1,GENERAL,0,0,0,0,0,1,2001,0,0
1,PASIVO SIMON RE,UNIDAD,1,0,0,1,0,0,1,GENERAL,0,0,0,0,0,1,2095,0,0
1,PASIVO VIDEO NVT NV214A-M 1-CH,UNIDAD,1,0,0,1,0,0,1,GENERAL,0,0,0,0,0,1,03951,0,0
1,PASSIVE INFRARROJO DETECTOR,UNIDAD,1,0,0,1,0,0,1,GENERAL,0,0,0,0,0,1,0344,0,0
1,PASTA PARA SOLDAR,UNIDAD,1,0,0,1,0,0,1,GENERAL,0,0,0,0,0,1,06644,0,0
1,PASTA PLASTICA COLOR NEGRO,UNIDAD,1,0,0,1,0,0,1,GENERAL,0,0,0,0,0,1,641,0,0
1,PASTA PLASTICA TRANSPARENTE CARTA,UNIDAD,1,0,0,1,0,0,1,GENERAL,0,0,0,0,0,1,640,0,0
1,PASTA RESANADORA,BOLSA,1,0,0,1,0,0,1,GENERAL,0,0,0,0,0,1,03550,0,0
1,PATCH CORD 1 PIE CAT5,UNIDAD,1,0,0,1,0,0,1,GENERAL,0,0,0,0,0,1,41,0,0
1,PATCH CORD 3 PIES,UNIDAD,1,0,0,1,0,0,1,GENERAL,0,0,0,0,0,1,04084,0,0
1,PATCH CORD 7 PIES COLO AZUL,UNIDAD,1,0,0,1,0,0,1,GENERAL,0,0,0,0,0,1,03201,0,0
1,"PATCH CORD 7"" CAT6 C/ROJO",UNIDAD,1,0,0,1,0,0,1,GENERAL,0,0,0,0,0,1,04088,0,0
1,PATCH CORD 8 MT CAT6,UNIDAD,1,0,0,1,0,0,1,GENERAL,0,0,0,0,0,1,05053,0,0
1,PATCH CORD AZUL 3FT CAT 5E,UNIDAD,1,0,0,1,0,0,1,GENERAL,0,0,0,0,0,1,0794,0,0
1,PATCH CORD AZUL CAT 6 7FT SC,UNIDAD,1,0,0,1,0,0,1,GENERAL,0,0,0,0,0,1,0791,0,0
1,PATCH CORD CAT6  5 PIES COLOR AZUL,UNIDAD,1,0,0,1,0,0,1,GENERAL,0,0,0,0,0,1,03292,0,0
1,"PATCH CORD CAT6 3"" AZUL",UNIDAD,1,0,0,1,0,0,1,GENERAL,0,0,0,0,0,1,04081,0,0
1,"PATCH CORD CAT6 7"" AZUL",UNIDAD,1,0,0,1,0,0,1,GENERAL,0,0,0,0,0,1,04087,0,0
1,PATCH CORD FIBRA OPTICA CATF-LU-SU9C,UNIDAD,1,0,0,1,0,0,1,GENERAL,0,0,0,0,0,1,04951,0,0
1,PATCH CORD LC-SC DUPLEX CATF-LP-SP5C,UNIDAD,1,0,0,1,0,0,1,GENERAL,0,0,0,0,0,1,04952,0,0
1,PATCH CORD ROJO 7FT CAT 5E,UNIDAD,1,0,0,1,0,0,1,GENERAL,0,0,0,0,0,1,0793,0,0
1,PATCH CORD SC/PC DUPLEX SM 5MTS,UNIDAD,1,0,0,1,0,0,1,GENERAL,0,0,0,0,0,1,04974,0,0
1,PATCH PANEL (DEMO),UNIDAD,1,0,0,1,0,0,1,GENERAL,0,0,0,0,0,1,3025,0,0
1,PATCH PANEL 24 PUERTOS CAT6,UNIDAD,1,0,0,1,0,0,1,GENERAL,0,0,0,0,0,1,04099,0,0
1,PATCH PANEL 48 PUERTOS,UNIDAD,1,0,0,1,0,0,1,GENERAL,0,0,0,0,0,1,0795,0,0
1,PATCH PANEL DE 16 PUERTOS CAT 5,UNIDAD,1,0,0,1,0,0,1,GENERAL,0,0,0,0,0,1,04914,0,0
1,PATRULLAJE SIS,SRV,3,0,0,1,1,0,0,GENERAL,0,0,0,0,0,1,PATSIS,0,0
1,PB -2318-SQ BOTON DE SALIDA SECOLARM,UNDIAD,1,0,0,1,0,0,1,GENERAL,0,0,0,0,0,1,05945,0,0
1,PB-15-F1 PULSADOR DE P?NICO VIA RADIO VESTA,UNIDAD,1,0,0,1,0,0,1,GENERAL,0,0,0,0,0,1,06607,0,0
1,PB-2318-SQ BOTON DE SALIDA SECO-ALARM ENFORCER,UNIDAD,1,0,0,1,0,0,1,GENERAL,0,0,0,0,0,1,05927,0,0
1,PB-2618-GQ BOTON DE SALIDA SECO-ALARM ENFORCER,UNIDAD,1,0,0,1,0,0,1,GENERAL,0,0,0,0,0,1,06379,0,0
1,PB-5348-SQ MINI BOTÓN DE SALIDA,UNIDAD,1,0,0,1,0,0,1,GENERAL,0,0,0,0,0,1,06386,0,0
1,PC DELL OPTIPLEX 7050 SMALL FORM FACTOR BTX,UNIDAD,1,0,0,1,0,0,1,GENERAL,0,0,0,0,0,1,05036,0,0
1,PC-DESKTOP  DELL-225-2583,UNIDAD,1,0,0,1,0,0,1,GENERAL,0,0,0,0,0,1,03328,0,0
1,PC-DESKTOP  DELL-225-2808,UNIDAD,1,0,0,1,0,0,1,GENERAL,0,0,0,0,0,1,03222,0,0
1,PCLINK-SCW CABLE DE PROGRAMACION PARA PAN. Y COM.,UNIDAD,1,0,0,1,0,0,1,GENERAL,0,0,0,0,0,1,05402,0,0
1,PC-U0910-PULQ FUENTE DE PODER 9 CALIBRE,UNIDAD,1,0,0,1,0,0,1,GENERAL,0,0,0,0,0,1,05535,0,0
1,PC-U1810-PULQ  FUENTE DE ALIMENTACIN CCTV. 18 SAL,UNIDAD,1,0,0,1,0,0,1,GENERAL,0,0,0,0,0,1,06347,0,0
1,PDU HORIZONTAL DE 10 TOMAS,UNIDAD,1,0,0,1,0,0,1,GENERAL,0,0,0,0,0,1,06398,0,0
1,PDU HORIZOONTAL DE 10 TOMAS,UNIDAD,1,0,0,1,0,0,1,GENERAL,0,0,0,0,0,1,05212,0,0
1,PE08-04T-LC GRABADORA DE ESCRITORIO CON 8 PUERTOS,UNIDAD,1,0,0,1,0,0,1,GENERAL,0,0,0,0,0,1,05541,0,0
1,PEAJES Y PARQUEOS,SRV,3,0,0,0,0,0,0,GENERAL,0,0,0,0,0,1,SRV0399,0,0
1,PEAJES Y PARQUEOS ADMINISTRATIVO,SRV,3,0,0,0,0,0,0,GENERAL,0,0,0,0,0,1,SRV0193,0,0
1,PEAJES Y PARQUEOS DIRECTO,SRV,3,0,0,0,0,0,0,GENERAL,0,0,0,0,0,1,SRV0191,0,0
1,PEAJES Y PARQUEOS INDIRECTO,SRV,3,0,0,0,0,0,0,GENERAL,0,0,0,0,0,1,SRV0192,0,0
1,PEGAMENTO EPOXI METALICO 28G,UNIDAD,1,0,0,1,0,0,1,GENERAL,0,0,0,0,0,1,0755,0,0
1,PEGAMENTO PARA TUBO PVC,BOTE,1,0,0,1,0,0,1,GENERAL,0,0,0,0,0,1,01001,0,0
1,PEGAMENTO PARA ZAPATO,UNIDAD,1,0,0,1,0,0,1,GENERAL,0,0,0,0,0,1,05065,0,0
1,PEGAMENTO POXIPOL,UNIDAD,1,0,0,1,0,0,1,GENERAL,0,0,0,0,0,1,0320,0,0
1,PEGAMENTO SUPER BONDER,UNIDAD,1,0,0,1,0,0,1,GENERAL,0,0,0,0,0,1,04115,0,0
1,PEINETA DE 4 HILOS,UNIDAD,1,0,0,1,0,0,1,GENERAL,0,0,0,0,0,1,03971,0,0
1,PELICAN 1630 CAMERA CASE WITH FOAM,UNIDAD,1,0,0,1,0,0,1,GENERAL,0,0,0,0,0,1,04746,0,0
1,PENALIZACION POR CANCELACION DE CONTRATO,,3,0,0,1,0,0,0,GENERAL,0,0,0,0,0,1,PENALIZACION,0,0
1,PENDULO L530 LEGRAND,UNIDAD,1,0,0,1,0,0,1,GENERAL,0,0,0,0,0,1,06212,0,0
1,PERCIANA IMITACION MADERA,UNIDAD,1,0,0,1,0,0,1,GENERAL,0,0,0,0,0,1,912,0,0
1,PERCIANA PVC,UNIDAD,1,0,0,1,0,0,1,GENERAL,0,0,0,0,0,1,911,0,0
1,PERFIL DE ALUMINIO,UNIDAD,1,0,0,1,0,0,1,GENERAL,0,0,0,0,0,1,04739,0,0
1,PERFIL UNICANAL PERFORADO,UNIDAD,1,0,0,1,0,0,1,GENERAL,0,0,0,0,0,1,05853,0,0
1,PERFORADOR ACCO 2 AGUJEROS #300,UNIDAD,1,0,0,1,0,0,1,GENERAL,0,0,0,0,0,1,696,0,0
1,PERFORADORA PARA GAFETE,UNDIAD,1,0,0,1,0,0,1,GENERAL,0,0,0,0,0,1,685,0,0
1,PERMA POXY 4MIN EXPOXY 84FL OZ,UNIDAD,1,0,0,1,0,0,1,GENERAL,0,0,0,0,0,1,03727,0,0
1,PERNO 1/2 X 4 1/2,UNIDAD,1,0,0,1,0,0,1,GENERAL,0,0,0,0,0,1,04907,0,0
1,PERNO DE 3/8  X  3,UNIDAD,1,0,0,1,0,0,1,GENERAL,0,0,0,0,0,1,03355,0,0
1,PERNO DE 3/8 * 1  1/2,UNIDAD,1,0,0,1,0,0,1,GENERAL,0,0,0,0,0,1,03178,0,0
1,"PERNO DE 5/8 X3""",UNIDAD,1,0,0,1,0,0,1,GENERAL,0,0,0,0,0,1,04903,0,0
1,PERNO DE ANCLAJE DE 2 1/2 * 3,UNIDAD,1,0,0,1,0,0,1,GENERAL,0,0,0,0,0,1,06349,0,0
1,PERNO HILTI DE 1/2 * 3,UNIDAD,1,0,0,1,0,0,1,GENERAL,0,0,0,0,0,1,05162,0,0
1,PERNO PARA ANCLAJE 1/2*3,UNIDAD,1,0,0,1,0,0,1,GENERAL,0,0,0,0,0,1,03041,0,0
1,PERNO WS-2027 1/4 HILTI,UNIDAD,1,0,0,1,0,0,1,GENERAL,0,0,0,0,0,1,03208,0,0
1,PFM820 CONTROL PARA CAMBIAR DE TECNOLOGÍA EN CÁMAR,UNIDAD,1,0,0,1,0,0,1,GENERAL,0,0,0,0,0,1,06304,0,0
1,PF-MATRIX LOOP MAGNETICO PARA DETECCI?N VEHICULAR,UNDAD,1,0,0,1,0,0,1,GENERAL,0,0,0,0,0,1,05595,0,0
1,PG9872 SENSOR DE MOVIMIENTO / INFRARROJO DE TECHO,UNIDAD,1,0,0,1,0,0,1,GENERAL,0,0,0,0,0,1,06498,0,0
1,PG9984P SENSOR DOBLE TECNOLOGIA INALAMBRICO PIR Y,UNIDAD,1,0,0,1,0,0,1,GENERAL,0,0,0,0,0,1,06531,0,0
1,PGS MHUB 855-1E-UPI,UNIDAD,1,0,0,1,0,0,1,GENERAL,0,0,0,0,0,1,04171,0,0
1,PGX920  REPETIDOR DE SEÑAL DSC,UNIDAD,1,0,0,1,0,0,1,GENERAL,0,0,0,0,0,1,05900,0,0
1,"PILAS RECARGABLES ""AAA"" 300MAH",UNIDAD,1,0,0,1,0,0,1,GENERAL,0,0,0,0,0,1,0771,0,0
1,PIMA: ANTENA PARA RADIO VHF (RADIOTRANSM,UNIDAD,1,0,0,1,0,0,1,GENERAL,0,0,0,0,0,1,0005,0,0
1,PIMA: CABLE SERIAL -DPR 33 PIMA-,UNIDAD,1,0,0,1,0,0,1,GENERAL,0,0,0,0,0,1,0243,0,0
1,PIMA: CABLE SERIAL -DPR 44 PIMA-,UNIDAD,1,0,0,1,0,0,1,GENERAL,0,0,0,0,0,1,0035,0,0
1,PIMA: CABLE SERIAL -LCL-11A PIMA,UNIDAD,1,0,0,1,0,0,1,GENERAL,0,0,0,0,0,1,0036,0,0
1,PIMA: DETECTOR DE MOVIMIENTO INALAMBRICO,UNIDAD,1,0,0,1,0,0,1,GENERAL,0,0,0,0,0,1,0074,0,0
1,PIMA: EXPANSORA  I/0-8N  EXTERNA,UNIDAD,1,0,0,1,0,0,1,GENERAL,0,0,0,0,0,1,0257,0,0
1,PIMA: EXPANSORA EXTERNA DE 16 ZONAS I/O,UNIDAD,1,0,0,1,0,0,1,GENERAL,0,0,0,0,0,1,0660,0,0
1,PIMA: EXPANSORA INALAMBRICA IO-WN 433MHZ,UNIDAD,1,0,0,1,0,0,1,GENERAL,0,0,0,0,0,1,04377,0,0
1,PIMA: EXPANSORA INTERNA EXP-PRO/8,UNIDAD,1,0,0,1,0,0,1,GENERAL,0,0,0,0,0,1,0336,0,0
1,PIMA: EXPANZORA EXTERNA SIN GAVINETE I-0,UNIDAD,1,0,0,1,0,0,1,GENERAL,0,0,0,0,0,1,0095,0,0
1,PIMA: EXPANZORA INTERNA,UNIDAD,1,0,0,1,0,0,1,GENERAL,0,0,0,0,0,1,0096,0,0
1,PIMA: FAST PROGRAMER PRG-22 PIMA,UNIDAD,1,0,0,1,0,0,1,GENERAL,0,0,0,0,0,1,0097,0,0
1,PIMA: KIT TARJ HUNTER PRO 832 + TECLADO RX-9,UNIDAD,1,0,0,1,0,0,1,GENERAL,0,0,0,0,0,1,03798,0,0
1,PIMA: MODULO DE COMUNICACION IP NET4PRO,UNIDAD,1,0,0,1,0,0,1,GENERAL,0,0,0,0,0,1,03990,0,0
1,PIMA: PRG-22 FAST PROGRAMES (FILTROS INT,UNIDAD,1,0,0,1,0,0,1,GENERAL,0,0,0,0,0,1,0335,0,0
1,PIMA: RADIO TRANSMISOR SAT-9,UNIDAD,1,0,0,1,0,0,1,GENERAL,0,0,0,0,0,1,0242,0,0
1,PIMA: RADIO TRANSMISORES XMTR-UHF,UNIDAD,1,0,0,1,0,0,1,GENERAL,0,0,0,0,0,1,03966,0,0
1,PIMA: RADIO TRANSMISORES XMTR-VHF,UNIDAD,1,0,0,1,0,0,1,GENERAL,0,0,0,0,0,1,0153,0,0
1,PIMA: RECEPTORA INALAMBRICA I/O-WN,UNIDAD,1,0,0,1,0,0,1,GENERAL,0,0,0,0,0,1,0545,0,0
1,PIMA: SENSOR DE TEMPERATURA PIMMA,UNIDAD,1,0,0,1,0,0,1,GENERAL,0,0,0,0,0,1,03877,0,0
1,PIMA: SIRENA EXTERNA C/LUZ ROJO WP-06 P/ALARMA,UNIDAD,1,0,0,1,0,0,1,GENERAL,0,0,0,0,0,1,04276,0,0
1,PIMA: TARJETA HUNTER PRO 8174 144 ZONAS,UNIDAD,1,0,0,1,0,0,1,GENERAL,0,0,0,0,0,1,03859,0,0
1,PIMA: TARJETA HUNTER PRO 832 LES 6.05,UNIDAD,1,0,0,1,0,0,1,GENERAL,0,0,0,0,0,1,0436,0,0
1,PIMA: TARJETA HUNTER PRO 896 96 ZONAS,UNIDAD,1,0,0,1,0,0,1,GENERAL,0,0,0,0,0,1,0437,0,0
1,PIMA: TARJETAS CAPTAIN,UNIDAD,1,0,0,1,0,0,1,GENERAL,0,0,0,0,0,1,0199,0,0
1,PIMA: TECLADO NUMERICO RX-6 SP,UNIDAD,1,0,0,1,0,0,1,GENERAL,0,0,0,0,0,1,0332,0,0
1,PIMA: TECLADO NUMERICO RXN-400  LCD,UNIDAD,1,0,0,1,0,0,1,GENERAL,0,0,0,0,0,1,0334,0,0
1,PIMA: TECLADO RX-150,UNIDAD,1,0,0,1,0,0,1,GENERAL,0,0,0,0,0,1,2000,0,0
1,PIMA: TECLADO RX-9,UNIDAD,1,0,0,1,0,0,1,GENERAL,0,0,0,0,0,1,02058,0,0
1,PIMA: TECLADO RXN-406 LEDS,UNIDAD,1,0,0,1,0,0,1,GENERAL,0,0,0,0,0,1,0338,0,0
1,PIMA: TRANSMISOR CELULAR GSM 200,UNIDAD,1,0,0,1,0,0,1,GENERAL,0,0,0,0,0,1,0249,0,0
1,PIMA: TRANSMISOR CELULAR GSM-200 RE,UNIDAD,1,0,0,1,0,0,1,GENERAL,0,0,0,0,0,1,2051,0,0
1,PIMA: TRANSMISOR NET4 PRO,UNIDAD,1,0,0,1,0,0,1,GENERAL,0,0,0,0,0,1,0340,0,0
1,PIMA: XXXXXXXXXXXXXXXXXXXXXXXXXX,UNIDAD,1,0,0,1,0,0,1,GENERAL,0,0,0,0,0,1,0522,0,0
1,"PIN FOTOGRABADO PREMIUM 1""-1 1/4""",UNIDAD,1,0,0,1,0,0,1,GENERAL,0,0,0,0,0,1,04472,0,0
1,PINGER TESTER FIELD TX/RX UHF-900MHZ,UNIDAD,1,0,0,1,0,0,1,GENERAL,0,0,0,0,0,1,05277,0,0
1,PINTURA CAFE AEREOSOL,UNIDAD,1,0,0,1,0,0,1,GENERAL,0,0,0,0,0,1,0144,0,0
1,PINTURA DE ACEITE,GALON,1,0,0,1,0,0,1,GENERAL,0,0,0,0,0,1,563,0,0
1,PINTURA EN SPRAY  GRIS,UNIDAD,1,0,0,1,0,0,1,GENERAL,0,0,0,0,0,1,03657,0,0
1,PINTURA EN SPRAY C/ LADRILLO,UNIDAD,1,0,0,1,0,0,1,GENERAL,0,0,0,0,0,1,869,0,0
1,PINTURA EN SPRAY NEGRA,UNIDAD,1,0,0,1,0,0,1,GENERAL,0,0,0,0,0,1,03395,0,0
1,PINTURA EN SPRAY PLATEADO,UNIDAD,1,0,0,1,0,0,1,GENERAL,0,0,0,0,0,1,04310,0,0
1,PINTURA EN SPRAY ROJA,UNIDAD,1,0,0,1,0,0,1,GENERAL,0,0,0,0,0,1,03398,0,0
1,PINTURA LATEX BLANCO,CUBETA,1,0,0,1,0,0,1,GENERAL,0,0,0,0,0,1,562,0,0
1,PINTURA LATEX GRIS,GALON,1,0,0,1,0,0,1,GENERAL,0,0,0,0,0,1,564,0,0
1,PINTURA NEGRA AEREOSOL,UNIDAD,1,0,0,1,0,0,1,GENERAL,0,0,0,0,0,1,0145,0,0
1,PINTURA PARA AGUA,UNIDAD,1,0,0,1,0,0,1,GENERAL,0,0,0,0,0,1,486,0,0
1,PINTURA ROJO OXIDO ACEITE,UNIDAD,1,0,0,1,0,0,1,GENERAL,0,0,0,0,0,1,617,0,0
1,PINTURA SPRAY BLANCA,UNIDAD,1,0,0,1,0,0,1,GENERAL,0,0,0,0,0,1,01157,0,0
1,PINTURA SPRAY NARANJA,UNIDAD,1,0,0,1,0,0,1,GENERAL,0,0,0,0,0,1,04108,0,0
1,PINTURA SPREY AMARILLA,UNIDAD,1,0,0,1,0,0,1,GENERAL,0,0,0,0,0,1,05143,0,0
1,"PINZA CORTE DIAGONAL DE 6""",UNIDAD,1,0,0,1,0,0,1,GENERAL,0,0,0,0,0,1,02026,0,0
1,PINZA DE DISECCION,UNIDAD,1,0,0,1,0,0,1,GENERAL,0,0,0,0,0,1,01141,0,0
1,PINZA DE PRESICION 4 - 1/2,UNIDAD,1,0,0,1,0,0,1,GENERAL,0,0,0,0,0,1,0974,0,0
1,PINZA DE PRESION MORDAZA CURVA,UNIDAD,1,0,0,1,0,0,1,GENERAL,0,0,0,0,0,1,0858,0,0
1,PINZA P/ELECTRICISTA 7 MANG,UNIDAD,1,0,0,1,0,0,1,GENERAL,0,0,0,0,0,1,0976,0,0
1,PINZA PELACABLE,UNIDAD,1,0,0,1,0,0,1,GENERAL,0,0,0,0,0,1,03012,0,0
1,PINZA PROF.C/MATRACA P/RJ12,UNIDAD,1,0,0,1,0,0,1,GENERAL,0,0,0,0,0,1,04390,0,0
1,PINZA PROFESIONAL STANLEY 84-625,UNIDAD,1,0,0,1,0,0,1,GENERAL,0,0,0,0,0,1,802,0,0
1,"PINZA RECTA 8""",UNIDAD,1,0,0,1,0,0,1,GENERAL,0,0,0,0,0,1,0844,0,0
1,"PINZA RECTA DE 6""",UNIDAD,1,0,0,1,0,0,1,GENERAL,0,0,0,0,0,1,03025,0,0
1,PINZA TELEFONICA METALICA 8 CONT.RJ45 HE,UNIDAD,1,0,0,1,0,0,1,GENERAL,0,0,0,0,0,1,03829,0,0
1,PIOCHA,UNIDAD,1,0,0,1,0,0,1,GENERAL,0,0,0,0,0,1,03450,0,0
1,PISTOLA DE ALTO IMPACTO MARCA HILTI,UNIDAD,1,0,0,1,0,0,1,GENERAL,0,0,0,0,0,1,03207,0,0
1,PISTOLA DE ALTO IMPACTO PT-27,UNIDAD,1,0,0,1,0,0,1,GENERAL,0,0,0,0,0,1,03265,0,0
1,PISTOLA DE CALOR,UNIDAD,1,0,0,1,0,0,1,GENERAL,0,0,0,0,0,1,04994,0,0
1,PISTOLA DE SILICON GB20 40W,UNIDAD,1,0,0,1,0,0,1,GENERAL,0,0,0,0,0,1,0458,0,0
1,PISTOLA ELECT.  AIRE A PRESION AIR-1000,UNIDAD,1,0,0,1,0,0,1,GENERAL,0,0,0,0,0,1,786,0,0
1,PISTOLA ELECTRIC DE SILICONE GLADIATOR,UNIDAD,1,0,0,1,0,0,1,GENERAL,0,0,0,0,0,1,0515,0,0
1,PISTOLA ELECTRICA P/SILICON 1/2,UNIDAD,1,0,0,1,0,0,1,GENERAL,0,0,0,0,0,1,0855,0,0
1,PISTOLA PARA SILICON EN FRIO,UNIDA,1,0,0,1,0,0,1,GENERAL,0,0,0,0,0,1,03170,0,0
1,PISTOLA STANLEY P/APLICAR ADHESIVO GR25,UNIDAD,1,0,0,1,0,0,1,GENERAL,0,0,0,0,0,1,917,0,0
1,PIZARRON BLANCO,UNIDAD,1,0,0,1,0,0,1,GENERAL,0,0,0,0,0,1,521,0,0
1,PIZARRON PARA YESO (NYLON ADERIBLE) ROLLOS,UNIDAD,1,0,0,1,0,0,1,GENERAL,0,0,0,0,0,1,05175,0,0
1,PLACA 3 MODULOS NEGRO PIANO TECLASTAR,UNIDAD,1,0,0,1,0,0,1,GENERAL,0,0,0,0,0,1,01009,0,0
1,PLACA BTCINO CON PUENTE DOBLE DADO,UNIDAD,1,0,0,1,0,0,1,GENERAL,0,0,0,0,0,1,03886,0,0
1,PLACA DE 1 PUERTO COLOR BLANCO LINET LAN,UNIDAD,1,0,0,1,0,0,1,GENERAL,0,0,0,0,0,1,04334,0,0
1,PLACA DE 2 PUERTOS C/BLANCA,UNIDAD,1,0,0,1,0,0,1,GENERAL,0,0,0,0,0,1,04086,0,0
1,PLACA DOBLE DE ACERO INOXIDABLE  EAGLE,UNIDAD,1,0,0,1,0,0,1,GENERAL,0,0,0,0,0,1,02068,0,0
1,PLACA DOBLE DE BAQUELITA BEIGE EAGLE,UNIDAD,1,0,0,1,0,0,1,GENERAL,0,0,0,0,0,1,0894,0,0
1,PLACA DOBLE PLASTICA ROJA P&S/LEVITION,UNIDAD,1,0,0,1,0,0,1,GENERAL,0,0,0,0,0,1,0895,0,0
1,PLACA PERFORADA 8*20 CMS,UNIDAD,1,0,0,1,0,0,1,GENERAL,0,0,0,0,0,1,01144,0,0
1,PLACA PVC 3MM CON IMPRECION FULL COLOR,UNIDAD,1,0,0,1,0,0,1,GENERAL,0,0,0,0,0,1,04539,0,0
1,PLACA TRIPLE MAGIC BTICINO,UNIDAD,1,0,0,1,0,0,1,GENERAL,0,0,0,0,0,1,01102,0,0
1,PLACA TWIS LOCK,UNIDA,1,0,0,1,0,0,1,GENERAL,0,0,0,0,0,1,05829,0,0
1,PLAFONERA,UNIDAD,1,0,0,1,0,0,1,GENERAL,0,0,0,0,0,1,0811,0,0
1,PLAFONERO SIN CADENA 150W 125/250V,UNIDAD,1,0,0,1,0,0,1,GENERAL,0,0,0,0,0,1,02002,0,0
1,PLAN CELULAR,SRV,3,0,0,0,1,0,4,GENERAL,0,0,0,0,0,1,IC0257,0,0
1,PLAN DE SOPORTE TECNICO ALARM CENTER,UNIDAD,1,0,0,1,0,0,1,GENERAL,0,0,0,0,0,1,05405,0,0
1,PLANCHA DE PLYWOOD 4MM 4*8,UNIDAD,1,0,0,1,0,0,1,GENERAL,0,0,0,0,0,1,04379,0,0
1,PLANCHA PARA ALBAÑIL,UNIDAD,1,0,0,1,0,0,1,GENERAL,0,0,0,0,0,1,05164,0,0
1,PLATAFORMA PARA ANDAMIOS,UNDIAD,1,0,0,1,0,0,1,GENERAL,0,0,0,0,0,1,5807,0,0
1,PLATO DESECHABLE,UNIDAD,1,0,0,1,0,0,1,GENERAL,0,0,0,0,0,1,3018,0,0
1,PLAYERA DEPORTIVA,UNIDAD,1,0,0,1,0,0,1,GENERAL,0,0,0,0,0,1,76,0,0
1,PLAYERA G4S,UNIDAD,1,0,0,1,0,0,1,GENERAL,0,0,0,0,0,1,849,0,0
1,PLAYERA GRIS G4S,UNIDAD,1,0,0,1,0,0,1,GENERAL,0,0,0,0,0,1,624,0,0
1,PLAYERA MANGA LARGA,UNIDAD,1,0,0,1,0,0,1,GENERAL,0,0,0,0,0,1,06206,0,0
1,PLAYERA PARA PERSONAL ZP TORRE III,UNIDAD,1,0,0,1,0,0,1,GENERAL,0,0,0,0,0,1,74,0,0
1,P-LINK TAPO C500 CAMARA WIFI INTELIGENTE 360 RESOL,UNIDAD,1,0,0,1,0,0,1,GENERAL,0,0,0,0,0,1,06495,0,0
1,PLIPON 3X40 120/240V ENCHUFAR,UNIDAD,1,0,0,1,0,0,1,GENERAL,0,0,0,0,0,1,01187,0,0
1,PLUG RCA A BNC,UNIDAD,1,0,0,1,0,0,1,GENERAL,0,0,0,0,0,1,01143,0,0
1,PLUG RCA JR-R59-1,UNIDAD,1,0,0,1,0,0,1,GENERAL,0,0,0,0,0,1,05119,0,0
1,PLUG TELEFONICO MODULAR DE 8 P/CABLE RED,UNIDAD,1,0,0,1,0,0,1,GENERAL,0,0,0,0,0,1,04391,0,0
1,PLUG UNIVERSAL P/CAMARA MACHO,UNIDAD,1,0,0,1,0,0,1,GENERAL,0,0,0,0,0,1,04201,0,0
1,PLUMILLA PARA ESTACIONES PROXIPEN,UNIDAD,1,0,0,1,0,0,1,GENERAL,0,0,0,0,0,1,0148,0,0
1,"PN1A-8X8F 1 HDD, 4K OUTPUT, 8 POE, 8CH PLAYBACK",UNIDAD,1,0,0,1,0,0,1,GENERAL,0,0,0,0,0,1,06322,0,0
1,PNETR6 PROTECTOR SOBREVOLTAJE CAT6 APC,UNIDAD,1,0,0,1,0,0,1,GENERAL,0,0,0,0,0,1,29,0,0
1,PNN01T3B SERVIDORES,UNIDAD,1,0,0,1,0,0,1,GENERAL,0,0,0,0,0,1,05588,0,0
1,POCILLO 12 ONZ. COLORES SURTIDOS,UNIDAD,1,0,0,1,0,0,1,GENERAL,0,0,0,0,0,1,676,0,0
1,POLIGRAFIA,,3,0,0,0,0,0,0,GENERAL,0,0,0,0,0,1,SRV0313,0,0
1,POLIGRAFIA Y ENTREVISTA,,3,0,0,0,0,0,0,GENERAL,0,0,0,0,0,1,SRV0321,0,0
1,POLIGRAFIA Y ESTUDIOS SOCIOECONOMICOS,,3,0,0,0,0,0,0,GENERAL,0,0,0,0,0,1,SRV0320,0,0
1,PONCHADOR CRIMPER,UNIDAD,1,0,0,1,0,0,1,GENERAL,0,0,0,0,0,1,03264,0,0
1,PONCHADOR PARA METAL DE 1/2 A 2 PULGADAS,UNIDAD,1,0,0,1,0,0,1,GENERAL,0,0,0,0,0,1,03285,0,0
1,PONCHADORA DE IMPACTO LINET,UNIDAD,1,0,0,1,0,0,1,GENERAL,0,0,0,0,0,1,06131,0,0
1,PONCHADORA PARA RJ 11 Y RJ 12,UNIDAD,1,0,0,1,0,0,1,GENERAL,0,0,0,0,0,1,04908,0,0
1,PONCHADORA RJ 11 RJ45 PARA 4 Y 6 LINEAS,UNIDAD,1,0,0,1,0,0,1,GENERAL,0,0,0,0,0,1,0973,0,0
1,PORTA BATONES,UNIDAD,1,0,0,1,0,0,1,GENERAL,0,0,0,0,0,1,57,0,0
1,PORTA FUSIBLE DE ROSCA,UNIDAD,1,0,0,1,0,0,1,GENERAL,0,0,0,0,0,1,0215,0,0
1,PORTA HERR/TRABAJO MX-72500T CUERVO P/EL,UNIDAD,1,0,0,1,0,0,1,GENERAL,0,0,0,0,0,1,739,0,0
1,PORTA HERRAMIENTA CUERO P/CINTURA LOUIS,UNIDAD,1,0,0,1,0,0,1,GENERAL,0,0,0,0,0,1,812,0,0
1,PORTA LAPICEROS,UNIDAD,1,0,0,1,0,0,1,GENERAL,0,0,0,0,0,1,05111,0,0
1,PORTA LAPICES,UNIDAD,1,0,0,1,0,0,1,GENERAL,0,0,0,0,0,1,150,0,0
1,PORTA LINTERNA,UNIDAD,1,0,0,1,0,0,1,GENERAL,0,0,0,0,0,1,765,0,0
1,PORTA MINAS 0.9,UNIDAD,1,0,0,1,0,0,1,GENERAL,0,0,0,0,0,1,445,0,0
1,PORTA TARJETAS DE PRESENTACION,UNIDAD,1,0,0,1,0,0,1,GENERAL,0,0,0,0,0,1,04514,0,0
1,PORTABLOCKS TAMAÑO CARTA,UNIDAD,1,0,0,1,0,0,1,GENERAL,0,0,0,0,0,1,469,0,0
1,PORTAGAFETES RETRACTIL,UNIDAD,1,0,0,1,0,0,1,GENERAL,0,0,0,0,0,1,465,0,0
1,PORTAHERRAMIENTAS TRU055,KIT,1,0,0,1,0,0,1,GENERAL,0,0,0,0,0,1,03456,0,0
1,PORTAMINAS PILOT,UNIDAD,1,0,0,1,0,0,1,GENERAL,0,0,0,0,0,1,471,0,0
1,PORTAPLACAS,UNIDAD,1,0,0,1,0,0,1,GENERAL,0,0,0,0,0,1,77,0,0
1,PORTATIL DELL INSPIRON N4010,UNIDAD,1,0,0,1,0,0,1,GENERAL,0,0,0,0,0,1,534,0,0
1,PORTATIL HP PROBOOK 440G5 INTEL CORA I5-825OU,UNIDAD,1,0,0,1,0,0,1,GENERAL,0,0,0,0,0,1,06060,0,0
1,PORTATIL HP PROBOOK 450G5 INTEL CORE I5-825OU,UNIDAD,1,0,0,1,0,0,1,GENERAL,0,0,0,0,0,1,06061,0,0
1,PORTATIL HP PROBOOK 450G5 INTEL CORE I7-855OU,UNIDAD,1,0,0,1,0,0,1,GENERAL,0,0,0,0,0,1,06063,0,0
1,PORTEADORAS O IMPRESORAS EPSON ENERG.,UNIDAD,1,0,0,1,0,0,1,GENERAL,0,0,0,0,0,1,05657,0,0
1,PORTERO DE ALUMINIO COMMAX,UNIDAD,1,0,0,1,0,0,1,GENERAL,0,0,0,0,0,1,01076,0,0
1,PORTERO PLASTICO DE SOBREPONER 1 TELEFON,UNIDAD,1,0,0,1,0,0,1,GENERAL,0,0,0,0,0,1,03460,0,0
1,POST IT BANDERITAS 3M DE FLECHA 684,UNIDAD,1,0,0,1,0,0,1,GENERAL,0,0,0,0,0,1,772,0,0
1,POSTE DE PLUMA RECTO OCTAGONAL DS-TMG001-3-6M,UNIDAD,1,0,0,1,0,0,1,GENERAL,0,0,0,0,0,1,06715,0,0
1,POST-IT AMARILLO 1.5*2,UNIDAD,1,0,0,1,0,0,1,GENERAL,0,0,0,0,0,1,356,0,0
1,POST-IT AMARILLO 3*3,UNIDAD,1,0,0,1,0,0,1,GENERAL,0,0,0,0,0,1,355,0,0
1,POST-IT CONTINUOS,UNIDAD,1,0,0,1,0,0,1,GENERAL,0,0,0,0,0,1,357,0,0
1,POTENCIADOR DE CABLE,UNIDAD,1,0,0,1,0,0,1,GENERAL,0,0,0,0,0,1,05566,0,0
1,POWER KINGDOM: BATERIAS 12VOLTIOS 4 AMPE,UNIDAD,1,0,0,1,0,0,1,GENERAL,0,0,0,0,0,1,0012,0,0
1,POWER KINGDOM: BATERIAS 12VOLTIOS 7 AMPE,UNIDAD,1,0,0,1,0,0,1,GENERAL,0,0,0,0,0,1,0343,0,0
1,POWER MAX: CONSOLAS POWER MAX INALAMBRIC,UNIDAD,1,0,0,1,0,0,1,GENERAL,0,0,0,0,0,1,0058,0,0
1,POWER MAX: KIT INALMBRICO,UNIDAD,1,0,0,1,0,0,1,GENERAL,0,0,0,0,0,1,0116,0,0
1,POWER MAX: PANEL POWER MAX,UNIDAD,1,0,0,1,0,0,1,GENERAL,0,0,0,0,0,1,0264,0,0
1,POWERSUPPLIE: TRANSORMADORES 12 V. 500 M,UNIDAD,1,0,0,1,0,0,1,GENERAL,0,0,0,0,0,1,0244,0,0
1,PPEX00003440 1GLOBAL SIM/ESIM TELTONIKA,UNIDAD,1,0,0,1,0,0,1,GENERAL,0,0,0,0,0,1,06509,0,0
1,PRE-INSTALLED ADDITIONAL HARD DISK,UNIDAD,1,0,0,1,0,0,1,GENERAL,0,0,0,0,0,1,0922,0,0
1,PRE-INTALLED ADDITIONAL HARD DISK,UNIDAD,1,0,0,1,0,0,1,GENERAL,0,0,0,0,0,1,0761,0,0
1,PRENSA ESTOPAS DE 3/4,UNIDAD,1,0,0,1,0,0,1,GENERAL,0,0,0,0,0,1,06154,0,0
1,PRENSA PAPELES,UNIDAD,1,0,0,1,0,0,1,GENERAL,0,0,0,0,0,1,1000,0,0
1,PRENSA PAPELES GRANDE,UNIDAD,1,0,0,1,0,0,1,GENERAL,0,0,0,0,0,1,04787,0,0
1,PREPRENSA PLANCHAS,UNIDAD,1,0,0,1,0,0,1,GENERAL,0,0,0,0,0,1,898,0,0
1,PRISMA PARA LECTORES BIOMETRICOS,UNIDAD,1,0,0,1,0,0,1,GENERAL,0,0,0,0,0,1,01165,0,0
1,PRM24 CHASIS RACKEABLE PROTECTOR DE VOLTAJE APC,UNIDAD,1,0,0,1,0,0,1,GENERAL,0,0,0,0,0,1,0029,0,0
1,PRO 9020IP 3MPX CAMERA DOME,UNIDAD,1,0,0,1,0,0,1,GENERAL,0,0,0,0,0,1,05440,0,0
1,PRO 9020IP 4MPX CAMERA DOME,UNIDAD,1,0,0,1,0,0,1,GENERAL,0,0,0,0,0,1,05475,0,0
1,PRO 9020IP 4MPX IVS CAMARA IP H265 TIPO DOMO SIERA,UNIDAD,1,0,0,1,0,0,1,GENERAL,0,0,0,0,0,1,05842,0,0
1,PRO 9050IP 4MPX IVS CAMARA H265 TIPO BALA SIERA,UNIDAD,1,0,0,1,0,0,1,GENERAL,0,0,0,0,0,1,05843,0,0
1,PRO 9360IP-12MPX-IVS CAMARA TIPO 360 FISHEYE SIERA,UNIDAD,1,0,0,1,0,0,1,GENERAL,0,0,0,0,0,1,05844,0,0
1,PRO-16-V9.3  SOFTWARE SYMMETRY PROFESSIONAL 16 REA,UNIDAD,1,0,0,1,0,0,1,GENERAL,0,0,0,0,0,1,05619,0,0
1,PRO9020IP4MPXIVS,UNIDAD,1,0,0,1,0,0,1,GENERAL,0,0,0,0,0,1,05473,0,0
1,PROBADOR DE CIRCUITOS,UNIDAD,1,0,0,1,0,0,1,GENERAL,0,0,0,0,0,1,05016,0,0
1,PROBADOR DE SENSOR DE RUPTURA DE VIDRIO,UNIDAD,1,0,0,1,0,0,1,GENERAL,0,0,0,0,0,1,01117,0,0
1,PROBADOR DE VIDEO TM-434IN1BL,UNIDAD,1,0,0,1,0,0,1,GENERAL,0,0,0,0,0,1,06000,0,0
1,PROCESADOR 5DE12VA MEMORIA RAM16GB DISCO SSD512 GB,UNIDAD,1,0,0,1,0,0,1,GENERAL,0,0,0,0,0,1,0093,0,0
1,PRO-CLIENT-V7.0.1 SOFTWARE DE INSTALACIO,UNIDAD,1,0,0,1,0,0,1,GENERAL,0,0,0,0,0,1,03982,0,0
1,PRODUCTO PRODUCTO,UNIDAD,1,0,0,1,0,0,1,GENERAL,0,0,0,0,0,1,0430,0,0
1,PRODUCTO REVISAR,UNIDAD,1,0,0,1,0,0,1,GENERAL,0,0,0,0,0,1,00519,0,0
1,PROGRAMADOR 7720P,UNIDAD,1,0,0,1,0,0,1,GENERAL,0,0,0,0,0,1,05090,0,0
1,PROGRAMADOR WIFI HSM3WIFI,UNIDAD,1,0,0,1,0,0,1,GENERAL,0,0,0,0,0,1,05478,0,0
1,PRO-LIC-032-V7 LICENCIA SOFTWARE INSTALA,UNIDAD,1,0,0,1,0,0,1,GENERAL,0,0,0,0,0,1,03976,0,0
1,PRO-LIGHT-LED SEMAFORO / SEÑALIZACION ROJO Y VERDE,UNIDAD,1,0,0,1,0,0,1,GENERAL,0,0,0,0,0,1,06474,0,0
1,PRO-PLAT-V7.0.1 SOFTWARE DE INSTALACION,UNIDAD,1,0,0,1,0,0,1,GENERAL,0,0,0,0,0,1,03975,0,0
1,PROTEC PROTECTTM 800I CAÑON DE NIEBLA CON CAPACIDA,UNIDAD,1,0,0,1,0,0,1,GENERAL,0,0,0,0,0,1,06419,0,0
1,PROTECT 1100I CAÑON DE NIEBLA CON CAPACIDAD DE 120,UNIDAD,1,0,0,1,0,0,1,GENERAL,0,0,0,0,0,1,06502,0,0
1,PROTECTO P/CAMARA DTK-PVP27BTPV,UNIDAD,1,0,0,1,0,0,1,GENERAL,0,0,0,0,0,1,03835,0,0
1,PROTECTOR COAXIAL/LINEA TELEF. DTK-1FF,UNIDAD,1,0,0,1,0,0,1,GENERAL,0,0,0,0,0,1,03746,0,0
1,PROTECTOR DE TOMAS PROFESSIONAL 1350 JOULES,UNIDAD,1,0,0,1,0,0,1,GENERAL,0,0,0,0,0,1,04602,0,0
1,PROTECTOR DE VOLTAGE 8 SALIDAS APC 140,UNIDAD,1,0,0,1,0,0,1,GENERAL,0,0,0,0,0,1,04293,0,0
1,PROTECTOR DE VOLTAJE 2 SALIDAS RG-59,UNIDAD,1,0,0,1,0,0,1,GENERAL,0,0,0,0,0,1,03305,0,0
1,PROTECTOR DE VOLTAJE DE 6 TOMAS,UNIDAD,1,0,0,1,0,0,1,GENERAL,0,0,0,0,0,1,03354,0,0
1,PROTECTOR DE VOLTAJE STEREN,UNIDAD,1,0,0,1,0,0,1,GENERAL,0,0,0,0,0,1,04685,0,0
1,PROTECTOR EXTERIOR GEN2 PARA DESCARGA ELECTROSTATI,UNIDAD,1,0,0,1,0,0,1,GENERAL,0,0,0,0,0,1,06656,0,0
1,PROTECTOR P/CAMARA DTK-4VP,UNIDAD,1,0,0,1,0,0,1,GENERAL,0,0,0,0,0,1,03782,0,0
1,PROTECTOR P/CAMARA DTK-IBNC2.8,UNIDAD,1,0,0,1,0,0,1,GENERAL,0,0,0,0,0,1,03744,0,0
1,PROTECTOR P/CAMARA DTK-IBNC28,UNIDAD,1,0,0,1,0,0,1,GENERAL,0,0,0,0,0,1,03783,0,0
1,PROTECTOR P/CAMARA DTK-MRJPOE,UNIDAD,1,0,0,1,0,0,1,GENERAL,0,0,0,0,0,1,03784,0,0
1,PROTECTOR P/CAMARA DTKPVP27B,UNIDAD,1,0,0,1,0,0,1,GENERAL,0,0,0,0,0,1,03652,0,0
1,PROTECTOR P/CAMARA/TELEFONO DTK-MRJPOE,UNIDAD,1,0,0,1,0,0,1,GENERAL,0,0,0,0,0,1,03745,0,0
1,PROTECTOR PARA BRAKET / HCM150,UNIDAD,1,0,0,1,0,0,1,GENERAL,0,0,0,0,0,1,03386,0,0
1,PROTECTOR VOLTAJE 5 TOMAS,UNIDAD,1,0,0,1,0,0,1,GENERAL,0,0,0,0,0,1,04672,0,0
1,PROTECTOR VOLTAJE PANAMAX CUATRO TOMAS M4-EX,UNIDAD,1,0,0,1,0,0,1,GENERAL,0,0,0,0,0,1,03423,0,0
1,PROTECTORA DE CHEQUES DCG 11-D,UNIDAD,1,0,0,1,0,0,1,GENERAL,0,0,0,0,0,1,06113,0,0
1,PROTECTORES DE RED,UNIDAD,1,0,0,1,0,0,1,GENERAL,0,0,0,0,0,1,42,0,0
1,PROTECTORES PARA CELULAR,UNIDAD,1,0,0,1,0,0,1,GENERAL,0,0,0,0,0,1,04473,0,0
1,PROTECTORES PLASTICOS TRANSPARENTES,PAQUETE,1,0,0,1,0,0,1,GENERAL,0,0,0,0,0,1,432,0,0
1,PRUEBAS POLIGRAFICAS DIRECTO,,3,0,0,0,0,0,0,GENERAL,0,0,0,0,0,1,SRV0359,0,0
1,PS1250 BATERIA 12 VOLTIOS 5 AMP. RO02,UNIDAD,1,0,0,1,0,0,1,GENERAL,0,0,0,0,0,1,03811,0,0
1,PSA03  CABLE PARA LOOP 100MTS ZK,UNIDAD,1,0,0,1,0,0,1,GENERAL,0,0,0,0,0,1,05592,0,0
1,PTZ 36X960H ENHANCED DAHUA SD6336EN-H,UNIDAD,1,0,0,1,0,0,1,GENERAL,0,0,0,0,0,1,04323,0,0
1,PTZ HDCVI 4MP 30X10 100M IR DH-SD59430IN-HC,UNIDAD,1,0,0,1,0,0,1,GENERAL,0,0,0,0,0,1,06016,0,0
1,"PTZ,CONTROLADOR C/JOYSTICK, HKBD01N NTSC",UNIDAD,1,0,0,1,0,0,1,GENERAL,0,0,0,0,0,1,03696,0,0
1,PTZ-DS-2DF8C260I5XS-AELW( O-STD)(T5),UNIDAD,1,0,0,1,0,0,1,GENERAL,0,0,0,0,0,1,06313,0,0
1,PUBLICIDAD,SRV,3,0,0,0,0,0,0,GENERAL,0,0,0,0,0,1,SRV03898,0,0
1,PUBLICIDAD ADMON,SRV,3,0,0,0,0,0,0,GENERAL,0,0,0,0,0,1,SRV0398,0,0
1,PUERTO DEMO F2CD026EBAPL,UNIDAD,1,0,0,1,0,0,1,GENERAL,0,0,0,0,0,1,671,0,0
1,PUESTO EXTERNO DE CONTROL DE RONDAS,UNIDAD,1,0,0,1,0,0,1,GENERAL,0,0,0,0,0,1,03644,0,0
1,PUESTO INTERNO DE CONTROL,UNIDAD,1,0,0,1,0,0,1,GENERAL,0,0,0,0,0,1,01112,0,0
1,PULSADOR CONTROL REMOTO CLIMAX RC-16 4-BOTONES KEY,UNIDAD,1,0,0,1,0,0,1,GENERAL,0,0,0,0,0,1,06606,0,0
1,PULSADOR DE MERGENCIA WEG.10186364,UNIDAD,1,0,0,1,0,0,1,GENERAL,0,0,0,0,0,1,03467,0,0
1,PULSADOR HONGO C/ENC GIRATORIO ROJO,UNIDAD,1,0,0,1,0,0,1,GENERAL,0,0,0,0,0,1,04957,0,0
1,PULSADOR P/TIMBRE DE SOBRE PONER,UNIDAD,1,0,0,1,0,0,1,GENERAL,0,0,0,0,0,1,03943,0,0
1,PULSADOR PARA TIMBRE,UNIDAD,1,0,0,1,0,0,1,GENERAL,0,0,0,0,0,1,01137,0,0
1,PULSADOR PARA TIMBRE,UNIDAD,1,0,0,1,0,0,1,GENERAL,0,0,0,0,0,1,001136,0,0
1,PULSERA OM247-STRAP P/CONTOL DE REOS,UNIDAD,1,0,0,1,0,0,1,GENERAL,0,0,0,0,0,1,04607,0,0
1,PUNTA P/TALADRO HILTY,UNIDAD,1,0,0,1,0,0,1,GENERAL,0,0,0,0,0,1,04252,0,0
1,PUNTA PHILLIPS PH 2X2 STANLEY,UNIDAD,1,0,0,1,0,0,1,GENERAL,0,0,0,0,0,1,02078,0,0
1,PUNTALES ANTISISMICOS PARA RACK,UNIDAD,1,0,0,1,0,0,1,GENERAL,0,0,0,0,0,1,0328,0,0
1,PUNTO DE ACCESO INALAMBRICO TEW-690AP,UNIDAD,1,0,0,1,0,0,1,GENERAL,0,0,0,0,0,1,625,0,0
1,PUNTO DE ACCESO M2 AP,KIT,1,0,0,1,0,0,1,GENERAL,0,0,0,0,0,1,03478,0,0
1,PUNZON,UNIDAD,1,0,0,1,0,0,1,GENERAL,0,0,0,0,0,1,03591,0,0
1,PUSH BOTON CUADRADO,UNIDAD,1,0,0,1,0,0,1,GENERAL,0,0,0,0,0,1,0544,0,0
1,PUSH BOTON FINE PBI-120,UNIDAD,1,0,0,1,0,0,1,GENERAL,0,0,0,0,0,1,0150,0,0
1,PVC425 OMNIPROX ISO PROX 25-CARD 34 BIT,UNIDAD,1,0,0,1,0,0,1,GENERAL,0,0,0,0,0,1,06209,0,0
1,PW6K1R2  MODULO DE 2 LECTORES DE LA SERIE PW,UNDAD,1,0,0,1,0,0,1,GENERAL,0,0,0,0,0,1,05540,0,0
1,PW7KTR2 PW-7000 DUAL READER MODULE,UNIDAD,1,0,0,1,0,0,1,GENERAL,0,0,0,0,0,1,05698,0,0
1,PXI-2B SIRENA PARA EXTERIOR CON LUZ STROBOSCOPICA,UNIDAD,1,0,0,1,0,0,1,GENERAL,0,0,0,0,0,1,06359,0,0
1,PXI-414L SIRENA DE INCENDIO 12V/24V CON LUZ ESTROB,UNIDAD,1,0,0,1,0,0,1,GENERAL,0,0,0,0,0,1,06651,0,0
1,PXI-96LED/A LUZ ESTROBOSCOPICA LED AMBAR PYXIS,UNIDAD,1,0,0,1,0,0,1,GENERAL,0,0,0,0,0,1,06671,0,0
1,"QND-6012R CAMARA DOMO 2MP, 2.8MM FIXED FOCAL LENS",UNIDAD,1,0,0,1,0,0,1,GENERAL,0,0,0,0,0,1,06693,0,0
1,QND-6070R CAMARA DOMO 2MP,UNIDAD,1,0,0,1,0,0,1,GENERAL,0,0,0,0,0,1,05406,0,0
1,"QND-6082R CAMARA DOMO DE 2MP, MOTORIZED VARI-FOCAL",UNIDAD,1,0,0,1,0,0,1,GENERAL,0,0,0,0,0,1,06694,0,0
1,QNO-6022R CAMARA  BULLET 2MP LENTE FIJO HANWHA,UNIDAD,1,0,0,1,0,0,1,GENERAL,0,0,0,0,0,1,06381,0,0
1,QNO-6082R CAMARA TIPO BALA DE 2MP IP POE ONVIF 2TB,UNIDAD,1,0,0,1,0,0,1,GENERAL,0,0,0,0,0,1,06650,0,0
1,QNV-6070R CAMARA DOME 2MP,UNIDAD,1,0,0,1,0,0,1,GENERAL,0,0,0,0,0,1,05530,0,0
1,QNV-6082R1 CAMARA DOMO VARIFOCAL HANWHA,UNIDAD,1,0,0,1,0,0,1,GENERAL,0,0,0,0,0,1,06380,0,0
1,QR0083-840 QOLSYS BATERIA DE RESPALDO PARA IQ PANE,UNIDAD,1,0,0,1,0,0,1,GENERAL,0,0,0,0,0,1,06652,0,0
1,QR500B  LECTOR DE CODIGOS QR CON INTERFAZ WIEGAND,UNIDAD,1,0,0,1,0,0,1,GENERAL,0,0,0,0,0,1,06447,0,0
1,QR600-V-E LECTOR DE CODIGO QR Y RFID ZKTECO,UNIDAD,1,0,0,1,0,0,1,GENERAL,0,0,0,0,0,1,06445,0,0
1,QRN-1630S NVR DE 16 CH HANWHA CON 16 PUERTOS POE,UNIDAD,1,0,0,1,0,0,1,GENERAL,0,0,0,0,0,1,06592,0,0
1,QUADDRIX: CAMARA COLOR DIA/NOCHE,UNIDAD,1,0,0,1,0,0,1,GENERAL,0,0,0,0,0,1,0473,0,0
1,QUADDRIX: CAMARA VIDEO B/N,UNIDAD,1,0,0,1,0,0,1,GENERAL,0,0,0,0,0,1,0288,0,0
1,QUADDRIX: CAMARA VIDEO COLOR,UNIDAD,1,0,0,1,0,0,1,GENERAL,0,0,0,0,0,1,0287,0,0
1,QUADDRIX: LENTES  VARIFOCALES 3.5 A 8MM,UNIDAD,1,0,0,1,0,0,1,GENERAL,0,0,0,0,0,1,0284,0,0
1,"QUADDRIX: MINI DOMO A COLOR CON IR, 420TVL, LENTE",UNIDAD,1,0,0,1,0,0,1,GENERAL,0,0,0,0,0,1,0516,0,0
1,QUAKE ALARM  DETECTOR SISMICO,UNIDAD,1,0,0,1,0,0,1,GENERAL,0,0,0,0,0,1,05260,0,0
1,QUECLINK TRACKER 3G MODELO GV-75W RASTRAEADOR IMPE,UNIDAD,1,0,0,1,0,0,1,GENERAL,0,0,0,0,0,1,05862,0,0
1,QVIA QR790 DASH CAMERA 16GB,UNIDAD,1,0,0,1,0,0,1,GENERAL,0,0,0,0,0,1,05371,0,0
1,QXI-DT PASIVO EXTERIOR INALAMBRICO,UNIDAD,1,0,0,1,0,0,1,GENERAL,0,0,0,0,0,1,06221,0,0
1,QXI-DT SENSOR DE MOVIMIENTO PARA EXTERIOR,UNIDAD,1,0,0,1,0,0,1,GENERAL,0,0,0,0,0,1,06351,0,0
1,RACK,UNIDAD,1,0,0,1,0,0,1,GENERAL,0,0,0,0,0,1,0326,0,0
1,RACK (DEMO),UNIDAD,1,0,0,1,0,0,1,GENERAL,0,0,0,0,0,1,3026,0,0
1,RACK 45U 2-POSTES 45U/ 2134MM X 515 X 344MM,UNIDAD,1,0,0,1,0,0,1,GENERAL,0,0,0,0,0,1,06636,0,0
1,RACK 45U 4-POSTES/ 2134MM X 600MM,UNIDAD,1,0,0,1,0,0,1,GENERAL,0,0,0,0,0,1,06566,0,0
1,RACK DE 16 POSICIONES DTK-RM16NM,UNIDAD,1,0,0,1,0,0,1,GENERAL,0,0,0,0,0,1,03743,0,0
1,RACK DE 6 POSICIONES,UNIDAD,1,0,0,1,0,0,1,GENERAL,0,0,0,0,0,1,03491,0,0
1,RACK DE 7 PIES MARCA QUEST,UNIDAD,1,0,0,1,0,0,1,GENERAL,0,0,0,0,0,1,06008,0,0
1,RACK DE 9 POSICIONES,UNIDAD,1,0,0,1,0,0,1,GENERAL,0,0,0,0,0,1,03267,0,0
1,RACK DE PISO DE 4 PIES NEGRO ACERO,UNIDAD,1,0,0,1,0,0,1,GENERAL,0,0,0,0,0,1,01031,0,0
1,RACK RK3 45/760082479,UNIDAD,1,0,0,1,0,0,1,GENERAL,0,0,0,0,0,1,05819,0,0
1,RACK SSG6825 LINET GAB DE PISO SERVIDOR25U 19*31.5,UNIDAD,1,0,0,1,0,0,1,GENERAL,0,0,0,0,0,1,04588,0,0
1,RADAR DE PRESENCIA VEHICULAR HIKVISION,UNIDAD,1,0,0,1,0,0,1,GENERAL,0,0,0,0,0,1,06476,0,0
1,"RADIO CON ANTENA INTEGRADA LITEBEAM M5, 5 GHZ, 23",UNIDAD,1,0,0,1,0,0,1,GENERAL,0,0,0,0,0,1,06654,0,0
1,RADIO TRANSMISOR PIMA RE,UNIDAD,1,0,0,1,0,0,1,GENERAL,0,0,0,0,0,1,2011,0,0
1,RADIO UHF RE,UNIDAD,1,0,0,1,0,0,1,GENERAL,0,0,0,0,0,1,4051,0,0
1,RADIO VERTEX VX231 UHF,UNIDAD,1,0,0,1,0,0,1,GENERAL,0,0,0,0,0,1,0875,0,0
1,RADIO-INTERCOMUNICADOR RAD-510,UNIDAD,1,0,0,1,0,0,1,GENERAL,0,0,0,0,0,1,03909,0,0
1,RANITIDITA,UNIDAD,1,0,0,1,0,0,1,GENERAL,0,0,0,0,0,1,04765,0,0
1,RANSFORMADOR 9VC 700MA RE,UNIDAD,1,0,0,1,0,0,1,GENERAL,0,0,0,0,0,1,2014,0,0
1,RAPIDOGRAFO STAEDLER,UNIDAD,1,0,0,1,0,0,1,GENERAL,0,0,0,0,0,1,459,0,0
1,RASTREADOR DE SELLO ELECTRONICO VERSION JT707A-2G,UNIDAD,1,0,0,1,0,0,1,GENERAL,0,0,0,0,0,1,06235,0,0
1,RASTREADOR DE SELLO ELECTRONICO VERSION JT707C-2G,UNIDAD,1,0,0,1,0,0,1,GENERAL,0,0,0,0,0,1,06238,0,0
1,RAX-LCDLITE ANUNCIADOR REMOTO PARA PANEL MIRCOM SE,UNIDAD,1,0,0,1,0,0,1,GENERAL,0,0,0,0,0,1,06540,0,0
1,RAZOR RIBON,METROS,1,0,0,1,0,0,1,GENERAL,0,0,0,0,0,1,0808,0,0
1,RBB-01 CAJA DE BATERIA PARA SENSOR VXI-R OPTEX,UNIDAD,1,0,0,1,0,0,1,GENERAL,0,0,0,0,0,1,06494,0,0
1,RCO370DM CAMARA OCULTA TIPO PIR ANALOGA 1080P SAXX,UNIDAD,1,0,0,1,0,0,1,GENERAL,0,0,0,0,0,1,05444,0,0
1,RDS-CTRX-ACCESS-5-V9.4 LICENCIA DE USUARIO DE SYMM,UNIDAD,1,0,0,1,0,0,1,GENERAL,0,0,0,0,0,1,06258,0,0
1,RECEIVER LAN ENTERPRISE 7810IR-ENT,UNIDAD,1,0,0,1,0,0,1,GENERAL,0,0,0,0,0,1,04929,0,0
1,RECEPTOR  INALAMBRICO 2CH ACS-102,UNIDAD,1,0,0,1,0,0,1,GENERAL,0,0,0,0,0,1,02086,0,0
1,RECEPTOR 4229EX,UNIDAD,1,0,0,1,0,0,1,GENERAL,0,0,0,0,0,1,0391,0,0
1,RECEPTOR ENCRYPTOR CE2R-SP  RE,UNIDAD,1,0,0,1,0,0,1,GENERAL,0,0,0,0,0,1,2058,0,0
1,RECEPTOR GSN RE,UNIDAD,1,0,0,1,0,0,1,GENERAL,0,0,0,0,0,1,2034,0,0
1,RECEPTOR INALAMBRICO  MGRCV3,UNIDAD,1,0,0,1,0,0,1,GENERAL,0,0,0,0,0,1,0155,0,0
1,RECEPTOR INALAMBRICO 5881ENM,UNIDAD,1,0,0,1,0,0,1,GENERAL,0,0,0,0,0,1,05332,0,0
1,RECEPTOR INALAMBRICO DSC RF5132-433,UNIDAD,1,0,0,1,0,0,1,GENERAL,0,0,0,0,0,1,04938,0,0
1,RECEPTOR INALAMBRICO MG RTX3,UNIDAD,1,0,0,1,0,0,1,GENERAL,0,0,0,0,0,1,0156,0,0
1,RECEPTOR RF DE UN CANAL SK-910R,UNIDAD,1,0,0,1,0,0,1,GENERAL,0,0,0,0,0,1,04270,0,0
1,RECEPTORA HONEYWELL 7810IR-ENT,UNIDAD,1,0,0,1,0,0,1,GENERAL,0,0,0,0,0,1,04904,0,0
1,RECIBIDOR ELECTRICO AL-130NO,UNIDAD,1,0,0,1,0,0,1,GENERAL,0,0,0,0,0,1,04315,0,0
1,RECIBOS CORRIENTES,TALONARIO,1,0,0,1,0,0,1,GENERAL,0,0,0,0,0,1,359,0,0
1,RECIBOS DE CAJA,TALONARIO,1,0,0,1,0,0,1,GENERAL,0,0,0,0,0,1,105,0,0
1,RECIBOS DE CAJA  CON CARTERITA,UNIDAD,1,0,0,1,0,0,1,GENERAL,0,0,0,0,0,1,668,0,0
1,RECLUTAMIENTO ADMINISTRATIVO,,3,0,0,0,0,0,0,GENERAL,0,0,0,0,0,1,SRV0204,0,0
1,RECLUTAMIENTO DIRECTO,,3,0,0,0,0,0,0,GENERAL,0,0,0,0,0,1,SRV0202,0,0
1,RECLUTAMIENTO INDIRECTO,,3,0,0,0,0,0,0,GENERAL,0,0,0,0,0,1,SRV0203,0,0
1,RECOGEDOR PARA BASURA,UNIDAD,1,0,0,1,0,0,1,GENERAL,0,0,0,0,0,1,03043,0,0
1,REDECILLA PARA CABELLO,UNIDAD,1,0,0,1,0,0,1,GENERAL,0,0,0,0,0,1,03620,0,0
1,REDUCIDOR DE 1 A 3/4,UNIDAD,1,0,0,1,0,0,1,GENERAL,0,0,0,0,0,1,03580,0,0
1,REDUCIDOR DE 3/4 A 1/2 HG,UNIDAD,1,0,0,1,0,0,1,GENERAL,0,0,0,0,0,1,04679,0,0
1,REDUCIDORES DE 1 A 1/2,UNIDAD,1,0,0,1,0,0,1,GENERAL,0,0,0,0,0,1,04204,0,0
1,REELE DE BAJO CONSUMO 6 VOLTIOS VDC,UNIDAD,1,0,0,1,0,0,1,GENERAL,0,0,0,0,0,1,05008,0,0
1,REFIL PARA CARTUCHO BC-02,UNIDAD,1,0,0,1,0,0,1,GENERAL,0,0,0,0,0,1,399,0,0
1,REFIL PARA CARTUCHO BC-05,UNIDAD,1,0,0,1,0,0,1,GENERAL,0,0,0,0,0,1,398,0,0
1,REFLECTOR DE INTERPERIE PAR38 150W 120V,UNIDAD,1,0,0,1,0,0,1,GENERAL,0,0,0,0,0,1,03815,0,0
1,REFORZAMIENTO METALICO PARA MONITOR,UNIDAD,1,0,0,1,0,0,1,GENERAL,0,0,0,0,0,1,03381,0,0
1,REGLA DE METAL,UNIDAD,1,0,0,1,0,0,1,GENERAL,0,0,0,0,0,1,333,0,0
1,REGLAS PLASTICAS,UNIDAD,1,0,0,1,0,0,1,GENERAL,0,0,0,0,0,1,332,0,0
1,REGLETA 6 TOMAS ELECTRICA,UNIDAD,1,0,0,1,0,0,1,GENERAL,0,0,0,0,0,1,925,0,0
1,REGLETA DE 9 SALIDAS PARA RACK,UNIDAD,1,0,0,1,0,0,1,GENERAL,0,0,0,0,0,1,1039,0,0
1,REGLETA ELECTRICA,UNIDAD,1,0,0,1,0,0,1,GENERAL,0,0,0,0,0,1,538,0,0
1,REGLETA ELECTRICA AP 9562 DE 10 TOMAS,UNIDAD,1,0,0,1,0,0,1,GENERAL,0,0,0,0,0,1,05824,0,0
1,REGLETA ELECTRICA HORIZONTAL 8 TOMA CORR,UNIDAD,1,0,0,1,0,0,1,GENERAL,0,0,0,0,0,1,03970,0,0
1,REGLETA ELECTRICA IMPORTADA,UNIDAD,1,0,0,1,0,0,1,GENERAL,0,0,0,0,0,1,0912,0,0
1,REGLETA ELECTRICA LINET  PDU HORIZONAL 10 DE TOMAS,UNIDAD,1,0,0,1,0,0,1,GENERAL,0,0,0,0,0,1,05825,0,0
1,"REGLETA HORIZONTAL 10 TOMAS 19"" 1RMU",UNIDAD,1,0,0,1,0,0,1,GENERAL,0,0,0,0,0,1,04094,0,0
1,REGLETA HORIZONTAL DE 10 TOMA CORRIENTES,UNIDAD,1,0,0,1,0,0,1,GENERAL,0,0,0,0,0,1,03249,0,0
1,REGLETA PROTECTORA PLATICA P/RACK HPS-12,UNIDAD,1,0,0,1,0,0,1,GENERAL,0,0,0,0,0,1,03172,0,0
1,REGLETA QUEST VPS-1804 PDU VERTICAL DE 18 TOMAS,UNIDAD,1,0,0,1,0,0,1,GENERAL,0,0,0,0,0,1,05826,0,0
1,REGULADOR DE VOLTAJE  120 VOLTIOS MAX 2 TEL SURGE PROTECTOR,UNIDAD,1,0,0,1,0,0,1,GENERAL,0,0,0,0,0,1,0378,0,0
1,REGULADOR DE VOLTAJE DE 8 TOMAS,UNIDAD,1,0,0,1,0,0,1,GENERAL,0,0,0,0,0,1,03117,0,0
1,RELAY 12 VOLTIOS VDC 10 AMP RE,UNIDAD,1,0,0,1,0,0,1,GENERAL,0,0,0,0,0,1,2065,0,0
1,RELAY 28 VOLTIOS,UNIDAD,1,0,0,1,0,0,1,GENERAL,0,0,0,0,0,1,0161,0,0
1,RELAY 5 PINS 12VDC 20 AMP,UNIDAD,1,0,0,1,0,0,1,GENERAL,0,0,0,0,0,1,05328,0,0
1,RELAY 5AMP BEIGE,UNIDAD,1,0,0,1,0,0,1,GENERAL,0,0,0,0,0,1,0162,0,0
1,RELAY 9 VOLTIOS ,UNIDAD,1,0,0,1,0,0,1,GENERAL,0,0,0,0,0,1,0163,0,0
1,RELAY DE 12 VOLT VDC 10 AMP,UNIDAD,1,0,0,1,0,0,1,GENERAL,0,0,0,0,0,1,0546,0,0
1,RELAY DE 12 VOLTIOS 10 AMP,UNIDAD,1,0,0,1,0,0,1,GENERAL,0,0,0,0,0,1,04804,0,0
1,RELAY DE 5 PINES,UNIDAD,1,0,0,1,0,0,1,GENERAL,0,0,0,0,0,1,04538,0,0
1,RELAY DE 5 VOLTIOS,UNIDAD,1,0,0,1,0,0,1,GENERAL,0,0,0,0,0,1,04821,0,0
1,RELAY DE 6 VOLTIOS,UNIDAD,1,0,0,1,0,0,1,GENERAL,0,0,0,0,0,1,03368,0,0
1,RELAY PRO,UNIDAD,1,0,0,1,0,0,1,GENERAL,0,0,0,0,0,1,04822,0,0
1,RELE 2PDT 12V  8 PINES,UNIDAD,1,0,0,1,0,0,1,GENERAL,0,0,0,0,0,1,01064,0,0
1,RELE 2PDT 12VDC BASE REDONDA 11 PINES CH,UNIDAD,1,0,0,1,0,0,1,GENERAL,0,0,0,0,0,1,0878,0,0
1,RELE 3PDT 12VDC BASE REDONDA 11 PINES IM,UNIDAD,1,0,0,1,0,0,1,GENERAL,0,0,0,0,0,1,0876,0,0
1,RELE 3PDT 12VDC BASE REDONDA 11 PINES IM,UNIDAD,1,0,0,1,0,0,1,GENERAL,0,0,0,0,0,1,876,0,0
1,RELE DE 12 V 1 AMP DOBLE POLO DOBLE TIRO,UNIDAD,1,0,0,1,0,0,1,GENERAL,0,0,0,0,0,1,03341,0,0
1,RELE DE 2 POLOS CON BASE,UNIDAD,1,0,0,1,0,0,1,GENERAL,0,0,0,0,0,1,03183,0,0
1,"REM- CAMARA DOME GCD700NIR, 700TVL,",UNIDAD,1,0,0,1,0,0,1,GENERAL,0,0,0,0,0,1,03793,0,0
1,"REMACHADORA  DE 10""",UNIDAD,1,0,0,1,0,0,1,GENERAL,0,0,0,0,0,1,01051,0,0
1,"REMACHES DE 5/16""",UNIDAD,1,0,0,1,0,0,1,GENERAL,0,0,0,0,0,1,04027,0,0
1,"REM-CAMARA DOME GCD420N-P 420TVL, COLOR",UNIDAD,1,0,0,1,0,0,1,GENERAL,0,0,0,0,0,1,03794,0,0
1,RENOVACION,SRV,3,0,0,1,0,0,99,GENERAL,0,1,0,0,0,1,REN,0,0
1,RENTA EQUIPO GPS,,3,0,0,1,0,0,0,GENERAL,0,0,0,0,0,1,GPS003,0,0
1,RENTA Y ASISTENCIA,,3,0,0,1,0,0,0,GENERAL,0,0,0,0,0,1,RENTA,0,0
1,REPACKING SNUCHARGE FOR AC-03,UNIDAD,1,0,0,1,0,0,1,GENERAL,0,0,0,0,0,1,01173,0,0
1,REPARACION DE 2 GRABADORES DIGITALES,UNIDAD,1,0,0,1,0,0,1,GENERAL,0,0,0,0,0,1,0586,0,0
1,REPARACION DE GRABADOR DIGITAL,UNIDAD,1,0,0,1,0,0,1,GENERAL,0,0,0,0,0,1,0603,0,0
1,REPARACIONES DE EQUIPO,SRV,3,0,0,1,0,0,99,GENERAL,0,1,0,0,0,1,RE/EQUIP,0,0
1,REPETER KIT 319.5 WITH VRYSTAL TRANSMITT,UNIDAD,1,0,0,1,0,0,1,GENERAL,0,0,0,0,0,1,04542,0,0
1,REPETIDOR DE SEÑAL INALAMBRICO DSC NEO PG9920,UNIDAD,1,0,0,1,0,0,1,GENERAL,0,0,0,0,0,1,04554,0,0
1,REPETIDOR DE SEÑAL INALAMBRICO PG9920,UNIDAD,1,0,0,1,0,0,1,GENERAL,0,0,0,0,0,1,04299,0,0
1,REPETIDOR INALAMBRICO DSC WS4920,UNIDAD,1,0,0,1,0,0,1,GENERAL,0,0,0,0,0,1,04948,0,0
1,REPETIDOR INALAMBRICO NEO PG9920 RMA,UNIDAD,1,0,0,1,0,0,1,GENERAL,0,0,0,0,0,1,05997,0,0
1,REPETIDOR POWER CODE(MCX-600),UNIDAD,1,0,0,1,0,0,1,GENERAL,0,0,0,0,0,1,03121,0,0
1,REPETIDOR SMART GATEWAY ADC-SG130Z,UNIDAD,1,0,0,1,0,0,1,GENERAL,0,0,0,0,0,1,05720,0,0
1,REPETIDORA 80-922-1,UNIDAD,1,0,0,1,0,0,1,GENERAL,0,0,0,0,0,1,04681,0,0
1,REPETIDORA DE ZONAS MAGELLAN RE,UNIDAD,1,0,0,1,0,0,1,GENERAL,0,0,0,0,0,1,2077,0,0
1,REPETIDORA INALAMBRICA PARA LYNXR,UNIDAD,1,0,0,1,0,0,1,GENERAL,0,0,0,0,0,1,0547,0,0
1,REPETIDORA INALAMBRICA PIMA,UNIDAD,1,0,0,1,0,0,1,GENERAL,0,0,0,0,0,1,04686,0,0
1,REPETIDORA P/LYNXR 5800RP RE,UNIDAD,1,0,0,1,0,0,1,GENERAL,0,0,0,0,0,1,2072,0,0
1,REPISA DOBLE PARA DVR STV-300,UNIDAD,1,0,0,1,0,0,1,GENERAL,0,0,0,0,0,1,03910,0,0
1,REPORTE DE APERTURAS Y CIERRES,SRV,3,0,0,1,1,0,0,GENERAL,0,0,0,0,0,1,APECIERR,0,0
1,REPORTE DE VISITA AL CLIENTE,UNIDAD,1,0,0,1,0,0,1,GENERAL,0,0,0,0,0,1,120,0,0
1,REPORTE DIARIO DE COBROS Y LIQUIDACIONES,JUEGO,1,0,0,1,0,0,1,GENERAL,0,0,0,0,0,1,597,0,0
1,REPUESTOS PARA CUCHILLA,CAJA,1,0,0,1,0,0,1,GENERAL,0,0,0,0,0,1,417,0,0
1,REPUESTOS PARA PORTABORRADOR,UNIDAD,1,0,0,1,0,0,1,GENERAL,0,0,0,0,0,1,416,0,0
1,RESIDEO CABLE PARA INCENDIO 16/2,UNIDAD,1,0,0,1,0,0,1,GENERAL,0,0,0,0,0,1,05470,0,0
1,RESIDEO MAGNETICO PESADO 7945BR,UNIDAD,1,0,0,1,0,0,1,GENERAL,0,0,0,0,0,1,06165,0,0
1,RESIDEO N4868V11-BE GABINETE METALICO,UNIDAD,1,0,0,1,0,0,1,GENERAL,0,0,0,0,0,1,05697,0,0
1,RESIDEO: CABLE PARA INCENDIO 18/4,UNIDAD,1,0,0,1,0,0,1,GENERAL,0,0,0,0,0,1,05453,0,0
1,RESISTENCIA 10OHM 1/2W,UNIDAD,1,0,0,1,0,0,1,GENERAL,0,0,0,0,0,1,03900,0,0
1,RESISTENCIA 2K. 1/4 DE WATTS,UNIDAD,1,0,0,1,0,0,1,GENERAL,0,0,0,0,0,1,03764,0,0
1,RESISTENCIA 3K 1/4 WATTS,UNIDAD,1,0,0,1,0,0,1,GENERAL,0,0,0,0,0,1,03648,0,0
1,RESISTENCIA 6.2K 1/2WATTS,UNIDAD,1,0,0,1,0,0,1,GENERAL,0,0,0,0,0,1,03649,0,0
1,RESISTENCIA DE 10K OHMS,UNIDAD,1,0,0,1,0,0,1,GENERAL,0,0,0,0,0,1,03878,0,0
1,RESISTENCIA DE 1K,UNIDAD,1,0,0,1,0,0,1,GENERAL,0,0,0,0,0,1,03720,0,0
1,RESISTENCIA DE 2K OHMIOS,UNIDAD,1,0,0,1,0,0,1,GENERAL,0,0,0,0,0,1,04891,0,0
1,RESISTENCIA DE 3.3 KILOHOMIOS. 1/2,UNIDAD,1,0,0,1,0,0,1,GENERAL,0,0,0,0,0,1,04222,0,0
1,RESISTENCIA DE 3K OHMIOS,UNIDAD,1,0,0,1,0,0,1,GENERAL,0,0,0,0,0,1,04892,0,0
1,RESISTENCIA DE 5.1KOHM,UNIDAD,1,0,0,1,0,0,1,GENERAL,0,0,0,0,0,1,05133,0,0
1,RESISTENCIA DE 6.2K OHMIOS,UNIDAD,1,0,0,1,0,0,1,GENERAL,0,0,0,0,0,1,04893,0,0
1,RESISTENCIA DE 6.8 KILOHOMIOS. 1/2,UNIDAD,1,0,0,1,0,0,1,GENERAL,0,0,0,0,0,1,04223,0,0
1,RESISTENCIAS,UNIDAD,1,0,0,1,0,0,1,GENERAL,0,0,0,0,0,1,0165,0,0
1,RESISTENCIAS DE 4K,UNIDAD,1,0,0,1,0,0,1,GENERAL,0,0,0,0,0,1,03992,0,0
1,RESISTENCIAS DE 6.85 KOHMS,UNIAD,1,0,0,1,0,0,1,GENERAL,0,0,0,0,0,1,03574,0,0
1,RESPIRADORES DESECHABLES CONTRA PARTICULAS NO TOXI,UNIDAD,1,0,0,1,0,0,1,GENERAL,0,0,0,0,0,1,4R410N-95,0,0
1,RETRETE,UNIDAD,1,0,0,1,0,0,1,GENERAL,0,0,0,0,0,1,04794,0,0
1,REUSABLE H-BOLT SEALS 116MM W/2HOLES,UNIDAD,1,0,0,1,0,0,1,GENERAL,0,0,0,0,0,1,04073,0,0
1,REVERE: SIRENA DE 18W CON GABINETE,KIT,1,0,0,1,0,0,1,GENERAL,0,0,0,0,0,1,0539,0,0
1,REVERE: SIRENA DE 36 WATTS CON GABINETE,UNIDAD,1,0,0,1,0,0,1,GENERAL,0,0,0,0,0,1,0579,0,0
1,REVERE: TRANSFORMADORES PT16400 (12X6) R,UNIDAD,1,0,0,1,0,0,1,GENERAL,0,0,0,0,0,1,0225,0,0
1,REVISION DE SISTEMA DE ALARMA,,3,0,0,1,0,0,0,GENERAL,0,0,0,0,0,1,SERV TEC,0,0
1,REVISTEROS,UNIDAD,1,0,0,1,0,0,1,GENERAL,0,0,0,0,0,1,428,0,0
1,RG-ES228GS-P SWITCH ADMINISTRABLE DE 24 PUERTOS PO,UNIDAD,1,0,0,1,0,0,1,GENERAL,0,0,0,0,0,1,06565,0,0
1,RIEL DIM 35MMX I M PERFORADO,UNIDAD,1,0,0,1,0,0,1,GENERAL,0,0,0,0,0,1,0838,0,0
1,RIEL PARA CONTACTOR,UNIDAD,1,0,0,1,0,0,1,GENERAL,0,0,0,0,0,1,02025,0,0
1,RIEL UNICANAL P1000,UNIDAD,1,0,0,1,0,0,1,GENERAL,0,0,0,0,0,1,04226,0,0
1,RIEL UNICANAL P-4000 PERFORADO 3MT LARGO,UNIDAD,1,0,0,1,0,0,1,GENERAL,0,0,0,0,0,1,01043,0,0
1,RISCO RK200DTG3 SENSOR LUNAR DSC,UNIDAD,1,0,0,1,0,0,1,GENERAL,0,0,0,0,0,1,05998,0,0
1,RK 150DTG300D SENSOR DE MOVIMIENTO LUNAR 360° DUAL,UNIDAD,1,0,0,1,0,0,1,GENERAL,0,0,0,0,0,1,06400,0,0
1,RK150DTG3 SENSOR LUNAR DE 360?,UNIDAD,1,0,0,1,0,0,1,GENERAL,0,0,0,0,0,1,05996,0,0
1,RK515DTGL00B BWARE DT GRADE 2 SENSOR DE MOVIMIENTO,UNIDAD,1,0,0,1,0,0,1,GENERAL,0,0,0,0,0,1,05785,0,0
1,RLCD-C-2 REMOTE ANNUNCIATOR COMPATIBLE EDGE-ML,UNIDAD,1,0,0,1,0,0,1,GENERAL,0,0,0,0,0,1,06700,0,0
1,RM-1 RELAY 12VCD 5 PATAS 35MA/MAX 3A DSC,UNIDAD,1,0,0,1,0,0,1,GENERAL,0,0,0,0,0,1,05768,0,0
1,ROCETA TELEFONICA,UNIDAD,1,0,0,1,0,0,1,GENERAL,0,0,0,0,0,1,0316,0,0
1,RODILLERA FOX TITAN SPORT,PAR,1,0,0,1,0,0,1,GENERAL,0,0,0,0,0,1,636,0,0
1,RODILLERAS,UNIDAD,1,0,0,1,0,0,1,GENERAL,0,0,0,0,0,1,501,0,0
1,RODOS CON FRENO Y SIN FRENO,UNIDAD,1,0,0,1,0,0,1,GENERAL,0,0,0,0,0,1,05808,0,0
1,ROKONET: PASIVO INFRARROJO ANTIMASCOTAS,UNIDAD,1,0,0,1,0,0,1,GENERAL,0,0,0,0,0,1,0523,0,0
1,ROLDANA,UNIDAD,1,0,0,1,0,0,1,GENERAL,0,0,0,0,0,1,04233,0,0
1,"ROLDANA 3/8""",UNIDAD,1,0,0,1,0,0,1,GENERAL,0,0,0,0,0,1,04049,0,0
1,ROLDANA ANCHA GALVANIZADA  3/16*1,UNIDAD,1,0,0,1,0,0,1,GENERAL,0,0,0,0,0,1,02052,0,0
1,ROLDANA DE 1/4 PARA TORNILLO DE 15 PUL,UNIDAD,1,0,0,1,0,0,1,GENERAL,0,0,0,0,0,1,03225,0,0
1,"ROLDANA DE 1/4""",UNIDAD,1,0,0,1,0,0,1,GENERAL,0,0,0,0,0,1,03665,0,0
1,ROLLO DE PAPEL PARA IMPRIMIR TICKET 1000 TICKETS,UNIDAD,1,0,0,1,0,0,1,GENERAL,0,0,0,0,0,1,04793,0,0
1,"ROLLO PARA PIZARRA MARCADOR 18""",UNIDAD,1,0,0,1,0,0,1,GENERAL,0,0,0,0,0,1,05006,0,0
1,"ROLLO PARA PIZARRA YESO 18""",UNIDAD,1,0,0,1,0,0,1,GENERAL,0,0,0,0,0,1,05007,0,0
1,RON-AP02 TONGTA AP-02B COMPU MOVIL /IMPRESORA,UNIDAD,1,0,0,1,0,0,1,GENERAL,0,0,0,0,0,1,05699,0,0
1,RONDAS,,3,0,0,1,0,0,0,GENERAL,0,0,0,0,0,1,RONDAS,0,0
1,"ROOLO DE ESPIRAL DE 1""",UNIDAD,1,0,0,1,0,0,1,GENERAL,0,0,0,0,0,1,05163,0,0
1,ROTO MARTILLO BOSCH GBH2-24DSE,UNIDAD,1,0,0,1,0,0,1,GENERAL,0,0,0,0,0,1,814,0,0
1,ROTOMARTILLO MAKITA DHR242RFE,UNIDAD,1,0,0,1,0,0,1,GENERAL,0,0,0,0,0,1,05135,0,0
1,"ROTOMARTILLO MAKITA HR2810T DE 1.1/8"" SDS PLUS",UNIDAD,1,0,0,1,0,0,1,GENERAL,0,0,0,0,0,1,04744,0,0
1,ROTULADOR ELECTRONICO LM210D DYMO,UNIDAD,1,0,0,1,0,0,1,GENERAL,0,0,0,0,0,1,837,0,0
1,ROTULO  DE EXTINGUIDOR,UNIDAD,1,0,0,1,0,0,1,GENERAL,0,0,0,0,0,1,544,0,0
1,ROTULO ACRILICO G4S,UNIDAD,1,0,0,1,0,0,1,GENERAL,0,0,0,0,0,1,0469,0,0
1,ROTULO ACRILICO G4S CCTV + ALARMA,UNIDAD,1,0,0,1,0,0,1,GENERAL,0,0,0,0,0,1,03904,0,0
1,ROTULO ADHESIVO BRILLANTE 21.5 CM*18CM,UNIDAD,1,0,0,1,0,0,1,GENERAL,0,0,0,0,0,1,06328,0,0
1,ROTULO ADHESIVO BRILLANTE DE 6*6 CM,UNIDAD,1,0,0,1,0,0,1,GENERAL,0,0,0,0,0,1,06329,0,0
1,ROTULO ALARMA,UNI,2,1,0,1,0,0,0,GENERAL,0,0,0,0,0,1,ROT001,0,0
1,ROTULO DE RUTA DE EVACUACION,UNIDAD,1,0,0,1,0,0,1,GENERAL,0,0,0,0,0,1,545,0,0
1,ROTULO G4S ACRILICO RE,UNIDAD,1,0,0,1,0,0,1,GENERAL,0,0,0,0,0,1,2059,0,0
1,ROTULO LAMINADO ADHESIVO DE 3MM.,UNIDAD,1,0,0,1,0,0,1,GENERAL,0,0,0,0,0,1,06327,0,0
1,ROTULO PLASTICO G4S,UNIDAD,1,0,0,1,0,0,1,GENERAL,0,0,0,0,0,1,0166,0,0
1,ROTULO SALIDA DE EMERGENCIA,UNIDAD,1,0,0,1,0,0,1,GENERAL,0,0,0,0,0,1,546,0,0
1,ROUTER 5 PUERTOS TPLINK,UNIDAD,1,0,0,1,0,0,1,GENERAL,0,0,0,0,0,1,559,0,0
1,ROUTER DE RED,UNIDAD,1,0,0,1,0,0,1,GENERAL,0,0,0,0,0,1,05184,0,0
1,ROUTER INALAMBRICO 3G 11N+4 PUERTOS,UNIDAD,1,0,0,1,0,0,1,GENERAL,0,0,0,0,0,1,03290,0,0
1,ROUTER USB WIRELESS 3G,UNIDAD,1,0,0,1,0,0,1,GENERAL,0,0,0,0,0,1,03197,0,0
1,ROUTER WIRELES-N LINKSYS,UNIDAD,1,0,0,1,0,0,1,GENERAL,0,0,0,0,0,1,511,0,0
1,RP-29-F1 EXTENSOR/REPETIDOR VIA RADIO VESTA,UNIDAD,1,0,0,1,0,0,1,GENERAL,0,0,0,0,0,1,06627,0,0
1,"RP432BP2000A LIGHTSYS+,CAJA DE PLASTICO PEQUE?A+TM",UNIDAD,1,0,0,1,0,0,1,GENERAL,0,0,0,0,0,1,06567,0,0
1,RP432KP0000A TECLADO LCD LIGHTSYS,UNIDAD,1,0,0,1,0,0,1,GENERAL,0,0,0,0,0,1,06568,0,0
1,RP432MNP000E PLACA PRINCIPAL LIGHTSYS (SIN PSTN),UNIDAD,1,0,0,1,0,0,1,GENERAL,0,0,0,0,0,1,06569,0,0
1,RP432MP0000A PLACA BASE LIGHTSYS PLUS,UNIDAD,1,0,0,1,0,0,1,GENERAL,0,0,0,0,0,1,06570,0,0
1,RTS151KEY ESTACION REMOTA DE PRUEBA REINICIO LLAVE,UNIDAD,1,0,0,1,0,0,1,GENERAL,0,0,0,0,0,1,06709,0,0
1,RUIJIE RG-EW1200G PRO ROUTER DOBLE BANDA 4 PUERTOS,UNIDAD,1,0,0,1,0,0,1,GENERAL,0,0,0,0,0,1,03156,0,0
1,RXN-420S-2TB GRABADOR DE 4 CANALES POE HANWHA,UNIDAD,1,0,0,1,0,0,1,GENERAL,0,0,0,0,0,1,06390,0,0
1,S820 PROXIMITY CARD 8000-5771-A C/G MULL,UNIDAD,1,0,0,1,0,0,1,GENERAL,0,0,0,0,0,1,03853,0,0
1,S830 PROXIMITY MULLION CARD READER ASH G,UNIDAD,1,0,0,1,0,0,1,GENERAL,0,0,0,0,0,1,03802,0,0
1,S830 PROXIMITY MULLION CARD READER C/GRE,UNIDAD,1,0,0,1,0,0,1,GENERAL,0,0,0,0,0,1,03852,0,0
1,SA-027Q TIMER ANUAL ENFORCER,UNIDAD,1,0,0,1,0,0,1,GENERAL,0,0,0,0,0,1,05725,0,0
1,SACABOCADOS TAMANO ESTANDAR,UNIDAD,1,0,0,1,0,0,1,GENERAL,0,0,0,0,0,1,368,0,0
1,SACAGRAPAS,UNIDAD,1,0,0,1,0,0,1,GENERAL,0,0,0,0,0,1,365,0,0
1,SACAPUNTA METALICO,UNIDAD,1,0,0,1,0,0,1,GENERAL,0,0,0,0,0,1,329,0,0
1,SACO DE SABIETA PARA LEVANTADO,UNIDAD,1,0,0,1,0,0,1,GENERAL,0,0,0,0,0,1,05165,0,0
1,SAFE HOME PRO,SERV,3,0,0,1,1,0,99,GENERAL,0,0,0,0,0,1,KIT002,0,0
1,SAFE HOME PRO (COLABORADOR),SERV,3,0,0,1,1,0,99,GENERAL,0,0,0,0,0,1,KIT006,0,0
1,SAFE HOME PRO BUSINESS,SERV,3,0,0,1,1,0,99,GENERAL,0,0,0,0,0,1,KIT011,0,0
1,SAFE HOME SMART,SERV,3,0,0,1,1,0,99,GENERAL,0,0,0,0,0,1,KIT003,0,0
1,SAFE HOME SMART (COLABORADOR),SERV,3,0,0,1,1,0,99,GENERAL,0,0,0,0,0,1,KIT007,0,0
1,SAFE HOME SMART BUSINESS,SERV,3,0,0,1,1,0,99,GENERAL,0,0,0,0,0,1,KIT012,0,0
1,SAFE HOME VIDEO,SERV,3,0,0,1,1,0,99,GENERAL,0,0,0,0,0,1,KIT001,0,0
1,SAFE HOME VIDEO (COLABORADOR),SERV,3,0,0,1,1,0,99,GENERAL,0,0,0,0,0,1,KIT005,0,0
1,SAFE HOME VIDEO BUSINESS,SERV,3,0,0,1,1,0,99,GENERAL,0,0,0,0,0,1,KIT009,0,0
1,SAFE HOME VIDEO EXTERIOR,SERV,3,0,0,1,1,0,99,GENERAL,0,0,0,0,0,1,KIT004,0,0
1,SAFE HOME VIDEO EXTERIOR (COLABORADOR),SERV,3,0,0,1,1,0,99,GENERAL,0,0,0,0,0,1,KIT008,0,0
1,SAFE HOME VIDEO EXTERIOR BUSINESS,SERV,3,0,0,1,1,0,99,GENERAL,0,0,0,0,0,1,KIT010,0,0
1,SAFTETY SWICH OS-IC,UNIDAD,1,0,0,1,0,0,1,GENERAL,0,0,0,0,0,1,0167,0,0
1,SALARIO PERSONAL ESTANDAR,SRV,3,0,0,1,0,0,99,GENERAL,0,0,0,0,0,1,SAL001,0,0
1,SAMSUNG: CAMARA TIPO DOMO ROHS,UNIDAD,1,0,0,1,0,0,1,GENERAL,0,0,0,0,0,1,0383,0,0
1,SAMSUNG: MINI PORTATIL N102S,UNIDAD,1,0,0,1,0,0,1,GENERAL,0,0,0,0,0,1,627,0,0
1,"SAMSUNG: MONITOR  DE 22""  LT22B350LB",UNIDAD,1,0,0,1,0,0,1,GENERAL,0,0,0,0,0,1,03416,0,0
1,"SAMSUNG: MONITOR 15""",UNIDAD,1,0,0,1,0,0,1,GENERAL,0,0,0,0,0,1,0308,0,0
1,SAMSUNG: MONITOR DE 14 PULGADAS,UNIDAD,1,0,0,1,0,0,1,GENERAL,0,0,0,0,0,1,0582,0,0
1,SAMSUNG: MONITOR DE 15 PULGADAS A COLOR CONVENCIO,UNIDAD,1,0,0,1,0,0,1,GENERAL,0,0,0,0,0,1,0624,0,0
1,SAMSUNG: QUEMADORA Y LECTORA DE DVD EXTERNA,UNIDAD,1,0,0,1,0,0,1,GENERAL,0,0,0,0,0,1,03415,0,0
1,"SAMSUNG: TELEVISOR LED DE 19""",UNIDAD,1,0,0,1,0,0,1,GENERAL,0,0,0,0,0,1,03710,0,0
1,SAMSUNG: TELEVISOR LED DE32 PULGADAS HD,UNIDAD,1,0,0,1,0,0,1,GENERAL,0,0,0,0,0,1,03203,0,0
1,SAT-9 RE,UNIDAD,1,0,0,1,0,0,1,GENERAL,0,0,0,0,0,1,2038,0,0
1,SAT-N RE,UNIDAD,1,0,0,1,0,0,1,GENERAL,0,0,0,0,0,1,2100,0,0
1,SCOTCH: CINTA VULCANISADA RUBBER,UNIDAD,1,0,0,1,0,0,1,GENERAL,0,0,0,0,0,1,0051,0,0
1,SCOTCH: FLEPA JUMBO,UNIDAD,1,0,0,1,0,0,1,GENERAL,0,0,0,0,0,1,05379,0,0
1,SCVSW-YUP-PRO-3Y SYMMETRY COMPLETE VIEW PRO,UNIDAD,1,0,0,1,0,0,1,GENERAL,0,0,0,0,0,1,06083,0,0
1,SD 725SGEX1Q BOTON MOMENTANEO ILUMINADO EN PLACA,UNIDAD,1,0,0,1,0,0,1,GENERAL,0,0,0,0,0,1,05445,0,0
1,SD: DETECTOR DE  HUMO 5192 SD,UNIDAD,1,0,0,1,0,0,1,GENERAL,0,0,0,0,0,1,0238,0,0
1,SD12 TECLADO ESTILO ATM ALFANUMERIC,UNIDAD,1,0,0,1,0,0,1,GENERAL,0,0,0,0,0,1,06356,0,0
1,"SD-32-ALK-F1 SMOKE DETECTOR VESTA, FUNCI?N DE AUTO",UNIDAD,1,0,0,1,0,0,1,GENERAL,0,0,0,0,0,1,06622,0,0
1,SD-32-HM-SC DETECTOR DE HUMO MULTIFUCIONAL VESTA.,UNIDAD,1,0,0,1,0,0,1,GENERAL,0,0,0,0,0,1,06623,0,0
1,SD355 PHOTOELECTRIC SMOK DETECTOR FIRE-LITE,UNIDAD,1,0,0,1,0,0,1,GENERAL,0,0,0,0,0,1,05689,0,0
1,SD-7104SGEX1Q MONO-FACTOR BIO 500 USRES,UNIDAD,1,0,0,1,0,0,1,GENERAL,0,0,0,0,0,1,05374,0,0
1,SD-7275SGRX1Q   PULSADO ENFORCER,UNIDAD,1,0,0,1,0,0,1,GENERAL,0,0,0,0,0,1,05467,0,0
1,SD-927PKC-NEQ SENSOR IR DE SOLICITUD DE SALIDA SIN,UNIDAD,1,0,0,1,0,0,1,GENERAL,0,0,0,0,0,1,05776,0,0
1,SD-997A-GBQ ELECTRIC DEADBOLT FALL-SECURE,UNIDAD,1,0,0,1,0,0,1,GENERAL,0,0,0,0,0,1,06133,0,0
1,SD-997SMB-AQ SURFACE-MOUNT BRACKET,UNIDAD,1,0,0,1,0,0,1,GENERAL,0,0,0,0,0,1,06134,0,0
1,SD-997UB-AQ U BRACKET FOR MOUNTING,UNIDAD,1,0,0,1,0,0,1,GENERAL,0,0,0,0,0,1,06135,0,0
1,SDCO-1-P3-F1-433 DETECTOR INALAMBRICO VESTA DE HUM,UNIDAD,1,0,0,1,0,0,1,GENERAL,0,0,0,0,0,1,06624,0,0
1,SEAGATE ST6000VX001-520 DISCO DURO INTERNO 3.5 SAT,UNIDAD,1,0,0,1,0,0,1,GENERAL,0,0,0,0,0,1,05966,0,0
1,SEC9X-CRD-E-MKYD MOBILE KEY CARD,UNIDAD,1,0,0,1,0,0,1,GENERAL,0,0,0,0,0,1,06137,0,0
1,SEC9X-CRD-MADD MOBILE ADMIN CARD,UNIDAD,1,0,0,1,0,0,1,GENERAL,0,0,0,0,0,1,06138,0,0
1,SECCIONES DE ANDAMIOS,UNIDAD,1,0,0,1,0,0,1,GENERAL,0,0,0,0,0,1,05806,0,0
1,SECO-LARM: DISCADOR VOICE DIALER,UNIDAD,1,0,0,1,0,0,1,GENERAL,0,0,0,0,0,1,0379,0,0
1,SECO-LARM: FUENTE DE PODER DE 1.5 AMP,UNIDAD,1,0,0,1,0,0,1,GENERAL,0,0,0,0,0,1,07-ST1206,0,0
1,SECO-LARM: FUENTE DE PODER DE 2 AMPERIOS,UNIDAD,1,0,0,1,0,0,1,GENERAL,0,0,0,0,0,1,07-ST2406-2A,0,0
1,SECO-LARM: SENSOR DE CORTINA SM226L,UNIDAD,1,0,0,1,0,0,1,GENERAL,0,0,0,0,0,1,03954,0,0
1,SECO-LARM: TECLADO SECOLARM MODELO SK-1131,UNIDAD,1,0,0,1,0,0,1,GENERAL,0,0,0,0,0,1,0474,0,0
1,SEG249 BOBINA DE CABLE GENESIS SOLIDO 16/2,UNIDAD,1,0,0,1,0,0,1,GENERAL,0,0,0,0,0,1,06720,0,0
1,SEGUIDOR DE SEÑAL,UNIDAD,1,0,0,1,0,0,1,GENERAL,0,0,0,0,0,1,05866,0,0
1,SEGURO DE VIDA ADMINISTRATIVO,,3,0,0,0,0,0,0,GENERAL,0,0,0,0,0,1,SRV0327,0,0
1,SEGURO DE VIDA DIRECTO,,3,0,0,0,0,0,0,GENERAL,0,0,0,0,0,1,SRV0325,0,0
1,SEGURO DE VIDA INDIRECTO,,3,0,0,0,0,0,0,GENERAL,0,0,0,0,0,1,SRV0326,0,0
1,SEGURO PARA PELDAÑO RACK INDUSTRIAL,UNIDAD,1,0,0,1,0,0,1,GENERAL,0,0,0,0,0,1,0024,0,0
1,SELLO  GERENCIA FIANCIERA,UNIDAD,1,0,0,1,0,0,1,GENERAL,0,0,0,0,0,1,115,0,0
1,SELLO AUTOMATICO,UNIDAD,1,0,0,1,0,0,1,GENERAL,0,0,0,0,0,1,121,0,0
1,SELLO DE HULE DE MADERA,UNIDAD,1,0,0,1,0,0,1,GENERAL,0,0,0,0,0,1,655,0,0
1,SELLO FECHADOR,UNIDAD,1,0,0,1,0,0,1,GENERAL,0,0,0,0,0,1,496,0,0
1,SELLOS AUTOMATICOS TIPO LAPICERO,UNIDAD,1,0,0,1,0,0,1,GENERAL,0,0,0,0,0,1,122,0,0
1,SENROS DE COMBUSTIBLE SEN 010 SKYPATROL,UNIDAD,1,0,0,1,0,0,1,GENERAL,0,0,0,0,0,1,05269,0,0
1,SENSEFACE 3A TERMINAL DE CONTROL DE ACCESO ZKTECO,UNIDAD,1,0,0,1,0,0,1,GENERAL,0,0,0,0,0,1,06686,0,0
1,SENSOR 360 GRADOS MARCO RISKO,UNIDAD,1,0,0,1,0,0,1,GENERAL,0,0,0,0,0,1,0663,0,0
1,SENSOR 360 GRADOS PARA TECHO LUXITE,UNIDAD,1,0,0,1,0,0,1,GENERAL,0,0,0,0,0,1,01160,0,0
1,SENSOR ANUNCIADOR INALAMBRICO,UNIDAD,1,0,0,1,0,0,1,GENERAL,0,0,0,0,0,1,0169,0,0
1,"SENSOR CAMERAS, WITH HEATER/BLOWER",UNIDAD,1,0,0,1,0,0,1,GENERAL,0,0,0,0,0,1,0932,0,0
1,SENSOR DE 360° RE,UNIDAD,1,0,0,1,0,0,1,GENERAL,0,0,0,0,0,1,2064,0,0
1,SENSOR DE CONTACTO PARA PUERTAS Y VENTANAS CLIMAX,UNIDAD,1,0,0,1,0,0,1,GENERAL,0,0,0,0,0,1,06590,0,0
1,SENSOR DE GOLPE INTELOGIX DV1221A,UNIDAD,1,0,0,1,0,0,1,GENERAL,0,0,0,0,0,1,03573,0,0
1,SENSOR DE GOLPE PARA VENTANA HONEYWELL RE,UNIDAD,1,0,0,1,0,0,1,GENERAL,0,0,0,0,0,1,05074,0,0
1,SENSOR DE GOLPE POWER NEO PG9935,UNIDAD,1,0,0,1,0,0,1,GENERAL,0,0,0,0,0,1,04552,0,0
1,SENSOR DE GOLPE RK600S,UNIDAD,1,0,0,1,0,0,1,GENERAL,0,0,0,0,0,1,06148,0,0
1,SENSOR DE GOLPE SC105,UNIDAD,1,0,0,1,0,0,1,GENERAL,0,0,0,0,0,1,04696,0,0
1,SENSOR DE HUMEDAD 470-12 SONDA 470-PB,UNIDAD,1,0,0,1,0,0,1,GENERAL,0,0,0,0,0,1,04487,0,0
1,SENSOR DE HUMO 4 HILOS KIKVISION DS-PDSMK-4BAR,UNIDAD,1,0,0,1,0,0,1,GENERAL,0,0,0,0,0,1,0728,0,0
1,SENSOR DE HUMO 5139SDT,12,1,0,0,1,0,0,1,GENERAL,0,0,0,0,0,1,04650,0,0
1,SENSOR DE HUMO 5806W3,UNIDAD,1,0,0,1,0,0,1,GENERAL,0,0,0,0,0,1,03391,0,0
1,SENSOR DE HUMO FOTOELECTRICO DE 4 HILOS,UNIDAD,1,0,0,1,0,0,1,GENERAL,0,0,0,0,0,1,05080,0,0
1,SENSOR DE HUMO RE,UNIDAD,1,0,0,1,0,0,1,GENERAL,0,0,0,0,0,1,2035,0,0
1,SENSOR DE HUMO RMA PG 9936,UNIDAD,1,0,0,1,0,0,1,GENERAL,0,0,0,0,0,1,06283,0,0
1,SENSOR DE HUMO Y CALOR INALAMBRI NEO - DSC PG9936,UNIDAD,1,0,0,1,0,0,1,GENERAL,0,0,0,0,0,1,05415,0,0
1,SENSOR DE MICROONDAS DIGILON 200 METROS,UNIDAD,1,0,0,1,0,0,1,GENERAL,0,0,0,0,0,1,01153,0,0
1,SENSOR DE MICROONDAS RE,UNIDAD,1,0,0,1,0,0,1,GENERAL,0,0,0,0,0,1,2036,0,0
1,SENSOR DE MOV.INAL.INFRARROJO EXT.PG9994,UNIDAD,1,0,0,1,0,0,1,GENERAL,0,0,0,0,0,1,04304,0,0
1,SENSOR DE MOVIMIENTO (DEMO CASITA),UNIDAD,1,0,0,1,0,0,1,GENERAL,0,0,0,0,0,1,05209,0,0
1,SENSOR DE MOVIMIENTO DSC MODELO LC100PI,UNIDAD,1,0,0,1,0,0,1,GENERAL,0,0,0,0,0,1,04537,0,0
1,SENSOR DE MOVIMIENTO DSC PG9914,UNIDAD,1,0,0,1,0,0,1,GENERAL,0,0,0,0,0,1,05059,0,0
1,SENSOR DE MOVIMIENTO DT7450C,UNIDAD,1,0,0,1,0,0,1,GENERAL,0,0,0,0,0,1,04308,0,0
1,"SENSOR DE MOVIMIENTO DT8035, DUAL TEP,35",UNIDAD,1,0,0,1,0,0,1,GENERAL,0,0,0,0,0,1,04191,0,0
1,SENSOR DE MOVIMIENTO DUAL TEC BV-600,UNIDAD,1,0,0,1,0,0,1,GENERAL,0,0,0,0,0,1,06174,0,0
1,SENSOR DE MOVIMIENTO INALAMBRICO DS-PDP15P-EG2-WB,UNIDAD,1,0,0,1,0,0,1,GENERAL,0,0,0,0,0,1,06370,0,0
1,SENSOR DE MOVIMIENTO INALAMBRICO PG9904,UNIDAD,1,0,0,1,0,0,1,GENERAL,0,0,0,0,0,1,04560,0,0
1,SENSOR DE MOVIMIENTO INALAMBRICO PG9994,UNIDAD,1,0,0,1,0,0,1,GENERAL,0,0,0,0,0,1,04550,0,0
1,SENSOR DE MOVIMIENTO INALAMBRICO RE,UNIDAD,1,0,0,1,0,0,1,GENERAL,0,0,0,0,0,1,2085,0,0
1,SENSOR DE MOVIMIENTO MG-PMD-2P INALAMBRI,UNIDAD,1,0,0,1,0,0,1,GENERAL,0,0,0,0,0,1,03763,0,0
1,SENSOR DE MOVIMIENTO P/ EXTERIORES PMD85,UNIDAD,1,0,0,1,0,0,1,GENERAL,0,0,0,0,0,1,02095,0,0
1,SENSOR DE MOVIMIENTO PIR INALAMBRICO PARA INTERIOR,UNIDAD,1,0,0,1,0,0,1,GENERAL,0,0,0,0,0,1,06589,0,0
1,SENSOR DE MOVIMIENTO PMD1P,UNIDAD,1,0,0,1,0,0,1,GENERAL,0,0,0,0,0,1,02096,0,0
1,SENSOR DE MOVIMIENTO RE,UNIDAD,1,0,0,1,0,0,1,GENERAL,0,0,0,0,0,1,2016,0,0
1,SENSOR DE MOVIMIENTO VIPLEX DT7500SN,UNIDAD,1,0,0,1,0,0,1,GENERAL,0,0,0,0,0,1,04649,0,0
1,SENSOR DE MOVIMIENTO VISONIC 315,UNIDAD,1,0,0,1,0,0,1,GENERAL,0,0,0,0,0,1,03464,0,0
1,SENSOR DE ROTURA DE VIDRIO INALAMBRICO PG9922,UNIDAD,1,0,0,1,0,0,1,GENERAL,0,0,0,0,0,1,05300,0,0
1,SENSOR DE TEMPERATURA INALAMBRICO NEO PG9905,UNIDAD,1,0,0,1,0,0,1,GENERAL,0,0,0,0,0,1,05418,0,0
1,SENSOR DE USB A CONTACTO CON ADHESIVO,UNIDAD,1,0,0,1,0,0,1,GENERAL,0,0,0,0,0,1,05068,0,0
1,SENSOR DSC LC-100PL RMA-RE,UNIDAD,1,0,0,1,0,0,1,GENERAL,0,0,0,0,0,1,05736,0,0
1,"SENSOR DT8050A, DUAL-TEC, 50, X-BAND,10",UNIDAD,1,0,0,1,0,0,1,GENERAL,0,0,0,0,0,1,04265,0,0
1,SENSOR DUAL TEC DT-7435 RE,UNIDAD,1,0,0,1,0,0,1,GENERAL,0,0,0,0,0,1,02100,0,0
1,SENSOR DUAL TEC LC-103-PIMSK DSC,UNIDAD,1,0,0,1,0,0,1,GENERAL,0,0,0,0,0,1,04708,0,0
1,SENSOR DUAL TEC TLC-S-2 CROW,UNIDAD,1,0,0,1,0,0,1,GENERAL,0,0,0,0,0,1,0963,0,0
1,SENSOR INALAMBRICO CON CAMARA,UNIDAD,1,0,0,1,0,0,1,GENERAL,0,0,0,0,0,1,04463,0,0
1,SENSOR INALAMBRICO DE PUERTA Y VENTANA PG9945,UNIDAD,1,0,0,1,0,0,1,GENERAL,0,0,0,0,0,1,04561,0,0
1,SENSOR INALAMBRICO MAGELLAN P/INTERIOR,UNIDAD,1,0,0,1,0,0,1,GENERAL,0,0,0,0,0,1,0674,0,0
1,SENSOR INALAMBRICO P/MAGELLAN PMD2P RE,UNIDAD,1,0,0,1,0,0,1,GENERAL,0,0,0,0,0,1,04592,0,0
1,SENSOR INALAMBRICO RMA- PG 9914,UNIDAD,1,0,0,1,0,0,1,GENERAL,0,0,0,0,0,1,05428,0,0
1,SENSOR INALAMBRICO(SALIDA AUXILIAR) RMA PG9945,UNIDAD,1,0,0,1,0,0,1,GENERAL,0,0,0,0,0,1,06320,0,0
1,SENSOR INUNDACION INALAMBRICO NEO - DSC PG9985,UNIDAD,1,0,0,1,0,0,1,GENERAL,0,0,0,0,0,1,05416,0,0
1,SENSOR MAGNETICO EXTERIOR PG9312 POWRGNEO,UNIDAD,1,0,0,1,0,0,1,GENERAL,0,0,0,0,0,1,05857,0,0
1,SENSOR MAGNETITO INALAMBRICO PG9975,UNIDAD,1,0,0,1,0,0,1,GENERAL,0,0,0,0,0,1,05301,0,0
1,SENSOR MOV.INAL.INFRARROJO PG9994P,UNIDAD,1,0,0,1,0,0,1,GENERAL,0,0,0,0,0,1,04302,0,0
1,SENSOR MOVI. EXTER. INALAM.NEO PG9994,UNIDAD,1,0,0,1,0,0,1,GENERAL,0,0,0,0,0,1,05353,0,0
1,SENSOR MOVIMIENTO 18MTS DS-PDP18-EG2,UNIDAD,1,0,0,1,0,0,1,GENERAL,0,0,0,0,0,1,06365,0,0
1,SENSOR MOVIMIENTO 90 GRADOS BROKONET,UNIDAD,1,0,0,1,0,0,1,GENERAL,0,0,0,0,0,1,0174,0,0
1,SENSOR MOVIMIENTO 90 GRADOS DSC,UNIDAD,1,0,0,1,0,0,1,GENERAL,0,0,0,0,0,1,0175,0,0
1,SENSOR MOVIMIENTO EXT. INALAMBRICOPG9994,UNIDAD,1,0,0,1,0,0,1,GENERAL,0,0,0,0,0,1,05302,0,0
1,SENSOR MOVIMIENTO EXT. OPTEX VXI-DAM CABLEADO,UNIDAD,1,0,0,1,0,0,1,GENERAL,0,0,0,0,0,1,05986,0,0
1,SENSOR MOVIMIENTO EXTERIOR INALAMBRICO PG9944,UNIDAD,1,0,0,1,0,0,1,GENERAL,0,0,0,0,0,1,05950,0,0
1,SENSOR MOVIMIENTO EXTERIOR PG9944 OUT WIRELESS PIR,UNIDAD,1,0,0,1,0,0,1,GENERAL,0,0,0,0,0,1,05607,0,0
1,SENSOR MOVIMIENTO INALAMBRICO HONEWELL 5800 RE,UNIDAD,1,0,0,1,0,0,1,GENERAL,0,0,0,0,0,1,2054,0,0
1,SENSOR MOVIMIENTO INFRAROJO  DE TECHO DSC PG9862,UNIDAD,1,0,0,1,0,0,1,GENERAL,0,0,0,0,0,1,05417,0,0
1,SENSOR PARA EXTERIOR EDS-2000,UNIDAD,1,0,0,1,0,0,1,GENERAL,0,0,0,0,0,1,0623,0,0
1,SENSOR PARA EXTERIOR EDS-3000 DUAL TEC,UNIDAD,1,0,0,1,0,0,1,GENERAL,0,0,0,0,0,1,03907,0,0
1,SENSOR ROTURA DE VIDRIO CROW FRPG2,UNIDAD,1,0,0,1,0,0,1,GENERAL,0,0,0,0,0,1,04275,0,0
1,SENSOR SHOCK INALAMBRICO 5819WHS HONEYWE,UNIDAD,1,0,0,1,0,0,1,GENERAL,0,0,0,0,0,1,03731,0,0
1,SENSOR SHOCK-TEC ROKONET RISCO,UNIDAD,1,0,0,1,0,0,1,GENERAL,0,0,0,0,0,1,03371,0,0
1,SENSOR SIMON RE PARA EXTERIOR  DX2810,UNIDAD,1,0,0,1,0,0,1,GENERAL,0,0,0,0,0,1,05098,0,0
1,SENSOR VIDRIO PG9922 DEMO (GLASSBREAK),UNIDAD,1,0,0,1,0,0,1,GENERAL,0,0,0,0,0,1,05605,0,0
1,"SENSOR, NIVEL DE COMBUSTIBLE TDBLE1000M  ACCESORIO",UNIDAD,1,0,0,1,0,0,1,GENERAL,0,0,0,0,0,1,05674,0,0
1,SENSORES DE MOVIMIENTO DOBLE TECNOLOGIA DSC LC104,UNIDAD,1,0,0,1,0,0,1,GENERAL,0,0,0,0,0,1,06297,0,0
1,SENSORES DE MOVIMIENTO QOLSYS QSBBB4500734 DEMO,UNIDAD,1,0,0,1,0,0,1,GENERAL,0,0,0,0,0,1,05194,0,0
1,SENSRO DE ROTURA DE VIDRIO  GDB PLUS,UNIDAD,1,0,0,1,0,0,1,GENERAL,0,0,0,0,0,1,04768,0,0
1,SEÑAL DE ALARMA,SRV,3,0,0,0,0,0,0,GENERAL,0,0,0,0,0,1,SRV0387,0,0
1,SEPARADORES DE COLORES,PAQUETE,1,0,0,1,0,0,1,GENERAL,0,0,0,0,0,1,429,0,0
1,SER-BIO-IMP LICENCIA BIO CONTROL,UNIDAD,1,0,0,1,0,0,1,GENERAL,0,0,0,0,0,1,06430,0,0
1,SERRUCHO PARA TABLAROCA DE 6 1/2,UNIDAD,1,0,0,1,0,0,1,GENERAL,0,0,0,0,0,1,01159,0,0
1,SERVER IDIS HPSDL1804TB,UNIDAD,1,0,0,1,0,0,1,GENERAL,0,0,0,0,0,1,04702,0,0
1,SERVICIO DE GESTION EGGSA,UNIDAD,1,0,0,1,0,0,1,GENERAL,0,0,0,0,0,1,04531,0,0
1,SERVICIO DE PATRULLAJE Y MONITOREO DIRECTO,,3,0,0,0,0,0,0,GENERAL,0,0,0,0,0,1,SRV0375,0,0
1,SERVICIO MOTORIZADO,SRV,3,0,0,0,0,0,4,GENERAL,0,0,0,0,0,1,IC0808,0,0
1,SERVICIOS ADMINISTRATIVOS A DELEGADAS,,3,0,0,0,0,0,0,GENERAL,0,0,0,0,0,1,SRV0333,0,0
1,SERVICIOS DE INSTALACION,SRV,3,0,0,1,0,0,1,GENERAL,0,0,0,0,0,1,SRV0394,0,0
1,SERVICIOS ESPECIALES,,3,0,0,1,0,0,0,GENERAL,0,0,0,0,0,1,SERESP,0,0
1,SERVICIOS INTER-COMPANY,,3,0,0,1,0,0,0,GENERAL,0,0,0,0,0,1,SERV_INTER-COM,0,0
1,SERVICIOS NO MERCANTILES ADMINISTRATIVO,,3,0,0,0,0,0,0,GENERAL,0,0,0,0,0,1,SRV0371,0,0
1,SERVICIOS NO MERCANTILES DIRECTO,,3,0,0,0,0,0,0,GENERAL,0,0,0,0,0,1,SRV0369,0,0
1,SERVICIOS NO MERCANTILES INDIRECTO,,3,0,0,0,0,0,0,GENERAL,0,0,0,0,0,1,SRV0370,0,0
1,SERVICIOS PRESTADOS ENERGUATE COC 1,,3,0,0,1,0,0,0,GENERAL,0,0,0,0,0,1,ENER_COC1,0,0
1,SERVICIOS PRESTADOS ENERGUATE COC 2,,3,0,0,1,0,0,0,GENERAL,0,0,0,0,0,1,ENER_COC2,0,0
1,SERVICIOS PRESTADOS ENERGUATE COR,,3,0,0,1,0,0,0,GENERAL,0,0,0,0,0,1,ENER_COR,0,0
1,SERVICIOS PRESTADOS ENERGUATE NOC,,3,0,0,1,0,0,0,GENERAL,0,0,0,0,0,1,ENER_NOC,0,0
1,SERVICIOS PRESTADOS ENERGUATE NOR I,,3,0,0,1,0,0,0,GENERAL,0,0,0,0,0,1,ENER_NOR1,0,0
1,SERVICIOS PRESTADOS ENERGUATE NOR III,,3,0,0,1,0,0,0,GENERAL,0,0,0,0,0,1,ENER_NORIII,0,0
1,SERVICIOS PRESTADOS ENERGUATE PETEN,,3,0,0,1,0,0,0,GENERAL,0,0,0,0,0,1,ENER_PET,0,0
1,SERVICIOS PRESTADOS ENERGUATE SOC 1,,3,0,0,1,0,0,0,GENERAL,0,0,0,0,0,1,ENER_SOC1,0,0
1,SERVICIOS PRESTADOS ENERGUATE SOC 2,,3,0,0,1,0,0,0,GENERAL,0,0,0,0,0,1,ENER_SOC2,0,0
1,SERVICIOS PRESTADOS ENERGUATE SOR,,3,0,0,1,0,0,0,GENERAL,0,0,0,0,0,1,ENER_SOR,0,0
1,SERVICIOS TECNICOS,SRV,3,0,0,1,0,0,99,GENERAL,0,0,0,0,0,1,SERVTEC01,0,0
1,SERVICIOS TECNICOS GPS,,3,0,0,1,0,0,0,GENERAL,0,0,0,0,0,1,GPS005,0,0
1,SERVIDOR DE VIDEO G4T-ENVS-027 - 408,UNIDAD,1,0,0,1,0,0,1,GENERAL,0,0,0,0,0,1,03219,0,0
1,SERVIDOR HPE DL360 GEN10,UNIDAD,1,0,0,1,0,0,1,GENERAL,0,0,0,0,0,1,05146,0,0
1,SERVILLETA CUADRADA PAQUETE,UNIDAD,1,0,0,1,0,0,1,GENERAL,0,0,0,0,0,1,3015,0,0
1,SET DE 15 DESTORNILLADORES TRUPER,UNIDAD,1,0,0,1,0,0,1,GENERAL,0,0,0,0,0,1,846,0,0
1,SET DE 4 PIEZAS MESH NEGRO,UNIDAD,1,0,0,1,0,0,1,GENERAL,0,0,0,0,0,1,529,0,0
1,SET DE CONVERTIDORES DE 3A2,UNIDAD,1,0,0,1,0,0,1,GENERAL,0,0,0,0,0,1,01140,0,0
1,SETELCO: SIRENAS DE TROMPETA DE 20 WATTS,UNIDAD,1,0,0,1,0,0,1,GENERAL,0,0,0,0,0,1,0248,0,0
1,SG300-10PP-K9-NA SWITCH L3 MANAGED 8X10/,UNIDAD,1,0,0,1,0,0,1,GENERAL,0,0,0,0,0,1,04277,0,0
1,SG-DRL5-2L PSTN DUAL LINE CARD FOR SYSTEM5,UNIDAD,1,0,0,1,0,0,1,GENERAL,0,0,0,0,0,1,05248,0,0
1,SG-DRL5-IPSTD SYS 5 STANDARD IP LINE CARD,UNIDAD,1,0,0,1,0,0,1,GENERAL,0,0,0,0,0,1,05246,0,0
1,SG-S5KITNR-IPS KIT SG-SYSTEM 5,UNIDAD,1,0,0,1,0,0,1,GENERAL,0,0,0,0,0,1,05243,0,0
1,SG-S5LBRKT MOUNTING BRACKET FOR UP TO 5RTC,UNIDAD,1,0,0,1,0,0,1,GENERAL,0,0,0,0,0,1,05247,0,0
1,SG-SYS5CONSLW1  VISUAL VERIFICATION CONSOLE,UNIDAD,1,0,0,1,0,0,1,GENERAL,0,0,0,0,0,1,05249,0,0
1,SG-UIB5 MODULO DE INTEFAZ DE PANTALLA,UNIDAD,1,0,0,1,0,0,1,GENERAL,0,0,0,0,0,1,05245,0,0
1,SHOCK SENSOR IMPAC PLUS RE,UNIDAD,1,0,0,1,0,0,1,GENERAL,0,0,0,0,0,1,2027,0,0
1,SHOCK SENSRO SIMON 80-886-95,UNIDAD,1,0,0,1,0,0,1,GENERAL,0,0,0,0,0,1,06213,0,0
1,SIERRA DIENTE FINO,UNIDAD,1,0,0,1,0,0,1,GENERAL,0,0,0,0,0,1,03232,0,0
1,SIERRA ELECTRICA DE DISCO,UNIDAD,1,0,0,1,0,0,1,GENERAL,0,0,0,0,0,1,4050,0,0
1,SIERRA MAS ARCO DE SIERRA,UNIDAD,1,0,0,1,0,0,1,GENERAL,0,0,0,0,0,1,05026,0,0
1,SIERRA SANDFLEX,UNIDAD,1,0,0,1,0,0,1,GENERAL,0,0,0,0,0,1,0867,0,0
1,SIGA-270 ESTACION DE ACCIONAMIENTO MANUAL: ACCION,1,1,0,0,1,0,0,1,GENERAL,0,0,0,0,0,1,05729,0,0
1,SIGA-278 ESTACION MANUAL,UNIDAD,1,0,0,1,0,0,1,GENERAL,0,0,0,0,0,1,06704,0,0
1,SIGA-278 MANUAL PULL STATION DOUBLE ACTION 1 STAGE,UNIDAD,1,0,0,1,0,0,1,GENERAL,0,0,0,0,0,1,05389,0,0
1,SIGA-CC1 MODULO DE ENTRADA UNICA,UNIDAD,1,0,0,1,0,0,1,GENERAL,0,0,0,0,0,1,05537,0,0
1,"SIGA-CC1 SIGNATURE CONTROL MODULE, SINGLE CHANNEL",UNIDAD,1,0,0,1,0,0,1,GENERAL,0,0,0,0,0,1,06711,0,0
1,SIGA-CC1 SINGLE INPUT MODULE,UNIDAD,1,0,0,1,0,0,1,GENERAL,0,0,0,0,0,1,05391,0,0
1,SIGA-CC2 DUAL INPUT MOIDULE,UNIDAD,1,0,0,1,0,0,1,GENERAL,0,0,0,0,0,1,05390,0,0
1,SIGA-CC2 MODULO DE ENTRADA DUAL,UNIDAD,1,0,0,1,0,0,1,GENERAL,0,0,0,0,0,1,05538,0,0
1,SIGA-CT1 SIGNATURE INPUT MODULE,UNIDAD,1,0,0,1,0,0,1,GENERAL,0,0,0,0,0,1,06713,0,0
1,SIGA-CT2 DUAL IMPUT MODULE,UNIDAD,1,0,0,1,0,0,1,GENERAL,0,0,0,0,0,1,06710,0,0
1,SIGA-OSD DETECTOR DE HUMO Y TEMPERATURA,UNIDAD,1,0,0,1,0,0,1,GENERAL,0,0,0,0,0,1,06702,0,0
1,SIGA-OSD/OSHD DETECTOR DE HUMO OPT- INTELGTE EDWAR,UNIDAD,1,0,0,1,0,0,1,GENERAL,0,0,0,0,0,1,05702,0,0
1,SIGA-PS INTELLIGENT PHOTOELECTRIC SMOKE DETECTOR,UNIDAD,1,0,0,1,0,0,1,GENERAL,0,0,0,0,0,1,05387,0,0
1,SIGA-SB BASE PARA DETECTOR DE HUMO,UNIDAD,1,0,0,1,0,0,1,GENERAL,0,0,0,0,0,1,06703,0,0
1,SIGA-SB DETECTOR BASE- STANDARD,UNIDAD,1,0,0,1,0,0,1,GENERAL,0,0,0,0,0,1,05388,0,0
1,SIKAFLEX,UNIDAD,1,0,0,1,0,0,1,GENERAL,0,0,0,0,0,1,03961,0,0
1,SILICONE (BARRAS),UNIDAD,1,0,0,1,0,0,1,GENERAL,0,0,0,0,0,1,0179,0,0
1,SILICONE FRIO,UNIDAD,1,0,0,1,0,0,1,GENERAL,0,0,0,0,0,1,0950,0,0
1,SILICONE FRIO NEGRO,TUBO,1,0,0,1,0,0,1,GENERAL,0,0,0,0,0,1,03437,0,0
1,SILLA EJECUTIVA CON RESPALDAR  15857,UNIDAD,1,0,0,1,0,0,1,GENERAL,0,0,0,0,0,1,23,0,0
1,SILLA EJECUTIVA CON RESPALDO MODELO 3230,UNIDAD,1,0,0,1,0,0,1,GENERAL,0,0,0,0,0,1,04492,0,0
1,SILLA EJECUTIVA EN CUERO CON BRAZOS,UNIDAD,1,0,0,1,0,0,1,GENERAL,0,0,0,0,0,1,37,0,0
1,SILLA EJECUTIVA RESPALDO ALTO TAPIZADA,UNIDAD,1,0,0,1,0,0,1,GENERAL,0,0,0,0,0,1,39,0,0
1,SILLA ESTACIONARIA,UNIDAD,1,0,0,1,0,0,1,GENERAL,0,0,0,0,0,1,8,0,0
1,SILLA EURO MODELO 9310 EN PIEL,UNIDAD,1,0,0,1,0,0,1,GENERAL,0,0,0,0,0,1,4,0,0
1,SILLA GERENCIAL,UNIDAD,1,0,0,1,0,0,1,GENERAL,0,0,0,0,0,1,22,0,0
1,SILLA KIDDY AZUL,UNIDAD,1,0,0,1,0,0,1,GENERAL,0,0,0,0,0,1,613,0,0
1,SILLA MULTIUSOS C/PATAS  TIPO MARCO,UNIDAD,1,0,0,1,0,0,1,GENERAL,0,0,0,0,0,1,36,0,0
1,SILLA P/VISITA BASE TIPO TRINEO EN CUERO,UNIDAD,1,0,0,1,0,0,1,GENERAL,0,0,0,0,0,1,38,0,0
1,SILLA SECRETARIAL CON BRAZOS,UNIDAD,1,0,0,1,0,0,1,GENERAL,0,0,0,0,0,1,35,0,0
1,SILLA SECRETARIAL SIN BRAZOS CON RODOS,UNIDAD,1,0,0,1,0,0,1,GENERAL,0,0,0,0,0,1,34,0,0
1,SILLA TIPO SECRETARIAL EURO 1059,UNIDAD,1,0,0,1,0,0,1,GENERAL,0,0,0,0,0,1,S1,0,0
1,SILVER DIFUSOR PARABOLICO 2X2,UNIDAD,1,0,0,1,0,0,1,GENERAL,0,0,0,0,0,1,04733,0,0
1,SIM 100 MEGAS,UNIDAD,1,0,0,1,0,0,1,GENERAL,0,0,0,0,0,1,06478,0,0
1,SIM AT&T MULTICARRIER,UNIDAD,1,0,0,1,0,0,1,GENERAL,0,0,0,0,0,1,05317,0,0
1,SIM CARD MUTIRED UKA Y ROTN,UNIDAD,1,0,0,1,0,0,1,GENERAL,0,0,0,0,0,1,05809,0,0
1,SIM CLARO 10MB,SRV,3,0,0,0,0,0,2,GENERAL,0,0,0,0,0,1,SRVREC001,0,0
1,SIM CLARO 25MB,SRV,3,0,0,0,0,0,2,GENERAL,0,0,0,0,0,1,SRVREC002,0,0
1,SIM GPRS 10GB,UNIDAD,1,0,0,1,0,0,1,GENERAL,0,0,0,0,0,1,03939,0,0
1,SIM MULTICARRIER DE 500 MEGAS,UNIDAD,1,0,0,1,0,0,1,GENERAL,0,0,0,0,0,1,06385,0,0
1,SINIESTRO VEHICULO ADMINISTRATIVO,,3,0,0,0,0,0,0,GENERAL,0,0,0,0,0,1,SRV0383,0,0
1,SINIESTRO VEHICULO DIRECTO,,3,0,0,0,0,0,0,GENERAL,0,0,0,0,0,1,SRV0381,0,0
1,SINIESTRO VEHICULO INDIRECTO,,3,0,0,0,0,0,0,GENERAL,0,0,0,0,0,1,SRV0382,0,0
1,SINIESTROS ADMINISTRATIVO,,3,0,0,0,0,0,0,GENERAL,0,0,0,0,0,1,SRV0237,0,0
1,SINIESTROS DIRECTO,,3,0,0,0,0,0,0,GENERAL,0,0,0,0,0,1,SRV0235,0,0
1,SINIESTROS INDIRECTO,,3,0,0,0,0,0,0,GENERAL,0,0,0,0,0,1,SRV0236,0,0
1,SIP-100  13FT.INSTALL HEIGHT. 3-AXIS ACCELEROMETER,UNIDAD,1,0,0,1,0,0,1,GENERAL,0,0,0,0,0,1,05645,0,0
1,SIP-PMBR POLE MOUNT BRACKET FOR SIP,UNIDAD,1,0,0,1,0,0,1,GENERAL,0,0,0,0,0,1,05646,0,0
1,SIR DE 36WT CON GABINETE Y TAMPER,UNIDAD,1,0,0,1,0,0,1,GENERAL,0,0,0,0,0,1,03161,0,0
1,SIRENA,UNI,2,1,0,1,0,0,0,GENERAL,0,0,0,0,0,1,SIRE001,0,0
1,SIRENA  PARA INTERIOR CON LUZ ROJA WP-1,UNIDAD,1,0,0,1,0,0,1,GENERAL,0,0,0,0,0,1,03142,0,0
1,SIRENA 15 WATTS CON LUZ ESTROBOSCOPICA,UNIDAD,1,0,0,1,0,0,1,GENERAL,0,0,0,0,0,1,02097,0,0
1,SIRENA C/LUZ ESTROBOSCOPICA BOSCH,UNIDAD,1,0,0,1,0,0,1,GENERAL,0,0,0,0,0,1,03942,0,0
1,SIRENA C/STROBO BOSCH DE 2W W-HSR,UNIDAD,1,0,0,1,0,0,1,GENERAL,0,0,0,0,0,1,03917,0,0
1,SIRENA CON LUZ ESTROBOSCOPICA FIRE LITE,UNIDAD,1,0,0,1,0,0,1,GENERAL,0,0,0,0,0,1,0964,0,0
1,SIRENA DE 15 WATTS DE TROMPETA,UNIDAD,1,0,0,1,0,0,1,GENERAL,0,0,0,0,0,1,0543,0,0
1,SIRENA DE 15 WATTS DSC SD-15W,UNIDAD,1,0,0,1,0,0,1,GENERAL,0,0,0,0,0,1,04934,0,0
1,SIRENA DE 15 WATTS RE,UNIDAD,1,0,0,1,0,0,1,GENERAL,0,0,0,0,0,1,2017,0,0
1,SIRENA DE 15 WATTS TROMPETA RE,UNIDAD,1,0,0,1,0,0,1,GENERAL,0,0,0,0,0,1,2019,0,0
1,SIRENA DE 15W CON LUZ ROJA    RE,UNIDAD,1,0,0,1,0,0,1,GENERAL,0,0,0,0,0,1,04726,0,0
1,SIRENA DE 15W DE SOBREPONER RE,UNIDAD,1,0,0,1,0,0,1,GENERAL,0,0,0,0,0,1,4546,0,0
1,SIRENA DE 20WATTS TIPO TROMPETA,UNIDAD,1,0,0,1,0,0,1,GENERAL,0,0,0,0,0,1,03645,0,0
1,SIRENA DE 30 WATTS DE TROMPETA RE,UNIDAD,1,0,0,1,0,0,1,GENERAL,0,0,0,0,0,1,2031,0,0
1,"SIRENA DSC 20W, 2T, 110DB",UNIDAD,1,0,0,1,0,0,1,GENERAL,0,0,0,0,0,1,04269,0,0
1,SIRENA ESTRBOBOSCOPICA AFBKPC2W,UNIDAD,1,0,0,1,0,0,1,GENERAL,0,0,0,0,0,1,06147,0,0
1,SIRENA ESTROBO CON LUZ ROJA DS-PS1-R,UNIDAD,1,0,0,1,0,0,1,GENERAL,0,0,0,0,0,1,06367,0,0
1,SIRENA EXTERNA CON LUZ ROJA WP-06,UNIDAD,1,0,0,1,0,0,1,GENERAL,0,0,0,0,0,1,03160,0,0
1,SIRENA INALAMBRICA CON LUZ DSC,UNIDAD,1,0,0,1,0,0,1,GENERAL,0,0,0,0,0,1,04620,0,0
1,SIRENA INALAMBRICA CONLUZ ESTROB EN PLAC,UNIDAD,1,0,0,1,0,0,1,GENERAL,0,0,0,0,0,1,03426,0,0
1,SIRENA INALAMBRICA DS-PSI-E-WB ESTROBO EXTERIOR,UNIDAD,1,0,0,1,0,0,1,GENERAL,0,0,0,0,0,1,06371,0,0
1,SIRENA INALAMBRICA EXT. PG9911B BATT,UNIDAD,1,0,0,1,0,0,1,GENERAL,0,0,0,0,0,1,05422,0,0
1,SIRENA INALAMBRICA INTERIOR PG9901 INCLUYE BATT,UNIDAD,1,0,0,1,0,0,1,GENERAL,0,0,0,0,0,1,04303,0,0
1,SIRENA INALAMBRICA PARADOX  SR130,UNIDAD,1,0,0,1,0,0,1,GENERAL,0,0,0,0,0,1,03340,0,0
1,SIRENA INFERNO DE 12DB,UNIDAD,1,0,0,1,0,0,1,GENERAL,0,0,0,0,0,1,06287,0,0
1,SIRENA INTERLOGIX 13-949 INALAMBRICA 110DG INTERIO,UNIDAD,1,0,0,1,0,0,1,GENERAL,0,0,0,0,0,1,05149,0,0
1,"SIRENA INTERNA GEN1 , ETHERNET, 4G, RF 433-F1,  2",UNIDAD,1,0,0,1,0,0,1,GENERAL,0,0,0,0,0,1,06598,0,0
1,"SIRENA INTERNA GEN1 , ETHERNET, 4G, RF 433-F1, ZWA",UNIDAD,1,0,0,1,0,0,1,GENERAL,0,0,0,0,0,1,06599,0,0
1,SIRENA PARA EXTERIOR HONEYWELL 702,UNIDAD,1,0,0,1,0,0,1,GENERAL,0,0,0,0,0,1,04667,0,0
1,SIRENA PARA INTERIOR HONEYWELL 719,UNIDAD,1,0,0,1,0,0,1,GENERAL,0,0,0,0,0,1,04670,0,0
1,SIRENA PIEZO PEQUEÑA 10W 1050DB WP-09 PARA ALARMA,UNIDAD,1,0,0,1,0,0,1,GENERAL,0,0,0,0,0,1,05296,0,0
1,SIRENA TIPO TROMPETA DE 20 TONOS 20WATTS,UNIDAD,1,0,0,1,0,0,1,GENERAL,0,0,0,0,0,1,04558,0,0
1,SIRENA WAVE TWO RE,UNIDAD,1,0,0,1,0,0,1,GENERAL,0,0,0,0,0,1,2018,0,0
1,SIRENA WP-12,UNIDAD,1,0,0,1,0,0,1,GENERAL,0,0,0,0,0,1,03185,0,0
1,SIRENA Y LUZ ESTROBOSCOPICA PC4R,UNIDAD,1,0,0,1,0,0,1,GENERAL,0,0,0,0,0,1,04651,0,0
1,SIRENAS 30 WATTS DSC,UNIDAD,1,0,0,1,0,0,1,GENERAL,0,0,0,0,0,1,0186,0,0
1,SISTEM SENSOR: DETECTOR DE HUMO ECO1003,UNIDAD,1,0,0,1,0,0,1,GENERAL,0,0,0,0,0,1,AFBKECO1003,0,0
1,SISTEM SENSOR: HUMO DETECTOR 4-WB FOTOELECTRICO,UNIDAD,1,0,0,1,0,0,1,GENERAL,0,0,0,0,0,1,06-C4W-BA,0,0
1,SISTEM SENSOR: SENSOR DE HUMO CON TERMOSTATO 06-2412THB,UNIDAD,1,0,0,1,0,0,1,GENERAL,0,0,0,0,0,1,03051,0,0
1,SISTEM SENSOR: SENSOR DE TEMP.  CON TERMOSTATO 5601A,UNIDAD,1,0,0,1,0,0,1,GENERAL,0,0,0,0,0,1,0813,0,0
1,SISTEMA DE ALARMA H?BRIDO LITE 4G+IP ALARM.COM,UNIDAD,1,0,0,1,0,0,1,GENERAL,0,0,0,0,0,1,06602,0,0
1,SISTEMA DE POSICIONAMIENO TAT100,UNIDAD,1,0,0,1,0,0,1,GENERAL,0,0,0,0,0,1,05570,0,0
1,SISTEMA DE TIERRA TXPOE549OUT,UNIDAD,1,0,0,1,0,0,1,GENERAL,0,0,0,0,0,1,03479,0,0
1,SISTEMAS Y COMPONENTES TFT100,UNIDAD,1,0,0,1,0,0,1,GENERAL,0,0,0,0,0,1,05571,0,0
1,SISTEMAS Y COMPONENTES TMT250,UNIDAD,1,0,0,1,0,0,1,GENERAL,0,0,0,0,0,1,05572,0,0
1,"SK-1011-SDQ ACCESO POR C?DIGO, SIN REGISTROS, SECO",UNIDAD,1,0,0,1,0,0,1,GENERAL,0,0,0,0,0,1,06670,0,0
1,SK-910R RECEPTOR INALÁMBRICO DE 1 CANAL,UNIDAD,1,0,0,1,0,0,1,GENERAL,0,0,0,0,0,1,06289,0,0
1,SK-910RBQ 1 EA RECEPTOR DE RF DE 1 CANAL.,UNIDAD,1,0,0,1,0,0,1,GENERAL,0,0,0,0,0,1,05583,0,0
1,SK-919T1-GBQ 2 EA TRANSMISOR DE RF DE 1 BOTON,UNIDAD,1,0,0,1,0,0,1,GENERAL,0,0,0,0,0,1,05584,0,0
1,SK-919T1-GBQ BOTON INALAMBRICO PARA RECEPTORSK910R,UNIDAD,1,0,0,1,0,0,1,GENERAL,0,0,0,0,0,1,05786,0,0
1,SKYPATROL PORTABLE DEVICE SP8502,UNIDAD,1,0,0,1,0,0,1,GENERAL,0,0,0,0,0,1,04917,0,0
1,SL-350QN FOTOCELDA PARA EXT. OPTEX,UNIDAD,1,0,0,1,0,0,1,GENERAL,0,0,0,0,0,1,SL-350QN,0,0
1,SL-650QDP FOTOCELDA MULTIPUNTOS 650 OUTDOOR,UNIDAD,1,0,0,1,0,0,1,GENERAL,0,0,0,0,0,1,06683,0,0
1,"SLA RADIO SECURE/DISP.ESCLAVO,SENSOR APE",UNIDAD,1,0,0,1,0,0,1,GENERAL,0,0,0,0,0,1,04065,0,0
1,"SLE RADIO SECURE/DISP.ESCLAVO,SENSOR LUZ",UNIDAD,1,0,0,1,0,0,1,GENERAL,0,0,0,0,0,1,04066,0,0
1,SL-E-9415A-600 ELECTRONIC MAGLOC 1200LBS,UNIDAD,1,0,0,1,0,0,1,GENERAL,0,0,0,0,0,1,03854,0,0
1,SLM RADIO SECURE/DISP.MAESTRO-ACT.C/SIMC,UNIDAD,1,0,0,1,0,0,1,GENERAL,0,0,0,0,0,1,04064,0,0
1,SLM SINGLE CHARGER/CARGADOR,UNIDAD,1,0,0,1,0,0,1,GENERAL,0,0,0,0,0,1,04068,0,0
1,"SLS R.S./DISP.ESCLAVO,SENSOR APERTURA",UNIDAD,1,0,0,1,0,0,1,GENERAL,0,0,0,0,0,1,04067,0,0
1,SL-SM-207/W CONTACTO MAGNETICO SOBREPONE,UNIDAD,1,0,0,1,0,0,1,GENERAL,0,0,0,0,0,1,03855,0,0
1,SLX CHARGING CABLE,UNIDAD,1,0,0,1,0,0,1,GENERAL,0,0,0,0,0,1,04069,0,0
1,SM-216Q/GY CONTACTO N.C. DE MONTAJE EN SUPERFICIE,UNIDAD,1,0,0,1,0,0,1,GENERAL,0,0,0,0,0,1,06735,0,0
1,SM-4601-L3Q CONTACTOS INDUSTRIALES PARA LARGAS DIS,UNIDAD,1,0,0,1,0,0,1,GENERAL,0,0,0,0,0,1,05468,0,0
1,SMART SWITCH 24P 10/100 NO ADMINISTRABLE,UNIDAD,1,0,0,1,0,0,1,GENERAL,0,0,0,0,0,1,03555,0,0
1,SNAP- POP UP,UNIDAD,1,0,0,1,0,0,1,GENERAL,0,0,0,0,0,1,03009,0,0
1,SNAP-POP-UP E,UNIDAD,1,0,0,1,0,0,1,GENERAL,0,0,0,0,0,1,03010,0,0
1,SOBRE CON MEMBRETE G4S CARTA,UNIDAD,1,0,0,1,0,0,1,GENERAL,0,0,0,0,0,1,370,0,0
1,SOBRE CON MEMBRETE G4S OFICIO,UNIDAD,1,0,0,1,0,0,1,GENERAL,0,0,0,0,0,1,371,0,0
1,SOBRE LENTES,UNIDAD,1,0,0,1,0,0,1,GENERAL,0,0,0,0,0,1,06207,0,0
1,SOBRE MANILA CARTA,UNIDAD,1,0,0,1,0,0,1,GENERAL,0,0,0,0,0,1,345,0,0
1,SOBRE MANILA MEDIA CARTA,UNIDAD,1,0,0,1,0,0,1,GENERAL,0,0,0,0,0,1,344,0,0
1,SOBRE MANILA OFICIO,UNIDAD,1,0,0,1,0,0,1,GENERAL,0,0,0,0,0,1,346,0,0
1,SOBRE MEMBRETADO G4S,UNIDAD,1,0,0,1,0,0,1,GENERAL,0,0,0,0,0,1,373,0,0
1,SOBRE PARA CD/DVD,UNIDAD,1,0,0,1,0,0,1,GENERAL,0,0,0,0,0,1,579,0,0
1,SOBRE PLASTICO CON SUJETADOR,UNIDAD,1,0,0,1,0,0,1,GENERAL,0,0,0,0,0,1,444,0,0
1,SOBRE T/CARTA IMPRESO G4S,UNIDAD,1,0,0,1,0,0,1,GENERAL,0,0,0,0,0,1,857,0,0
1,SOBRE T/OFICIO IMPRESO G4S,UNIDAD,1,0,0,1,0,0,1,GENERAL,0,0,0,0,0,1,858,0,0
1,SOBRES CORRIENTES OFICIO,UNIDAD,1,0,0,1,0,0,1,GENERAL,0,0,0,0,0,1,358,0,0
1,SOBRES MEMEBRETADOS A 2 COLORES,UNIDAD,1,0,0,1,0,0,1,GENERAL,0,0,0,0,0,1,113,0,0
1,SOCKET CON CADENA,UNIDAD,1,0,0,1,0,0,1,GENERAL,0,0,0,0,0,1,03707,0,0
1,SOCKET P/LAMPARA T/GARAGE EAGLE L0041,UNIDAD,1,0,0,1,0,0,1,GENERAL,0,0,0,0,0,1,03956,0,0
1,SOFRWARE CEIBA II PARA MONITOREO DE CAMARAS Y GPS,UNIDAD,1,0,0,1,0,0,1,GENERAL,0,0,0,0,0,1,04770,0,0
1,SOFTWARE 120-8605 DIRECTOR ENT SN:,UNIDAD,1,0,0,1,0,0,1,GENERAL,0,0,0,0,0,1,03759,0,0
1,SOFTWARE ANAPRO 40103100325071,UNIDAD,1,0,0,1,0,0,1,GENERAL,0,0,0,0,0,1,02036,0,0
1,SOFTWARE ANAPRO VERSION 2.0.9.9,UNIDDAD,1,0,0,1,0,0,1,GENERAL,0,0,0,0,0,1,03578,0,0
1,SOFTWARE CLIENTE MULTIMAX V6-S,UNIDAD,1,0,0,1,0,0,1,GENERAL,0,0,0,0,0,1,0698,0,0
1,SOFTWARE EN DESARROLLO,,3,0,0,0,0,0,0,GENERAL,0,0,0,0,0,1,SRV0201,0,0
1,SOFTWARE ENJOY,UNIDAD,1,0,0,1,0,0,1,GENERAL,0,0,0,0,0,1,03529,0,0
1,SOFTWARE INEX STD 4CANALES,UNIDAD,1,0,0,1,0,0,1,GENERAL,0,0,0,0,0,1,03363,0,0
1,SOFTWARE OFISBOOK,SRV,3,0,0,0,0,0,0,GENERAL,0,0,0,0,0,1,SRV0388,0,0
1,SOFTWARE PARA ADMINISTRAR CONTROL D ACCESO SYMMETR,UNIDAD,1,0,0,1,0,0,1,GENERAL,0,0,0,0,0,1,05587,0,0
1,SOFTWARE SISTEMA DE INTEGRACION VICTOR ENTERPRISE,UNIDAD,1,0,0,1,0,0,1,GENERAL,0,0,0,0,0,1,04698,0,0
1,SOFTWARE ZK-OPERA DRIVER LECTORA OP-200,UNIDAD,1,0,0,1,0,0,1,GENERAL,0,0,0,0,0,1,05270,0,0
1,SOFWARE DE SEGURIDAD AMAGPRO/16V6.2,UNIDAD,1,0,0,1,0,0,1,GENERAL,0,0,0,0,0,1,03442,0,0
1,SOFWARE DE SEGURIDAD PRO/16-V6.2,UNIDAD,1,0,0,1,0,0,1,GENERAL,0,0,0,0,0,1,03441,0,0
1,SOGA DE 1/4 MTS.,MTS.,1,0,0,1,0,0,1,GENERAL,0,0,0,0,0,1,04346,0,0
1,SOILD-STATE DRIVE 545S 512GB,UNIDAD,1,0,0,1,0,0,1,GENERAL,0,0,0,0,0,1,06118,0,0
1,SOLDADOR CAUTIN 30 W STANLEY,UNIDAD,1,0,0,1,0,0,1,GENERAL,0,0,0,0,0,1,0687,0,0
1,SOLDADOR ELECTRICO DE PUNTA WELLER SP40L,UNIDAD,1,0,0,1,0,0,1,GENERAL,0,0,0,0,0,1,743,0,0
1,SOLICITUD DE CHEQUES,TALONARIO,1,0,0,1,0,0,1,GENERAL,0,0,0,0,0,1,374,0,0
1,SOLICITUD HACIA BODEGA,TALONARIO,1,0,0,1,0,0,1,GENERAL,0,0,0,0,0,1,375,0,0
1,SOLUCIÓN PARA LIMPIEZA DE ACERO INOXIDABLE,UNIDAD,1,0,0,1,0,0,1,GENERAL,0,0,0,0,0,1,02081,0,0
1,SONOF WIFI AC/DC 7-32V,UNIDAD,1,0,0,1,0,0,1,GENERAL,0,0,0,0,0,1,05906,0,0
1,SOPORTE  MONITOR EN PARED DE 19*12,UNIDAD,1,0,0,1,0,0,1,GENERAL,0,0,0,0,0,1,03295,0,0
1,"SOPORTE ""Z"" Y ""L"" PARA CERRADURA DE 300",UNIDAD,1,0,0,1,0,0,1,GENERAL,0,0,0,0,0,1,0936,0,0
1,SOPORTE (BRACKET) P/TV/MONITOR DE 42-60 PLGS,UNIDAD,1,0,0,1,0,0,1,GENERAL,0,0,0,0,0,1,03399,0,0
1,SOPORTE /MONTAJE TIPO U 600 LBS,UNIDAD,1,0,0,1,0,0,1,GENERAL,0,0,0,0,0,1,01120,0,0
1,SOPORTE AJUSTA PUERTA VIDRIO,UNIDAD,1,0,0,1,0,0,1,GENERAL,0,0,0,0,0,1,0807,0,0
1,"SOPORTE D/PARED FIJO P/PANTALLA 19"" A 37",UNIDAD,1,0,0,1,0,0,1,GENERAL,0,0,0,0,0,1,04143,0,0
1,SOPORTE DE MONTAJE EN PARED XTC-WMB XTECH,UNIDAD,1,0,0,1,0,0,1,GENERAL,0,0,0,0,0,1,05835,0,0
1,"SOPORTE DE PARED PARA TV DE 22"" A 57""",UNIDAD,1,0,0,1,0,0,1,GENERAL,0,0,0,0,0,1,03289,0,0
1,"SOPORTE DE TECHO PARA TV DE 37-70""",UNIDAD,1,0,0,1,0,0,1,GENERAL,0,0,0,0,0,1,04813,0,0
1,SOPORTE L 350 LB,UNIDAD,1,0,0,1,0,0,1,GENERAL,0,0,0,0,0,1,06142,0,0
1,"SOPORTE MOVIL P/TV LCD/LED19""A60"" STV150",UNIDAD,1,0,0,1,0,0,1,GENERAL,0,0,0,0,0,1,04408,0,0
1,SOPORTE P/ PANTALLA D/PLASMA Y LCD 32-48,UNIDAD,1,0,0,1,0,0,1,GENERAL,0,0,0,0,0,1,03449,0,0
1,"SOPORTE P/PANTALLA LED 26 A 42"" STV-032",UNIDAD,1,0,0,1,0,0,1,GENERAL,0,0,0,0,0,1,04418,0,0
1,SOPORTE P/SUPERFICIE P/CHAPA DE PISTON,UNIDAD,1,0,0,1,0,0,1,GENERAL,0,0,0,0,0,1,04420,0,0
1,SOPORTE PARA LAPTOP,UNIDAD,1,0,0,1,0,0,1,GENERAL,0,0,0,0,0,1,05754,0,0
1,"SOPORTE PARA TV 32""",UNIDAD,1,0,0,1,0,0,1,GENERAL,0,0,0,0,0,1,05172,0,0
1,"SOPORTE TIPO ""U"" P/CHAPA DE PISTON",UNIDAD,1,0,0,1,0,0,1,GENERAL,0,0,0,0,0,1,04421,0,0
1,"SOPORTE TIPO ""Z"" PARA CERRADURA 300LBS.",UNIDAD,1,0,0,1,0,0,1,GENERAL,0,0,0,0,0,1,03816,0,0
1,SOPORTE TIPO U FCP-300SU,UNIDAD,1,0,0,1,0,0,1,GENERAL,0,0,0,0,0,1,03931,0,0
1,SOPORTE TIPO Z PARA CERRADURA DE 600LBS.,UNIDAD,1,0,0,1,0,0,1,GENERAL,0,0,0,0,0,1,03677,0,0
1,SOPORTE UNIVERSAL P/CANALETA DE 105*35/6,UNIDAD,1,0,0,1,0,0,1,GENERAL,0,0,0,0,0,1,0899,0,0
1,SOPORTE Z DE 350 LB,UNIDAD,1,0,0,1,0,0,1,GENERAL,0,0,0,0,0,1,06141,0,0
1,SOPOTE PARA CLOSET BLANCO,UNIDAD,1,0,0,1,0,0,1,GENERAL,0,0,0,0,0,1,03129,0,0
1,SPC-2X4  - PARADOX SPECTRA,UNIDAD,1,0,0,1,0,0,1,GENERAL,0,0,0,0,0,1,0189,0,0
1,SPCVSW-ENT-IP SYMMETRY COMPLETEVIEW 20/20,UNIDAD,1,0,0,1,0,0,1,GENERAL,0,0,0,0,0,1,06262,0,0
1,SPCVSW-PRO-IP LICENCIA DE CAMARA COMPLETE 20/20,UNIDAD,1,0,0,1,0,0,1,GENERAL,0,0,0,0,0,1,05758,0,0
1,SPEEDFACE V4L CONTROL DE ACCESO  ZKTECO,UNIDAD,1,0,0,1,0,0,1,GENERAL,0,0,0,0,0,1,06404,0,0
1,SPL 1204KB 4G ASSET MANAGEMENT ELECTRONIC LOCK W/R,UNIDAD,1,0,0,1,0,0,1,GENERAL,0,0,0,0,0,1,05660,0,0
1,SPLIT CABLE PARA GSM 200,UNIDAD,1,0,0,1,0,0,1,GENERAL,0,0,0,0,0,1,01071,0,0
1,SPLITER,UNIDAD,1,0,0,1,0,0,1,GENERAL,0,0,0,0,0,1,0883,0,0
1,SPPI LICENCIAS PARA MAPEAR 48 CAMARAS Y GARANTIA,UNIDAD,1,0,0,1,0,0,1,GENERAL,0,0,0,0,0,1,05590,0,0
1,SPPR-12TB POWERPRO 12TB,UNIDAD,1,0,0,1,0,0,1,GENERAL,0,0,0,0,0,1,06081,0,0
1,SPRAY AZUL,UNIDAD,1,0,0,1,0,0,1,GENERAL,0,0,0,0,0,1,0803,0,0
1,SPRAY EN PINTURA COLOR MADERA,UNIDAD,1,0,0,1,0,0,1,GENERAL,0,0,0,0,0,1,03418,0,0
1,SPRAY PINTURA CAFE,UNIDAD,1,0,0,1,0,0,1,GENERAL,0,0,0,0,0,1,03884,0,0
1,SPT 2 X 18 IMPRESO (METRO) BLANCO,UNIDAD,1,0,0,1,0,0,1,GENERAL,0,0,0,0,0,1,929,0,0
1,SPT 2X12  BLANCO IMPRESO (METRO),UNIDAD,1,0,0,1,0,0,1,GENERAL,0,0,0,0,0,1,928,0,0
1,SR-35-F1 SIRENA VIA RADIO DE INTERIOR DE 95DB A 1,UNIDAD,1,0,0,1,0,0,1,GENERAL,0,0,0,0,0,1,06625,0,0
1,SRL-SP FIRELITE STROBE 12/24 VOLT RED,UNIDAD,1,0,0,1,0,0,1,GENERAL,0,0,0,0,0,1,05688,0,0
1,SR-MPLT ADATOR MOUNTING PLATE TO,UNIDAD,1,0,0,1,0,0,1,GENERAL,0,0,0,0,0,1,05647,0,0
1,SS-075Q  INTERRUPTOR MOMENTANEO MONTADO EN SUPERFI,UNIDAD,1,0,0,1,0,0,1,GENERAL,0,0,0,0,0,1,05545,0,0
1,SSA-ADD-YEARS GOLD LEVEL SSA,UNIDAD,1,0,0,1,0,0,1,GENERAL,0,0,0,0,0,1,06087,0,0
1,SSD DE 1 TERA INTERFASE SATA 2.5,UNIDAD,1,0,0,1,0,0,1,GENERAL,0,0,0,0,0,1,06392,0,0
1,"SSD2.5"" 960GB KINGSTON DATA CENTER SATA III6GBPS",UNIDAD,1,0,0,1,0,0,1,GENERAL,0,0,0,0,0,1,01119,0,0
1,SSG-MLRF5 METAK RACK FOR SG S5 RECEIVER,UNIDAD,1,0,0,1,0,0,1,GENERAL,0,0,0,0,0,1,05244,0,0
1,SSI: KIT CHAPA ELECTROMAGNETICA 1200 LIBRAS Z Y L,UNIDAD,1,0,0,1,0,0,1,GENERAL,0,0,0,0,0,1,0043,0,0
1,"STANLEY: ALICATE P/ELECTRICISTA 8"" MANGO NEGRO 84",UNIDAD,1,0,0,1,0,0,1,GENERAL,0,0,0,0,0,1,707,0,0
1,STANLEY: ALICATE PARA ELECTRICISTA,UNIDAD,1,0,0,1,0,0,1,GENERAL,0,0,0,0,0,1,0532,0,0
1,"STANLEY: ARCO P/SIERRA METLICO AJUSTABLE 10""Y12""",UNIDAD,1,0,0,1,0,0,1,GENERAL,0,0,0,0,0,1,709,0,0
1,STANLEY: CAUTIN 45 WATTS S145,UNIDAD,1,0,0,1,0,0,1,GENERAL,0,0,0,0,0,1,721,0,0
1,"STANLEY: CINCEL 3/4""*12"" AMARILLO 16-314",UNIDAD,1,0,0,1,0,0,1,GENERAL,0,0,0,0,0,1,717,0,0
1,STANLEY: CINTA METRICA 5M/ 16' MAGNETICA 30-615,UNIDAD,1,0,0,1,0,0,1,GENERAL,0,0,0,0,0,1,711,0,0
1,"STANLEY: CORTA ALAMBRE 7"" 84-108",UNIDAD,1,0,0,1,0,0,1,GENERAL,0,0,0,0,0,1,706,0,0
1,STANLEY: CORTA ALAMBRE P/ELECTRICISTA,UNIDAD,1,0,0,1,0,0,1,GENERAL,0,0,0,0,0,1,0530,0,0
1,"STANLEY: CUCHILLA GRIS 6"" 10-175",UNIDAD,1,0,0,1,0,0,1,GENERAL,0,0,0,0,0,1,718,0,0
1,STANLEY: DESARMADOR PHILLIPS 1/4*4,UNIDAD,1,0,0,1,0,0,1,GENERAL,0,0,0,0,0,1,03300,0,0
1,STANLEY: DESARMADOR PLANO 1/4*4 PLANO,UNIDAD,1,0,0,1,0,0,1,GENERAL,0,0,0,0,0,1,03299,0,0
1,STANLEY: DESARMADORES PRECISION PHILIPS-CASTIGADE,JUEGO,1,0,0,1,0,0,1,GENERAL,0,0,0,0,0,1,0529,0,0
1,STANLEY: JGO.LLAVES COLA CORONA 1/4A5/8 6PZAS 85-,UNIDAD,1,0,0,1,0,0,1,GENERAL,0,0,0,0,0,1,724,0,0
1,STANLEY: JUEGO DESTORNILLADORES BORNERO 15PZ 1420,UNIDAD,1,0,0,1,0,0,1,GENERAL,0,0,0,0,0,1,708,0,0
1,STANLEY: JUEGO DESTORNILLADORES PRO 10PZ.69-172,UNIDAD,1,0,0,1,0,0,1,GENERAL,0,0,0,0,0,1,704,0,0
1,"STANLEY: LLAVE AJUSTABLE DE 8"" (CANGREJO)",UNIDAD,1,0,0,1,0,0,1,GENERAL,0,0,0,0,0,1,728,0,0
1,"STANLEY: LLAVE DE CHUCHOS 7/8-3/4 - 11/16 DE 20""",UNIDAD,1,0,0,1,0,0,1,GENERAL,0,0,0,0,0,1,831,0,0
1,STANLEY: MALETIN  20*10*17 C/HALADOR Y RODOS P/H,UNIDAD,1,0,0,1,0,0,1,GENERAL,0,0,0,0,0,1,713,0,0
1,STANLEY: MARTILLO D/UÑA C/MADERA 16ONZ. CAB.CONIC,UNIDA,1,0,0,1,0,0,1,GENERAL,0,0,0,0,0,1,710,0,0
1,STANLEY: MARTILLO DE BOLA DE 8 ONZAS,UNIDAD,1,0,0,1,0,0,1,GENERAL,0,0,0,0,0,1,03302,0,0
1,"STANLEY: NIVEL T/TORPEDO 9""3GOTAS MAG.ALTO IMPACT",UNIDAD,1,0,0,1,0,0,1,GENERAL,0,0,0,0,0,1,715,0,0
1,"STANLEY: PINZA P/ELECTRICISTA 8"" 84-102",UNIDAD,1,0,0,1,0,0,1,GENERAL,0,0,0,0,0,1,705,0,0
1,STANLEY: PISTOLA DE SILICON GRIS,UNIDAD,1,0,0,1,0,0,1,GENERAL,0,0,0,0,0,1,0533,0,0
1,STANLEY: PISTOLA DE SILICONE STANLEY,UNIDAD,1,0,0,1,0,0,1,GENERAL,0,0,0,0,0,1,0514,0,0
1,"STANLEY: PISTOLA P/SILC.BARRA 1/2""30WATTS GR22",UNIDAD,1,0,0,1,0,0,1,GENERAL,0,0,0,0,0,1,726,0,0
1,"STANLEY: PISTOLA P/SILIC. BARRA 1/2""30WATTS GR20",UNIDAD,1,0,0,1,0,0,1,GENERAL,0,0,0,0,0,1,723,0,0
1,"STANLEY: TJRA DE AVIACION P/CTAR LAMINA 10"" DEREC",UNIDAD,1,0,0,1,0,0,1,GENERAL,0,0,0,0,0,1,712,0,0
1,"STANLEY: VICE GRIPE RECTO DE 8""",UNIDAD,1,0,0,1,0,0,1,GENERAL,0,0,0,0,0,1,727,0,0
1,STICKER PARA TARJETA SCA-ZCD-104523010,UNIDAD,1,0,0,1,0,0,1,GENERAL,0,0,0,0,0,1,03425,0,0
1,STICKERS ADHESIVO,UNIDAD,1,0,0,1,0,0,1,GENERAL,0,0,0,0,0,1,899,0,0
1,STIKERS FULL COLOR 1/2*1/2 PULGADAS,UNIDAD,1,0,0,1,0,0,1,GENERAL,0,0,0,0,0,1,900,0,0
1,STRECH FILM,FILM,1,0,0,1,0,0,1,GENERAL,0,0,0,0,0,1,03413,0,0
1,"STRETCH FILM  PEQUEÑO 5""X1000""",UNIDAD,1,0,0,1,0,0,1,GENERAL,0,0,0,0,0,1,423,0,0
1,STUBEQ ACTVE HUB NV-442 4CH PTZ,UNIDAD,1,0,0,1,0,0,1,GENERAL,0,0,0,0,0,1,03952,0,0
1,SUDADERO CON LOGO G4S,UNIDAD,1,0,0,1,0,0,1,GENERAL,0,0,0,0,0,1,841,0,0
1,SUELDO BASE PERSONAL ESTANDAR,SRV,3,0,0,1,1,0,2,GENERAL,0,0,0,0,0,1,IC0001,0,0
1,SUERO ORAL SOBRE,UNIDAD,1,0,0,1,0,0,1,GENERAL,0,0,0,0,0,1,01152,0,0
1,SUETER NEGRO,UNIDAD,1,0,0,1,0,0,1,GENERAL,0,0,0,0,0,1,635,0,0
1,SUMINISTRO DE  POWER SAVER M200,UNIDAD,1,0,0,1,0,0,1,GENERAL,0,0,0,0,0,1,593,0,0
1,SUMINISTROS DE COMPUTO ADMINISTRATIVO,,3,0,0,0,0,0,0,GENERAL,0,0,0,0,0,1,SRV0296,0,0
1,SUMINISTROS DE COMPUTO DIRECTO,,3,0,0,0,0,0,0,GENERAL,0,0,0,0,0,1,SRV0294,0,0
1,SUMINISTROS DE COMPUTO INDIRECTO,,3,0,0,0,0,0,0,GENERAL,0,0,0,0,0,1,SRV0295,0,0
1,"SUMINISTROS E INSTALACION, PERFIL Y CABL",MANO OBRA,1,0,0,1,0,0,1,GENERAL,0,0,0,0,0,1,02084,0,0
1,SUMINISTROS PUESTO TRABAJO,SRV,3,0,0,0,0,0,4,GENERAL,0,0,0,0,0,1,IC0807,0,0
1,SUPER BONDER POMO,UNIDAD,1,0,0,1,0,0,1,GENERAL,0,0,0,0,0,1,03042,0,0
1,SUPERVISION OPERACIONES,SRV,3,0,0,0,0,0,4,GENERAL,0,0,0,0,0,1,IC0806,0,0
1,SUPERVISOR ESTANDAR (AG),SRV,3,1,0,1,1,0,99,GENERAL,0,0,0,0,0,1,PERS003,0,0
1,SUPRESOR DE PICOS VOLTECK 10 ENTRADAS,UNIDAD,1,0,0,1,0,0,1,GENERAL,0,0,0,0,0,1,05872,0,0
1,SVGS-5-F1 DETECTOR DE VIBRACION Y ROTURA DE CRISTA,UNIDAD,1,0,0,1,0,0,1,GENERAL,0,0,0,0,0,1,06620,0,0
1,SWCHING POWER SUPPLY,UNIDAD,1,0,0,1,0,0,1,GENERAL,0,0,0,0,0,1,05103,0,0
1,SWICH 24 PUERTOS DS-3E0326P-E HIKVISION POE NO ADM,UNIDAD,1,0,0,1,0,0,1,GENERAL,0,0,0,0,0,1,32,0,0
1,SWICH 24 PUERTOS POE+4 RANURAS TL-SG2428P,UNIDAD,1,0,0,1,0,0,1,GENERAL,0,0,0,0,0,1,49,0,0
1,SWICH 24 PUERTOS POE+4 RANURAS TL-SG2428P.,UNIDAD,1,0,0,1,0,0,1,GENERAL,0,0,0,0,0,1,43,0,0
1,SWICH 8 PUERTOS CBS350-8FP-E2G-NA CISCO FULL POE,UNIAD,1,0,0,1,0,0,1,GENERAL,0,0,0,0,0,1,48,0,0
1,SWICH 8 PUERTOS(4 PUERTOS POE) SCF566/17 TP-LINK,UNIDAD,1,0,0,1,0,0,1,GENERAL,0,0,0,0,0,1,24,0,0
1,SWITCH 16 PUERTOS GIGA CON POE,UNIDAD,1,0,0,1,0,0,1,GENERAL,0,0,0,0,0,1,04730,0,0
1,SWITCH 24 PTS 10/100/1000 SFP 2226,UNIDAD,1,0,0,1,0,0,1,GENERAL,0,0,0,0,0,1,0792,0,0
1,SWITCH 24 PUERTOS GIGA CON POE+4GBE ZY-GS1920-24,UNIDAD,1,0,0,1,0,0,1,GENERAL,0,0,0,0,0,1,04954,0,0
1,SWITCH 8 PT GBE POE+L2 ZY-GS1900-8H,UNIDAD,1,0,0,1,0,0,1,GENERAL,0,0,0,0,0,1,04953,0,0
1,SWITCH 8 PUERTOS ENGENIUS,UNIDAD,1,0,0,1,0,0,1,GENERAL,0,0,0,0,0,1,06377,0,0
1,SWITCH 8 PUERTOS POE TEG1110PF-8-120W 250M VIDEO,UNIDAD,1,0,0,1,0,0,1,GENERAL,0,0,0,0,0,1,0863,0,0
1,SWITCH DE 24 PUERTOS GIBABIT 1000,UNIDAD,1,0,0,1,0,0,1,GENERAL,0,0,0,0,0,1,03297,0,0
1,SWITCH DE 24 PUERTOS MARCA: PLANET(DEMO),UNIDAD,1,0,0,1,0,0,1,GENERAL,0,0,0,0,0,1,3027,0,0
1,SWITCH DE 5 PUERTOS POE/POE,UNIDAD,1,0,0,1,0,0,1,GENERAL,0,0,0,0,0,1,03200,0,0
1,"SWITCH DE BALANCIN, REDONDO BTS-20",UNIDAD,1,0,0,1,0,0,1,GENERAL,0,0,0,0,0,1,03947,0,0
1,SWITCH DE PALANCA 1 POLO,UNIDAD,1,0,0,1,0,0,1,GENERAL,0,0,0,0,0,1,03892,0,0
1,SWITCH DE PUNTO DE RED,UNIDAD,1,0,0,1,0,0,1,GENERAL,0,0,0,0,0,1,03439,0,0
1,SWITCH P/ ACTIVAR/DESACTIVAR MODULO GSM,UNIDAD,1,0,0,1,0,0,1,GENERAL,0,0,0,0,0,1,02033,0,0
1,SWITCH PARA L?MPARA Z-WAVE EVERSPRING (AN145-1),UNIDAD,1,0,0,1,0,0,1,GENERAL,0,0,0,0,0,1,05703,0,0
1,SWITCH PARA REDES DE 8 PUERTOS,UNIDAD,1,0,0,1,0,0,1,GENERAL,0,0,0,0,0,1,475,0,0
1,SWITCH POE DE 16 PUERTOS LYNSIS,UNIDAD,1,0,0,1,0,0,1,GENERAL,0,0,0,0,0,1,06033,0,0
1,SWITCH POE DE 4 PUERTOS,UNIDAD,1,0,0,1,0,0,1,GENERAL,0,0,0,0,0,1,05738,0,0
1,SWITCH POE DE 8 PUERTOS ALTRONIX NETWAY8G,UNIDAD,1,0,0,1,0,0,1,GENERAL,0,0,0,0,0,1,06022,0,0
1,"SWITCH POE EXTENDIDO TEF1105P-4-63W, 5 PUERTOS FAS",UNIDAD,1,0,0,1,0,0,1,GENERAL,0,0,0,0,0,1,06655,0,0
1,SWITCH POE GIGABIT 55W DE 8 PUERTOS ECS1008P,UNIDAD,1,0,0,1,0,0,1,GENERAL,0,0,0,0,0,1,06342,0,0
1,SWITCH POE MARCA ZYXEL DE 8 PUERTOS HIKVISION SW P,UNIDAD,1,0,0,1,0,0,1,GENERAL,0,0,0,0,0,1,04080,0,0
1,SWITCH PUSH BOTON CUADRADO 3AMP ON/OFF,UNIDAD,1,0,0,1,0,0,1,GENERAL,0,0,0,0,0,1,04339,0,0
1,"SWITCH SFP, PLUS 3COM 10/100/100",UNIDAD,1,0,0,1,0,0,1,GENERAL,0,0,0,0,0,1,0862,0,0
1,SWITCH TIPO DADO CON PLACA,UNIDAD,1,0,0,1,0,0,1,GENERAL,0,0,0,0,0,1,06052,0,0
1,SWITCH TL-SG1008D SWITCH DE 8 PUERTOS GIGABIT ET,UNIDAD,1,0,0,1,0,0,1,GENERAL,0,0,0,0,0,1,06533,0,0
1,SWITCHER CONVENCIONAL 24 PORT LONG REACH 2 OR 4 PA,UNIDAD,1,0,0,1,0,0,1,GENERAL,0,0,0,0,0,1,04758,0,0
1,SWITH ON OF CON LUZ DE 12 VOLTEOS,UNIDAD,1,0,0,1,0,0,1,GENERAL,0,0,0,0,0,1,05144,0,0
1,SWT1008 SWITCH DE 8 PUERTOS POE SIERA,UNIDAD,1,0,0,1,0,0,1,GENERAL,0,0,0,0,0,1,05967,0,0
1,SYMMETRY BLUE 939S WIEGAND/OSP,UNIDAD,1,0,0,1,0,0,1,GENERAL,0,0,0,0,0,1,04648,0,0
1,SYMMETRY CONNECT ANNUAL LICENSE PER CARD READER,UNIDAD,1,0,0,1,0,0,1,GENERAL,0,0,0,0,0,1,05456,0,0
1,SYMMETRY EDGE NETWORK CONTROLADOR POE + DE 1 PUERT,UNIDAD,1,0,0,1,0,0,1,GENERAL,0,0,0,0,0,1,06334,0,0
1,SYMMETRY PRO 8 READER LICENSE  PRO-LIC-0008-V8,UNIDAD,1,0,0,1,0,0,1,GENERAL,0,0,0,0,0,1,05076,0,0
1,SYMMETRY PRO CLIENT SOFTWARE PRO-CLIENT-V8.1,UNIDAD,1,0,0,1,0,0,1,GENERAL,0,0,0,0,0,1,05075,0,0
1,SYMMETRY PRO PLATFORM SOFTWARE PRO-PLAT-V8.1,UNIDAD,1,0,0,1,0,0,1,GENERAL,0,0,0,0,0,1,05077,0,0
1,SYMMETRY SOFTWARE LICENCE O CAMERAS,UNIDAD,1,0,0,1,0,0,1,GENERAL,0,0,0,0,0,1,0910,0,0
1,SYMMETRY SOFTWARE LICENCE O CAMERAS,UNIDAD,1,0,0,1,0,0,1,GENERAL,0,0,0,0,0,1,0920,0,0
1,SYSTEM SENSOR: BOTON PANICO FIRE ALERTA,UNIDAD,1,0,0,1,0,0,1,GENERAL,0,0,0,0,0,1,0380,0,0
1,SYSTEM SENSOR: DETECTOR DE CALOR (TERMOS,UNIDAD,1,0,0,1,0,0,1,GENERAL,0,0,0,0,0,1,0280,0,0
1,SYSTEM SENSOR: DETECTOR DE HUMO 1412B,UNIDAD,1,0,0,1,0,0,1,GENERAL,0,0,0,0,0,1,0359,0,0
1,SYSTEM SENSOR: DETECTOR DE HUMO ECO 1000,UNIDAD,1,0,0,1,0,0,1,GENERAL,0,0,0,0,0,1,0361,0,0
1,SYSTEM SENSOR: DETECTOR DE TEMPERATURA S 5600,UNIDAD,1,0,0,1,0,0,1,GENERAL,0,0,0,0,0,1,0362,0,0
1,SYSTEM SENSOR: LUZ ESTROBOSCOPICA COLOR ,UNIDAD,1,0,0,1,0,0,1,GENERAL,0,0,0,0,0,1,0123,0,0
1,"T8351 MICROFONO AXIS T8351 MK II DE 3,5 MM",UNIDAD,1,0,0,1,0,0,1,GENERAL,0,0,0,0,0,1,06514,0,0
1,TAB T515 GALAXY TAB (10.1 ) (LTE),UNIDAD,1,0,0,1,0,0,1,GENERAL,0,0,0,0,0,1,05511,0,0
1,TABIQUE SEPARADOR PARA CANAL ELECTRICA,UNIDAD,1,0,0,1,0,0,1,GENERAL,0,0,0,0,0,1,0999,0,0
1,TABLA DE MADERA MEDIA CARTA,UNIDAD,1,0,0,1,0,0,1,GENERAL,0,0,0,0,0,1,526,0,0
1,TABLA SHANON CARTA,UNIDAD,1,0,0,1,0,0,1,GENERAL,0,0,0,0,0,1,362,0,0
1,TABLA SHANON OFICIO,UNIDAD,1,0,0,1,0,0,1,GENERAL,0,0,0,0,0,1,363,0,0
1,TABLERO MONOFASICO 12 CIRCUITOS 125A,UNIDAD,1,0,0,1,0,0,1,GENERAL,0,0,0,0,0,1,0775,0,0
1,TABLERO MONOFASICO 2 CIRCUITOS 70A  GE,UNIDAD,1,0,0,1,0,0,1,GENERAL,0,0,0,0,0,1,03180,0,0
1,TABLERO MONOFASICO 4 CIRCUITOS 125A GE,UNIDAD,1,0,0,1,0,0,1,GENERAL,0,0,0,0,0,1,01035,0,0
1,TABLERO MONOFASICO 8 CIRCUITOS 125A,UNIDAD,1,0,0,1,0,0,1,GENERAL,0,0,0,0,0,1,0776,0,0
1,TABLET,UNIDAD,1,0,0,1,0,0,1,GENERAL,0,0,0,0,0,1,05185,0,0
1,TABLET SAMSUNG,UNIDAD,1,0,0,1,0,0,1,GENERAL,0,0,0,0,0,1,05870,0,0
1,TABLET TAI03SAM59 SAMSUNG GALAXY TAB S5E,UNDAD,1,0,0,1,0,0,1,GENERAL,0,0,0,0,0,1,05512,0,0
1,TABLETAS DE ACETAMINOFEN,UNIDAD,1,0,0,1,0,0,1,GENERAL,0,0,0,0,0,1,04762,0,0
1,TABLETAS DE ANTIHITAMINICO,UNIDAD,1,0,0,1,0,0,1,GENERAL,0,0,0,0,0,1,04767,0,0
1,TABLETAS DE IBUPROFENO,UNIDAD,1,0,0,1,0,0,1,GENERAL,0,0,0,0,0,1,04763,0,0
1,TABLETAS DE NAUSEOL,UNIDAD,1,0,0,1,0,0,1,GENERAL,0,0,0,0,0,1,04764,0,0
1,TABLILLA INMOBILIZADORA,UNIDAD,1,0,0,1,0,0,1,GENERAL,0,0,0,0,0,1,05429,0,0
1,"TACHUELON 3/4""",LIBRA,1,0,0,1,0,0,1,GENERAL,0,0,0,0,0,1,0661,0,0
1,TACLADO NUMERICO RXN-416 SP,UNIDAD,1,0,0,1,0,0,1,GENERAL,0,0,0,0,0,1,03797,0,0
1,TAG DE PROXIMIDAD ZKLT-E,UNIDAD,1,0,0,1,0,0,1,GENERAL,0,0,0,0,0,1,05241,0,0
1,TAG RFID PARA EXTERIOR,UNIDAD,1,0,0,1,0,0,1,GENERAL,0,0,0,0,0,1,0972,0,0
1,TALADRO ATORNILLADOR BOSCH GSB 18V LI,UNIDAD,1,0,0,1,0,0,1,GENERAL,0,0,0,0,0,1,816,0,0
1,TALADRO DE 1/2 GSB 13 RE CC BOSCH,UNIDAD,1,0,0,1,0,0,1,GENERAL,0,0,0,0,0,1,865,0,0
1,TALONARIO ACTUALIZACION DE SUS CONTACTOS,UNIDAD,1,0,0,1,0,0,1,GENERAL,0,0,0,0,0,1,732,0,0
1,TALONARIO BOLETA DE COMUNICACION,UNIDAD,1,0,0,1,0,0,1,GENERAL,0,0,0,0,0,1,751,0,0
1,TALONARIO BOLETA DE ZONIFICACION ATMS,UNIDAD,1,0,0,1,0,0,1,GENERAL,0,0,0,0,0,1,752,0,0
1,TALONARIO BOLETA INSTALACION CCTV,UNIDAD,1,0,0,1,0,0,1,GENERAL,0,0,0,0,0,1,767,0,0
1,TALONARIO BOLETA MANTENIMIENTO A ATMS,UNIDAD,1,0,0,1,0,0,1,GENERAL,0,0,0,0,0,1,753,0,0
1,TALONARIO BOLETA MANTO.PREVENTIVO,UNIDAD,1,0,0,1,0,0,1,GENERAL,0,0,0,0,0,1,910,0,0
1,TALONARIO BOLETA PROGRAMACION CCTV,UNIDAD,1,0,0,1,0,0,1,GENERAL,0,0,0,0,0,1,770,0,0
1,TALONARIO BOLETAS D/RECEP.VEHIGULOS GPS,UNIDAD,1,0,0,1,0,0,1,GENERAL,0,0,0,0,0,1,859,0,0
1,TALONARIO BOLETAS SOPORTE TECNICO,TALONARIO,1,0,0,1,0,0,1,GENERAL,0,0,0,0,0,1,117,0,0
1,TALONARIO DE CHECK LIST T/OFICIO,UNIDAD,1,0,0,1,0,0,1,GENERAL,0,0,0,0,0,1,901,0,0
1,TALONARIO DE CONTRATOS G4S,UNIDAD,1,0,0,1,0,0,1,GENERAL,0,0,0,0,0,1,688,0,0
1,TALONARIO DE CROQUIS,UNIDAD,1,0,0,1,0,0,1,GENERAL,0,0,0,0,0,1,130,0,0
1,TALONARIO DE DISTRIBUCION DE ZONAS,UNIDAD,1,0,0,1,0,0,1,GENERAL,0,0,0,0,0,1,131,0,0
1,TALONARIO DE LIQUIDACION DE VIATICOS,UNIDAD,1,0,0,1,0,0,1,GENERAL,0,0,0,0,0,1,702,0,0
1,TALONARIO DE SOLICITUD DE VIATICOS,UNIDAD,1,0,0,1,0,0,1,GENERAL,0,0,0,0,0,1,703,0,0
1,TALONARIO DEBITO AUTOMATICO CUENTA BI,TALONARIO,1,0,0,1,0,0,1,GENERAL,0,0,0,0,0,1,862,0,0
1,TALONARIO EVALUACION DE SATISFACCION BI,UNIDAD,1,0,0,1,0,0,1,GENERAL,0,0,0,0,0,1,793,0,0
1,TALONARIO LLAMADA DE ATENCION,UNIDAD,1,0,0,1,0,0,1,GENERAL,0,0,0,0,0,1,829,0,0
1,TALONARIO OPERATIVO/SERVICIO/MONITOREO,UNIDAD,1,0,0,1,0,0,1,GENERAL,0,0,0,0,0,1,05120,0,0
1,TALONARIO ORDEN DE FACTURACION/OF,UNIDAD,1,0,0,1,0,0,1,GENERAL,0,0,0,0,0,1,902,0,0
1,TALONARIO REPORTE DE HORAS EXTRAS,UNIDAD,1,0,0,1,0,0,1,GENERAL,0,0,0,0,0,1,827,0,0
1,TALONARIO SOLICITUD DE VACACIONES/PERMISO,UNIDAD,1,0,0,1,0,0,1,GENERAL,0,0,0,0,0,1,794,0,0
1,TALONARIOS DE FACTURAS,TALONARIO,1,0,0,1,0,0,1,GENERAL,0,0,0,0,0,1,116,0,0
1,TALONARIOS ORDEN DE COMPRA,UNIDAD,1,0,0,1,0,0,1,GENERAL,0,0,0,0,0,1,118,0,0
1,TAMPER SWITCH 28-2,UNIDAD,1,0,0,1,0,0,1,GENERAL,0,0,0,0,0,1,03090,0,0
1,TAMPER SWITCH 955WH,UNIDAD,1,0,0,1,0,0,1,GENERAL,0,0,0,0,0,1,03089,0,0
1,TAMPER SWITCH FAINE ACCES,UNIDAD,1,0,0,1,0,0,1,GENERAL,0,0,0,0,0,1,0521,0,0
1,TAMPER SWITCH RE,UNIDAD,1,0,0,1,0,0,1,GENERAL,0,0,0,0,0,1,2020,0,0
1,TAMPER W/TERMINAL WHITE 955PST-WH,UNIDAD,1,0,0,1,0,0,1,GENERAL,0,0,0,0,0,1,04266,0,0
1,TANQUE SECUNDARIO DE LIQUIDO PARA CAÑON,UNIDAD,1,0,0,1,0,0,1,GENERAL,0,0,0,0,0,1,05848,0,0
1,TAPA CANALETA ELECTRICA 105*35/65 LEGRAN,UNIDAD,1,0,0,1,0,0,1,GENERAL,0,0,0,0,0,1,0616,0,0
1,TAPA CIEGA 1 MODULO GRIS TECLASTAR,UNIDAD,1,0,0,1,0,0,1,GENERAL,0,0,0,0,0,1,01010,0,0
1,TAPA FINAL CANALETA ELECTRICA 105*65 MM,UNIDAD,1,0,0,1,0,0,1,GENERAL,0,0,0,0,0,1,0901,0,0
1,TAPA OIDOS,UNIDAD,1,0,0,1,0,0,1,GENERAL,0,0,0,0,0,1,04281,0,0
1,TAPA P/CANALETA ELECTRICA 20X10,UNIDAD,1,0,0,1,0,0,1,GENERAL,0,0,0,0,0,1,04272,0,0
1,TAPADERA ACCESS POINT BLANCAS,UNIDAD,1,0,0,1,0,0,1,GENERAL,0,0,0,0,0,1,05564,0,0
1,"TAPADERA CUADRADA METALICA DE 4""",UNIDAD,1,0,0,1,0,0,1,GENERAL,0,0,0,0,0,1,0733,0,0
1,"TAPADERA FINAL P/CANALETA 1/2""",UNIDAD,1,0,0,1,0,0,1,GENERAL,0,0,0,0,0,1,04250,0,0
1,TAPADERA METAL CONTRA EXPLOSION RECTANGU,UNIDAD,1,0,0,1,0,0,1,GENERAL,0,0,0,0,0,1,04291,0,0
1,"TAPADERA OCTAGONAL 4"" GALVANIZADA CIEGA",UNIDAD,1,0,0,1,0,0,1,GENERAL,0,0,0,0,0,1,TPD57,0,0
1,TAPADERA PARA CAJA DE 6*6,UNIDAD,1,0,0,1,0,0,1,GENERAL,0,0,0,0,0,1,0825,0,0
1,"TAPADERA PLACA CIEGA DOBLE 4""*4""",UNIDAD,1,0,0,1,0,0,1,GENERAL,0,0,0,0,0,1,04046,0,0
1,TAPADERA PLASTICA (PUNTO DE RED),UNIDAD,1,0,0,1,0,0,1,GENERAL,0,0,0,0,0,1,03137,0,0
1,"TAPADERA PLASTICA 5""*5"" CIEGA",UNIDAD,1,0,0,1,0,0,1,GENERAL,0,0,0,0,0,1,03902,0,0
1,TAPADERA PLASTICA P/TABLA YESO,UNIDAD,1,0,0,1,0,0,1,GENERAL,0,0,0,0,0,1,04364,0,0
1,TAPADERA RECTANGULAR GALVANIZADA CIEGA,UNIDAD,1,0,0,1,0,0,1,GENERAL,0,0,0,0,0,1,TPD54,0,0
1,TAPADERAS 5×5 DE METAL,UNIDAD,1,0,0,1,0,0,1,GENERAL,0,0,0,0,0,1,04075,0,0
1,TAPADERAS PLASTICA COLOR AZUL PARA CAJA MULTIBOX,UNIDAD,1,0,0,1,0,0,1,GENERAL,0,0,0,0,0,1,05667,0,0
1,TAPADERAS PLASTICAS BTICINO,UNIDAD,1,0,0,1,0,0,1,GENERAL,0,0,0,0,0,1,0193,0,0
1,TAPAOIDOS CON ALMOHADILLAS (OREJERAS),UNIDAD,1,0,0,1,0,0,1,GENERAL,0,0,0,0,0,1,05023,0,0
1,TAPE MAGICO,ROLLO,1,0,0,1,0,0,1,GENERAL,0,0,0,0,0,1,336,0,0
1,TAPE PARA EMPAQUE TRANSPARENTE,ROLLO,1,0,0,1,0,0,1,GENERAL,0,0,0,0,0,1,337,0,0
1,TAPE TRASPARENTE PEQUEÑO,UNIDAD,1,0,0,1,0,0,1,GENERAL,0,0,0,0,0,1,467,0,0
1,TAPON AUDITIVO REUSABLE CON CUERDA,UNIDAD,1,0,0,1,0,0,1,GENERAL,0,0,0,0,0,1,04925,0,0
1,TAPON AUDITIVO STEELPRO MODELO EP-T06,UNIDAD,1,0,0,1,0,0,1,GENERAL,0,0,0,0,0,1,03568,0,0
1,"TAPON HG DE 3""",UNIDAD,1,0,0,1,0,0,1,GENERAL,0,0,0,0,0,1,04231,0,0
1,TAPON HG DE 3/4,UNIDAD,1,0,0,1,0,0,1,GENERAL,0,0,0,0,0,1,06111,0,0
1,"TAPON PVC BLANCO 3""",UNIDAD,1,0,0,1,0,0,1,GENERAL,0,0,0,0,0,1,01190,0,0
1,"TARJ. GRAB, DIG 8-16CH-4CH AUDIO",UNIDAD,1,0,0,1,0,0,1,GENERAL,0,0,0,0,0,1,03058,0,0
1,TARJETA  HUNTER 8 RE,UNIDAD,1,0,0,1,0,0,99,GENERAL,0,0,0,0,0,1,2009,0,0
1,TARJETA CAPTAIN RE,UNIDAD,1,0,0,1,0,0,1,GENERAL,0,0,0,0,0,1,2002,0,0
1,TARJETA CARD TARJETA PROX GRUES,UNIDAD,1,0,0,1,0,0,1,GENERAL,0,0,0,0,0,1,0681,0,0
1,TARJETA DE  PRESENTACION,UNIDAD,1,0,0,1,0,0,1,GENERAL,0,0,0,0,0,1,110,0,0
1,TARJETA DE ACCES PROXCAR II HID 500-0368,UNIDAD,1,0,0,1,0,0,1,GENERAL,0,0,0,0,0,1,03254,0,0
1,TARJETA DE GRAB. DIG GV-650 60 FPS,UNIDAD,1,0,0,1,0,0,1,GENERAL,0,0,0,0,0,1,0479,0,0
1,TARJETA DE GRABACION 16CH SIERA,UNIDAD,1,0,0,1,0,0,1,GENERAL,0,0,0,0,0,1,03451,0,0
1,TARJETA DE MEMORIA SD 2GB KINGSTON,UNIDAD,1,0,0,1,0,0,1,GENERAL,0,0,0,0,0,1,13,0,0
1,TARJETA DE PODER AD12612,UNIDAD,1,0,0,1,0,0,1,GENERAL,0,0,0,0,0,1,03125,0,0
1,TARJETA DE PRESENTACION  HUSKY 3 COLORES,UNIDAD,1,0,0,1,0,0,1,GENERAL,0,0,0,0,0,1,656,0,0
1,TARJETA DE PROMIDAD HID DE 26 BITS,UNIDAD,1,0,0,1,0,0,1,GENERAL,0,0,0,0,0,1,0575,0,0
1,TARJETA DE PROXIMIDAD 26 BITES ACC,UNIDAD,1,0,0,1,0,0,1,GENERAL,0,0,0,0,0,1,0637,0,0
1,TARJETA DE PROXIMIDAD 5000-0369,UNIDAD,1,0,0,1,0,0,1,GENERAL,0,0,0,0,0,1,0708,0,0
1,TARJETA DE PROXIMIDAD AC5,UNIDAD,1,0,0,1,0,0,1,GENERAL,0,0,0,0,0,1,04177,0,0
1,TARJETA DE PROXIMIDAD CDVI-CS,UNIDAD,1,0,0,1,0,0,1,GENERAL,0,0,0,0,0,1,01094,0,0
1,TARJETA DE PROXIMIDAD HID DE 64 BITS,UNIDAD,1,0,0,1,0,0,1,GENERAL,0,0,0,0,0,1,0517,0,0
1,TARJETA DE PROXIMIDAD HID PARA VEHICULO,UNIDAD,1,0,0,1,0,0,1,GENERAL,0,0,0,0,0,1,01118,0,0
1,TARJETA DE PROXIMIDAD HID1351,UNIDAD,1,0,0,1,0,0,1,GENERAL,0,0,0,0,0,1,03113,0,0
1,TARJETA DE PROXIMIDAD MIFARE,UNIDAD,1,0,0,1,0,0,1,GENERAL,0,0,0,0,0,1,03163,0,0
1,TARJETA DE PROXIMIDAD MO.1386 ISOPROX II,UNIDAD,1,0,0,1,0,0,1,GENERAL,0,0,0,0,0,1,03702,0,0
1,TARJETA DE PROXIMIDAD PROX-CARD THIN,UNIDAD,1,0,0,1,0,0,1,GENERAL,0,0,0,0,0,1,03729,0,0
1,TARJETA DE PROXIMIDAD PROX-THICK,UNIDAD,1,0,0,1,0,0,1,GENERAL,0,0,0,0,0,1,03753,0,0
1,TARJETA DE PROXIMIDAD RFID,UNIDAD,1,0,0,1,0,0,1,GENERAL,0,0,0,0,0,1,01114,0,0
1,TARJETA DE PROXIMIDAD WIEGAND GRUESA,UNIDAD,1,0,0,1,0,0,1,GENERAL,0,0,0,0,0,1,01039,0,0
1,"TARJETA DE PROXIMIDAD, IMPRIMIBLE ZKTECO (ID-CARD)",UNIDAD,1,0,0,1,0,0,1,GENERAL,0,0,0,0,0,1,05929,0,0
1,TARJETA DE RED 120-8102 ISM IP MODULE S/,UNIDAD,1,0,0,1,0,0,1,GENERAL,0,0,0,0,0,1,03758,0,0
1,TARJETA DE RED MODELO 8000-6053-S MULTIM,UNIDAD,1,0,0,1,0,0,1,GENERAL,0,0,0,0,0,1,0705,0,0
1,TARJETA DE RED-10/100MBPS Y KIT DE MONTA,UNIDAD,1,0,0,1,0,0,1,GENERAL,0,0,0,0,0,1,0702,0,0
1,TARJETA DE REGISTRO DACTILOSCOPICA,MILLAR,1,0,0,1,0,0,1,GENERAL,0,0,0,0,0,1,04633,0,0
1,TARJETA DE REGISTRO DACTILOSCOPICA,UNIDAD,1,0,0,1,0,0,1,GENERAL,0,0,0,0,0,1,868,0,0
1,TARJETA DE VIDEO ASUSGT 710 2GB GDDR5 GT710-SL-2GD,UNIDAD,1,0,0,1,0,0,1,GENERAL,0,0,0,0,0,1,05586,0,0
1,TARJETA DSC POWERSERIES 1864 RMA-RE,UNIDAD,1,0,0,1,0,0,99,GENERAL,0,0,0,0,0,1,05735,0,0
1,TARJETA EXPANSORA PARA CONTROL,UNIDAD,1,0,0,1,0,0,1,GENERAL,0,0,0,0,0,1,03186,0,0
1,TARJETA HID 37 BIT 1326-LMSMV,UNIDAD,1,0,0,1,0,0,1,GENERAL,0,0,0,0,0,1,01150,0,0
1,TARJETA HUNTER 8 RE,UNIDAD,1,0,0,1,0,0,1,GENERAL,0,0,0,0,0,1,2052,0,0
1,TARJETA HUNTER PRO 832/896 RE,UNIDAD,1,0,0,1,0,0,1,GENERAL,0,0,0,0,0,1,2008,0,0
1,TARJETA HUNTER PRO 896 RE,UNIDAD,1,0,0,1,0,0,1,GENERAL,0,0,0,0,0,1,2068,0,0
1,TARJETA I/O BOARD DOMO ULTRAOCHO,UNIDAD,1,0,0,1,0,0,1,GENERAL,0,0,0,0,0,1,03405,0,0
1,TARJETA IP SG-DLR-IP SISTEM III,UNIDAD,1,0,0,1,0,0,1,GENERAL,0,0,0,0,0,1,04710,0,0
1,TARJETA NEO HS2032-2064 RE,UNIDAD,1,0,0,1,0,0,1,GENERAL,0,0,0,0,0,1,06527,0,0
1,TARJETA PANEL DE ALARMA DSC POWER NEO 128 ZONAS,UNIDAD,1,0,0,1,0,0,1,GENERAL,0,0,0,0,0,1,04807,0,0
1,TARJETA PANEL DSC POWER NEO 64 ZONAS HS2064PCBSPA,UNIDAD,1,0,0,1,0,0,1,GENERAL,0,0,0,0,0,1,04808,0,0
1,TARJETA PARA PANEL DE ALARMA 8.32 INALAMBRICA,UNIDAD,1,0,0,1,0,0,1,GENERAL,0,0,0,0,0,1,04555,0,0
1,TARJETA PARA PANEL DE ALARMA 864,UNIDAD,1,0,0,1,0,0,1,GENERAL,0,0,0,0,0,1,04556,0,0
1,TARJETA PRINCIPAL DE CONTROL DE ACCESO ICE PW7K1IC,UNIDAD,1,0,0,1,0,0,1,GENERAL,0,0,0,0,0,1,05916,0,0
1,TARJETA QUAD CHANNEL TRUNK FXO,UNIDAD,1,0,0,1,0,0,1,GENERAL,0,0,0,0,0,1,03474,0,0
1,TARJETA RD-232 A TCP COMUNICADOR KT-ITI100,UNIDAD,1,0,0,1,0,0,1,GENERAL,0,0,0,0,0,1,05081,0,0
1,TARJETA RFID MANGO,UNIDAD,1,0,0,1,0,0,1,GENERAL,0,0,0,0,0,1,0746,0,0
1,TARJETA SPECTRA 5550,UNIDAD,1,0,0,1,0,0,1,GENERAL,0,0,0,0,0,1,0658,0,0
1,TARJETA SPECTRA RE,UNIDAD,1,0,0,1,0,0,1,GENERAL,0,0,0,0,0,1,2003,0,0
1,TARJETA VISTA 48 RE,UNIDAD,1,0,0,1,0,0,1,GENERAL,0,0,0,0,0,1,4689,0,0
1,TARJETA ZKSOFTWARE 125 KHZ-26 BIT,UNIDAD,1,0,0,1,0,0,1,GENERAL,0,0,0,0,0,1,03108,0,0
1,TARJETAS ADESIVAS CR/80 100 UNIDADES,PAQUETE,1,0,0,1,0,0,1,GENERAL,0,0,0,0,0,1,881,0,0
1,TARJETAS DE PVC ADESIVAS CR/80,UNIDAD,1,0,0,1,0,0,1,GENERAL,0,0,0,0,0,1,0919,0,0
1,TARUGO AZUL 3/8,UNIDAD,1,0,0,1,0,0,1,GENERAL,0,0,0,0,0,1,01147,0,0
1,TARUGO DE ANCLAJE PARA TABLA YESO KD 1/4,UNIDAD,1,0,0,1,0,0,1,GENERAL,0,0,0,0,0,1,03184,0,0
1,TARUGO DE EXPANSION 1/2*3,UNIDAD,1,0,0,1,0,0,1,GENERAL,0,0,0,0,0,1,04032,0,0
1,TARUGO DE EXPANSION HILTY,UNIDAD,1,0,0,1,0,0,1,GENERAL,0,0,0,0,0,1,03236,0,0
1,TARUGO DIENTE DE TIBURON ANCHOS,UNIDAD,1,0,0,1,0,0,1,GENERAL,0,0,0,0,0,1,0911,0,0
1,"TARUGO HILTI 3/8""",UNIDAD,1,0,0,1,0,0,1,GENERAL,0,0,0,0,0,1,04016,0,0
1,TARUGO HILTY DE 1/4,UNIDAD,1,0,0,1,0,0,1,GENERAL,0,0,0,0,0,1,03314,0,0
1,TARUGO HLD2 HILTI TIPO MARIPOSA,UNIDAD,1,0,0,1,0,0,1,GENERAL,0,0,0,0,0,1,0902,0,0
1,TARUGO METALICO PARA PARED,UNIDAD,1,0,0,1,0,0,1,GENERAL,0,0,0,0,0,1,03253,0,0
1,TARUGO PARA VARILLA ROSCADA 3/8 DRUPIE,UNIDAD,1,0,0,1,0,0,1,GENERAL,0,0,0,0,0,1,05868,0,0
1,TARUGO PLASTICO VERDE DE #7,UNIDAD,1,0,0,1,0,0,1,GENERAL,0,0,0,0,0,1,02070,0,0
1,TARUGO S/10,UNIDAD,1,0,0,1,0,0,1,GENERAL,0,0,0,0,0,1,03241,0,0
1,TARUGO S/8,UNIDAD,1,0,0,1,0,0,1,GENERAL,0,0,0,0,0,1,03262,0,0
1,TARUGO S10,UNIDAD,1,0,0,1,0,0,1,GENERAL,0,0,0,0,0,1,01198,0,0
1,TARUGO S6,UNIDAD,1,0,0,1,0,0,1,GENERAL,0,0,0,0,0,1,04625,0,0
1,TARUGO TABLA YESO,UNIDAD,1,0,0,1,0,0,1,GENERAL,0,0,0,0,0,1,0386,0,0
1,TARUGO TABLAYESO DE 8*1  1/2,UNIDAD,1,0,0,1,0,0,1,GENERAL,0,0,0,0,0,1,01197,0,0
1,"TARUGO TOGGLER BOLT 3/8"" POWERS",UNIDAD,1,0,0,1,0,0,1,GENERAL,0,0,0,0,0,1,04352,0,0
1,TARUGOS,UNI,2,1,0,1,0,0,0,GENERAL,0,0,0,0,0,1,TAR001,0,0
1,TARUGOS PLASTICOS VERDE,UNIDAD,1,0,0,1,0,0,1,GENERAL,0,0,0,0,0,1,0339,0,0
1,TARUGOS S-6,UNIDAD,1,0,0,1,0,0,1,GENERAL,0,0,0,0,0,1,04203,0,0
1,TDPL225-630R1 ROLLOS DE PAPEL TERMICO 2.25*630,UNIDAD,1,0,0,1,0,0,1,GENERAL,0,0,0,0,0,1,05700,0,0
1,TE LIPTON SABORES CAJA 20U.,UNIDAD,1,0,0,1,0,0,1,GENERAL,0,0,0,0,0,1,906,0,0
1,TE4316R HD-TVI 16 FULL HD REAL TIME DVR,UNIDAD,1,0,0,1,0,0,1,GENERAL,0,0,0,0,0,1,06216,0,0
1,TECLADO 6148 RE,UNIDAD,1,0,0,1,0,0,1,GENERAL,0,0,0,0,0,1,2047,0,0
1,TECLADO 6160 HONEYWELL,UNIDAD,1,0,0,1,0,0,1,GENERAL,0,0,0,0,0,1,05091,0,0
1,TECLADO 64 ZONAS LCD ICONOS /RECEPTOR RFK5501M,UNIDAD,1,0,0,1,0,0,1,GENERAL,0,0,0,0,0,1,05261,0,0
1,TECLADO ALAMBRICO FULL MENSAJES DS-PK1-LRT-HWB,UNIDAD,1,0,0,1,0,0,1,GENERAL,0,0,0,0,0,1,06363,0,0
1,TECLADO ALFA NUMERICO HS2LCD N DSC NEO,UNIDAD,1,0,0,1,0,0,1,GENERAL,0,0,0,0,0,1,04551,0,0
1,TECLADO ALFANUMERICO DSC PK5500,UNIDAD,1,0,0,1,0,0,1,GENERAL,0,0,0,0,0,1,03564,0,0
1,TECLADO ALFANUMERICO HS2LCD,UNIDAD,1,0,0,1,0,0,1,GENERAL,0,0,0,0,0,1,04300,0,0
1,TECLADO C/PANTALLA 120-3610G,UNIDAD,1,0,0,1,0,0,1,GENERAL,0,0,0,0,0,1,03754,0,0
1,TECLADO DE ACCESO P/120 USUARIOS ILUMINA,UNIDAD,1,0,0,1,0,0,1,GENERAL,0,0,0,0,0,1,04145,0,0
1,TECLADO DE ACCESO SK-1011 SDQ,UNIDAD,1,0,0,1,0,0,1,GENERAL,0,0,0,0,0,1,05559,0,0
1,TECLADO DIGITAL INALAMBRICO LCD K37,UNIDAD,1,0,0,1,0,0,1,GENERAL,0,0,0,0,0,1,02094,0,0
1,TECLADO DIGITAL L5100 HONEYWELL,UNIDAD,1,0,0,1,0,0,1,GENERAL,0,0,0,0,0,1,03732,0,0
1,TECLADO DIGITAL TUXWIFIS TOUCHSCRN,UNIDAD,1,0,0,1,0,0,1,GENERAL,0,0,0,0,0,1,03742,0,0
1,TECLADO DSC NEO INALAMBRICO,UNIDAD,1,0,0,1,0,0,1,GENERAL,0,0,0,0,0,1,04572,0,0
1,TECLADO FBI XL 4600 SM,UNIDAD,1,0,0,1,0,0,1,GENERAL,0,0,0,0,0,1,0407,0,0
1,TECLADO G4TECH CONTROL ACCESO 823,UNIDAD,1,0,0,1,0,0,1,GENERAL,0,0,0,0,0,1,0205,0,0
1,TECLADO G4TECH CONTROL ACCESO 843,UNIDAD,1,0,0,1,0,0,1,GENERAL,0,0,0,0,0,1,0206,0,0
1,TECLADO GENIUS PARA COMPUTADORA,UNIDAD,1,0,0,1,0,0,1,GENERAL,0,0,0,0,0,1,462,0,0
1,TECLADO HS2LCD PRO,UNIDAD,1,0,0,1,0,0,1,GENERAL,0,0,0,0,0,1,05496,0,0
1,TECLADO ICONOS HSLCD2N RE,UNIDAD,1,0,0,1,0,0,1,GENERAL,0,0,0,0,0,1,06321,0,0
1,TECLADO INALAMBRICO FULL MENS HS2LCDWF9,UNIDAD,1,0,0,1,0,0,1,GENERAL,0,0,0,0,0,1,04305,0,0
1,TECLADO KADEX NX-1508E RE,UNIDAD,1,0,0,1,0,0,1,GENERAL,0,0,0,0,0,1,2073,0,0
1,TECLADO LCD ANUNCIADORA PARA FPA 1000 BOSH,UNIDAD,1,0,0,1,0,0,1,GENERAL,0,0,0,0,0,1,05877,0,0
1,TECLADO LCD HS2LCDRF9N,UNIDAD,1,0,0,1,0,0,1,GENERAL,0,0,0,0,0,1,05398,0,0
1,TECLADO LED CABLEADO K10 DE 10 ZONAS,UNIDAD,1,0,0,1,0,0,1,GENERAL,0,0,0,0,0,1,04407,0,0
1,TECLADO LED INALAMBRICO K32RF,UNIDAD,1,0,0,1,0,0,1,GENERAL,0,0,0,0,0,1,03431,0,0
1,TECLADO NUMERICO ACC./DIGITAL SK-1011-SQ,UNIDAD,1,0,0,1,0,0,1,GENERAL,0,0,0,0,0,1,04264,0,0
1,TECLADO NUMERICO CMA600,UNIDAD,1,0,0,1,0,0,1,GENERAL,0,0,0,0,0,1,03401,0,0
1,"TECLADO NUMERICO KLIP XTREME KNP-100 USB, 19 TECLA",UNIDAD,1,0,0,1,0,0,1,GENERAL,0,0,0,0,0,1,06312,0,0
1,TECLADO NUMERICO PARA NOTEBOOK,UNIDAD,1,0,0,1,0,0,1,GENERAL,0,0,0,0,0,1,555,0,0
1,TECLADO PARA LAPTOP HP 450 G5 5CD808796N,UNIDAD,1,0,0,1,0,0,1,GENERAL,0,0,0,0,0,1,05532,0,0
1,TECLADO PARA LAPTOP HP MODELO 440 G4,UNIDAD,1,0,0,1,0,0,1,GENERAL,0,0,0,0,0,1,05533,0,0
1,TECLADO PARA LAPTOP HP PROBOOK 640 EN ESPAÑOL,UNIDAD,1,0,0,1,0,0,1,GENERAL,0,0,0,0,0,1,06231,0,0
1,TECLADO PARADOX QC RE,UNIDAD,1,0,0,1,0,0,1,GENERAL,0,0,0,0,0,1,2030,0,0
1,TECLADO PARADOX RE,UNIDAD,1,0,0,1,0,0,1,GENERAL,0,0,0,0,0,1,2004,0,0
1,TECLADO PIMA RX-6 RE,UNIDAD,1,0,0,1,0,0,1,GENERAL,0,0,0,0,0,1,2007,0,0
1,"TECLADO REMOTO INAL?MBRICO CLIMAXKP-39B CON IP3, M",UNIDAD,1,0,0,1,0,0,1,GENERAL,0,0,0,0,0,1,06608,0,0
1,TECLADO ROSWELL 31A4 LED,UNIDAD,1,0,0,1,0,0,1,GENERAL,0,0,0,0,0,1,0394,0,0
1,TECLADO RX-130 PIMA RE,UNIDAD,1,0,0,1,0,0,1,GENERAL,0,0,0,0,0,1,2029,0,0
1,TECLADO RX-406 PIMA RE,UNIDAD,1,0,0,1,0,0,1,GENERAL,0,0,0,0,0,1,2028,0,0
1,TECLADO RXN-400 RE,UNIDAD,1,0,0,1,0,0,1,GENERAL,0,0,0,0,0,1,2025,0,0
1,TECLADO RXN-416 RE,UNIDAD,1,0,0,1,0,0,1,GENERAL,0,0,0,0,0,1,4010,0,0
1,TECLADO RXN-9 RE,UNIDAD,1,0,0,1,0,0,99,GENERAL,0,0,0,0,0,1,2053,0,0
1,"TECLADO TACTIL PANTALLA5"" NEGRO",UNIDAD,1,0,0,1,0,0,1,GENERAL,0,0,0,0,0,1,04295,0,0
1,TECLADO TOUCH HONEYWELL TUXWIFIW,UNIDAD,1,0,0,1,0,0,1,GENERAL,0,0,0,0,0,1,05334,0,0
1,TECLADO USB ALAMBRICO,UNIDAD,1,0,0,1,0,0,1,GENERAL,0,0,0,0,0,1,757,0,0
1,TECLADO USB INALAMBRICO,UNIDAD,1,0,0,1,0,0,1,GENERAL,0,0,0,0,0,1,689,0,0
1,TECLADOS ALFANUMÉRICOS. HS2LCDPRO,UNIDAD,1,0,0,1,0,0,1,GENERAL,0,0,0,0,0,1,05479,0,0
1,TECLADOS USB ESPAÑOL ENERG.,UNIDAD,1,0,0,1,0,0,1,GENERAL,0,0,0,0,0,1,05654,0,0
1,TEE DE 4 PULGADAS PVC,UNIDAD,1,0,0,1,0,0,1,GENERAL,0,0,0,0,0,1,05851,0,0
1,"TELE ENTRY KERY 250 USUARIO, 4 LIN LCD",UNIDAD,1,0,0,1,0,0,1,GENERAL,0,0,0,0,0,1,04194,0,0
1,TELEFONO,UNIDAD,1,0,0,1,0,0,1,GENERAL,0,0,0,0,0,1,2098,0,0
1,TELEFONO C/TIMBRE INTERCOM. TEL-850,UNIDAD,1,0,0,1,0,0,1,GENERAL,0,0,0,0,0,1,04337,0,0
1,TELEFONO DIGITAL DT321,UNIDAD,1,0,0,1,0,0,1,GENERAL,0,0,0,0,0,1,493,0,0
1,TELEFONO INALAMBRICO MOTORLA 2.4 GHZ,UNIDAD,1,0,0,1,0,0,1,GENERAL,0,0,0,0,0,1,5,0,0
1,TELEFONO INALAMBRICO PANASONIC KX-TG1711,UNIDAD,1,0,0,1,0,0,1,GENERAL,0,0,0,0,0,1,853,0,0
1,TELEFONO KX-FS465B,UNIDAD,1,0,0,1,0,0,1,GENERAL,0,0,0,0,0,1,675,0,0
1,TELEFONO OM247-MU P/CONTROL DE REOS,UNIDAD,1,0,0,1,0,0,1,GENERAL,0,0,0,0,0,1,04610,0,0
1,TELEFONO PANASONIC KT-7730,UNIDAD,1,0,0,1,0,0,1,GENERAL,0,0,0,0,0,1,665,0,0
1,TELEFONO PANASONIC KXT7716,UNIDAD,1,0,0,1,0,0,1,GENERAL,0,0,0,0,0,1,04508,0,0
1,TELEFONO SENCILLO PANASONIC KX-TS500,UNIDAD,1,0,0,1,0,0,1,GENERAL,0,0,0,0,0,1,15,0,0
1,TELEFONOS KX-TS105,UNIDAD,1,0,0,1,0,0,1,GENERAL,0,0,0,0,0,1,661,0,0
1,"TELEVISOR 32"" LG SMART FHD",UNIDAD,1,0,0,1,0,0,1,GENERAL,0,0,0,0,0,1,04404,0,0
1,"TELEVISOR LED  PANASONIC 50""",UNIDAD,1,0,0,1,0,0,1,GENERAL,0,0,0,0,0,1,04413,0,0
1,"TELEVISOR LED 32""",UNIDAD,1,0,0,1,0,0,1,GENERAL,0,0,0,0,0,1,03953,0,0
1,"TELEVISOR LED 32"" LG 32LB620B 3D",UNIDAD,1,0,0,1,0,0,1,GENERAL,0,0,0,0,0,1,04142,0,0
1,"TELEVISOR LED 49"" SMART SAMSUNG",UNIDAD,1,0,0,1,0,0,1,GENERAL,0,0,0,0,0,1,06034,0,0
1,"TELEVISOR LED DE 19""",UNIDAD,1,0,0,1,0,0,1,GENERAL,0,0,0,0,0,1,03880,0,0
1,"TELEVISOR LED DE 22"" MARCA ""LG""",UNIDAD,1,0,0,1,0,0,1,GENERAL,0,0,0,0,0,1,03881,0,0
1,"TELEVISOR LED DE 32"" KDL32R425B SONY",UNIDAD,1,0,0,1,0,0,1,GENERAL,0,0,0,0,0,1,03864,0,0
1,"TELEVISOR LED DE 42""",UNIDAD,1,0,0,1,0,0,1,GENERAL,0,0,0,0,0,1,04282,0,0
1,"TELEVISOR LED LG 28""",UNIDAD,1,0,0,1,0,0,1,GENERAL,0,0,0,0,0,1,04153,0,0
1,"TELEVISOR LED PHILIPS 32"" 32PFL3509",UNIDAD,1,0,0,1,0,0,1,GENERAL,0,0,0,0,0,1,04394,0,0
1,"TELEVISOR LG LED 24""",UNIDAD,1,0,0,1,0,0,1,GENERAL,0,0,0,0,0,1,04147,0,0
1,TENEDOR DESECHABLE,UNIDAD,1,0,0,1,0,0,1,GENERAL,0,0,0,0,0,1,3019,0,0
1,TENSO PARA CERCA ELECTRICA TEZA,UNIDAD,1,0,0,1,0,0,1,GENERAL,0,0,0,0,0,1,04964,0,0
1,TENSOR PARA CABLE DE 1/4,UNIDAD,1,0,0,1,0,0,1,GENERAL,0,0,0,0,0,1,05154,0,0
1,TENSORES DE SEGURIDAD GRANDE,UNIDAD,1,0,0,1,0,0,1,GENERAL,0,0,0,0,0,1,05179,0,0
1,TENSORES DE SEGURIDAD PEQUEÑO,UNIDAD,1,0,0,1,0,0,1,GENERAL,0,0,0,0,0,1,05180,0,0
1,TERMINAL AMARILLA  GRANDE DE TIERRA,CAJAS,1,0,0,1,0,0,1,GENERAL,0,0,0,0,0,1,0384,0,0
1,TERMINAL AZUL GRANDE DE TIERRA,CAJAS,1,0,0,1,0,0,1,GENERAL,0,0,0,0,0,1,0212,0,0
1,TERMINAL I415 REFURBISHED CON SIMCARD,UNIDAD,1,0,0,1,0,0,1,GENERAL,0,0,0,0,0,1,611,0,0
1,TERMINAL PARA CABLE THHN #6,UNIDAD,1,0,0,1,0,0,1,GENERAL,0,0,0,0,0,1,06120,0,0
1,TERMINAL PARA THHN #14,UNIDAD,1,0,0,1,0,0,1,GENERAL,0,0,0,0,0,1,06121,0,0
1,TERMINAL PLANA AZUL BOSCH,UNIDAD,1,0,0,1,0,0,1,GENERAL,0,0,0,0,0,1,03435,0,0
1,TERMINAL RCA DE ROSCA PARA CABLE,UNIDAD,1,0,0,1,0,0,1,GENERAL,0,0,0,0,0,1,0884,0,0
1,TERMINAL REDONDA MEDIANA,UNIDAD,1,0,0,1,0,0,1,GENERAL,0,0,0,0,0,1,0601,0,0
1,TERMINAL ROJA BOSCH,CAJAS,1,0,0,1,0,0,1,GENERAL,0,0,0,0,0,1,0213,0,0
1,TERMOSTATO DE UN SOLO CIRCUITO 5601P,UNIDAD,1,0,0,1,0,0,1,GENERAL,0,0,0,0,0,1,02006,0,0
1,TERMOSTATOS CON DISPLAY ADC-T2000,UNIDAD,1,0,0,1,0,0,1,GENERAL,0,0,0,0,0,1,05601,0,0
1,TESTER CERTIFICADO DE RED SEGUIDOR DE TONOS,UNIDAD,1,0,0,1,0,0,1,GENERAL,0,0,0,0,0,1,03141,0,0
1,TESTER PARA PROBAR GLASSTREK,UNIDAD,1,0,0,1,0,0,1,GENERAL,0,0,0,0,0,1,01012,0,0
1,TESTER QUEST LAN TTE 9025,UNIDAD,1,0,0,1,0,0,1,GENERAL,0,0,0,0,0,1,0393,0,0
1,TEXECOM: SHOCK SENSOR IMPAC PLUS,UNIDAD,1,0,0,1,0,0,1,GENERAL,0,0,0,0,0,1,0178,0,0
1,TF1700 CONTROL DE ACCESO POR HUELLA TARJETA Y CODI,UNIDAD,1,0,0,1,0,0,1,GENERAL,0,0,0,0,0,1,05792,0,0
1,THHN CABLE (METRO) COLORES,UNIDAD,1,0,0,1,0,0,1,GENERAL,0,0,0,0,0,1,927,0,0
1,THINER BOTELLA,UNIDAD,1,0,0,1,0,0,1,GENERAL,0,0,0,0,0,1,03768,0,0
1,THINER GALON,GALON,1,0,0,1,0,0,1,GENERAL,0,0,0,0,0,1,01151,0,0
1,TIGO: SIM CARD GSM,UNIDAD,1,0,0,1,0,0,1,GENERAL,0,0,0,0,0,1,02098,0,0
1,TIGO: TARJETA DE 25Q,UNIDAD,1,0,0,1,0,0,1,GENERAL,0,0,0,0,0,1,0588,0,0
1,TIJERA,UNIDAD,1,0,0,1,0,0,1,GENERAL,0,0,0,0,0,1,369,0,0
1,TIJERA DE AVIACION CORTE REC,UNIDAD,1,0,0,1,0,0,1,GENERAL,0,0,0,0,0,1,01056,0,0
1,TIJERA DE BOTON,UNIDAD,1,0,0,1,0,0,1,GENERAL,0,0,0,0,0,1,01142,0,0
1,TIJERA PARA CORTE DE LAMINA STANLEY,UNIDAD,1,0,0,1,0,0,1,GENERAL,0,0,0,0,0,1,03168,0,0
1,TIMBRE DIN-DON 12V VENUS,UNIDAD,1,0,0,1,0,0,1,GENERAL,0,0,0,0,0,1,03941,0,0
1,TIMBRE ZUMBADOR 12V VENUS,UNIDAD,1,0,0,1,0,0,1,GENERAL,0,0,0,0,0,1,03940,0,0
1,TIMER ALTRONIX C/ RELAY,UNIDAD,1,0,0,1,0,0,1,GENERAL,0,0,0,0,0,1,04882,0,0
1,TIMER DIGITAL 15A 120V PROGRAMABLE SEMAN,UNIDAD,1,0,0,1,0,0,1,GENERAL,0,0,0,0,0,1,01161,0,0
1,TIMER DIGITAL DE 12V,UNIDAD,1,0,0,1,0,0,1,GENERAL,0,0,0,0,0,1,05234,0,0
1,TINTA CANON 145XL NEGRO,UNIDAD,1,0,0,1,0,0,1,GENERAL,0,0,0,0,0,1,06053,0,0
1,TINTA CANON CL 146 TRICOLOR,UNIDAD,1,0,0,1,0,0,1,GENERAL,0,0,0,0,0,1,06054,0,0
1,TINTA DE ALMOHADILLA NEGRO ROLLON (GOTERO),UNIDAD,1,0,0,1,0,0,1,GENERAL,0,0,0,0,0,1,435,0,0
1,TINTA DE ALMOHADILLA ROJO ROLLON (GOTERO),UNIDAD,1,0,0,1,0,0,1,GENERAL,0,0,0,0,0,1,436,0,0
1,TINTA LITRO NEGRO P/IMPRESORA CANON GM2010,UNIDAD,1,0,0,1,0,0,1,GENERAL,0,0,0,0,0,1,771,0,0
1,TINTA PARA MARCADOR DE PIZARRA AZUL,UNIDAD,1,0,0,1,0,0,1,GENERAL,0,0,0,0,0,1,321,0,0
1,TINTA PARA MARCADOR DE PIZARRA NEGRO,UNIDAD,1,0,0,1,0,0,1,GENERAL,0,0,0,0,0,1,322,0,0
1,TINTA PARA MARCADOR DE PIZARRA ROJO,UNIDAD,1,0,0,1,0,0,1,GENERAL,0,0,0,0,0,1,323,0,0
1,TIRA LINEAS,UNIDAD,1,0,0,1,0,0,1,GENERAL,0,0,0,0,0,1,03590,0,0
1,TIRO PUNTA AMARILLA CALIBRE 22,UNIDAD,1,0,0,1,0,0,1,GENERAL,0,0,0,0,0,1,01192,0,0
1,TKP-10DP-S CANDADO KING PIN,UNIDAD,1,0,0,1,0,0,1,GENERAL,0,0,0,0,0,1,06463,0,0
1,TKP-10DP-S CANDADO KING PIN OPEN KEY-SET-MASTER,UNIDAD,1,0,0,1,0,0,1,GENERAL,0,0,0,0,0,1,06466,0,0
1,TL-10B-S CERRADURA DE ALTA RESISTENCIA,UNIDAD,1,0,0,1,0,0,1,GENERAL,0,0,0,0,0,1,06464,0,0
1,TL-10B-S CERRADURA DE ALTA RESISTENCIA OPEN KEY-SE,UNIDAD,1,0,0,1,0,0,1,GENERAL,0,0,0,0,0,1,06467,0,0
1,TL2803GLAT MDDULO DE COMUNICACION IP/GS,UNIDAD,1,0,0,1,0,0,1,GENERAL,0,0,0,0,0,1,04327,0,0
1,TL405LE-LAU COMUNICADOR DE ALARMA DE DOBLE VÍNCULO,UNIDAD,1,0,0,1,0,0,1,GENERAL,0,0,0,0,0,1,06360,0,0
1,TMC: ESTAÑO,METROS,1,0,0,1,0,0,1,GENERAL,0,0,0,0,0,1,0092,0,0
1,TMT250 EQUIPO PORTATIL GPS,UNIDAD,1,0,0,1,0,0,1,GENERAL,0,0,0,0,0,1,05426,0,0
1,TOALLA 3M,UNIDAD,1,0,0,1,0,0,1,GENERAL,0,0,0,0,0,1,759,0,0
1,TOLDO PLEGABLE,UNIDAD,1,0,0,1,0,0,1,GENERAL,0,0,0,0,0,1,852,0,0
1,TOMACCORRIENTES DOBLES C/PLACAS ROJAS,UNIDAD,1,0,0,1,0,0,1,GENERAL,0,0,0,0,0,1,03997,0,0
1,TOMACORRIENTE 2-WAVE P/PARED,UNIDAD,1,0,0,1,0,0,1,GENERAL,0,0,0,0,0,1,04461,0,0
1,TOMACORRIENTE C/DOBLES PLACAS BLANCAS,UNIDAD,1,0,0,1,0,0,1,GENERAL,0,0,0,0,0,1,03996,0,0
1,TOMACORRIENTE MICRO SMART SWICH (DEMO),UNIDAD,1,0,0,1,0,0,1,GENERAL,0,0,0,0,0,1,05203,0,0
1,TOMACORRIENTE POLARIZO PARA EMPOTRAR,UNIDAD,1,0,0,1,0,0,1,GENERAL,0,0,0,0,0,1,03517,0,0
1,TOMACORRIENTE SOBREPONER,UNIDAD,1,0,0,1,0,0,1,GENERAL,0,0,0,0,0,1,0460,0,0
1,TOMACORRIENTE SOBREPONER EVERSPRING (AN128-1),UNIDAD,1,0,0,1,0,0,1,GENERAL,0,0,0,0,0,1,05704,0,0
1,TOMACORRIENTE TRIPLE PORALIZADO,UNIDAD,1,0,0,1,0,0,1,GENERAL,0,0,0,0,0,1,04944,0,0
1,TOMACORRIENTE TWIS LOCK,UNIDAD,1,0,0,1,0,0,1,GENERAL,0,0,0,0,0,1,05828,0,0
1,TONER HP 105A PARA IMPRESORA LJ 107W,UNIDAD,1,0,0,1,0,0,1,GENERAL,0,0,0,0,0,1,06719,0,0
1,TOPS PARA CANALETA 65*105,UNIDAD,1,0,0,1,0,0,1,GENERAL,0,0,0,0,0,1,04024,0,0
1,TORNILLO  S/10,UNIDAD,1,0,0,1,0,0,1,GENERAL,0,0,0,0,0,1,03240,0,0
1,TORNILLO # 10 DE 1    1/2,UNIDAD,1,0,0,1,0,0,1,GENERAL,0,0,0,0,0,1,03033,0,0
1,"TORNILLO 1/2"" CROMADO BUSCA ROSCA",UNIDAD,1,0,0,1,0,0,1,GENERAL,0,0,0,0,0,1,03989,0,0
1,TORNILLO 3/16'' X 2'' CONICO,UNIDAD,1,0,0,1,0,0,1,GENERAL,0,0,0,0,0,1,05004,0,0
1,"TORNILLO 3/16*2"" COMPLETO",UNIDAD,1,0,0,1,0,0,1,GENERAL,0,0,0,0,0,1,03792,0,0
1,TORNILLO ABC-GIX P/MONT SECO 3.9*25,UNIDAD,1,0,0,1,0,0,1,GENERAL,0,0,0,0,0,1,03796,0,0
1,TORNILLO ACERADO #6 DE 1/2 TIPO SPAX P M,UNIDAD,1,0,0,1,0,0,1,GENERAL,0,0,0,0,0,1,02069,0,0
1,TORNILLO C/TUERCA PARA ABRAZADERA HANGER,UNIDAD,1,0,0,1,0,0,1,GENERAL,0,0,0,0,0,1,04237,0,0
1,TORNILLO CABEZA HEXAGONAL #10,UNIDAD,1,0,0,1,0,0,1,GENERAL,0,0,0,0,0,1,03349,0,0
1,"TORNILLO CON TUERCA 3/16"" * 1/2""",UNIDAD,1,0,0,1,0,0,1,GENERAL,0,0,0,0,0,1,0551,0,0
1,"TORNILLO CON TUERCA 3/16"" * 2""",UNIDAD,1,0,0,1,0,0,1,GENERAL,0,0,0,0,0,1,06197,0,0
1,TORNILLO DE  1/4*1'',UNIDAD,1,0,0,1,0,0,1,GENERAL,0,0,0,0,0,1,03338,0,0
1,"TORNILLO DE 1 1/2""",UNIDAD,1,0,0,1,0,0,1,GENERAL,0,0,0,0,0,1,04028,0,0
1,TORNILLO DE 1 PULGADA,UNIDAD,1,0,0,1,0,0,1,GENERAL,0,0,0,0,0,1,0441,0,0
1,"TORNILLO DE 1"" CABEZA REDONDA",UNIDAD,1,0,0,1,0,0,1,GENERAL,0,0,0,0,0,1,06100,0,0
1,"TORNILLO DE 1/2 "" PARA TABLAYESO",UNIDAD,1,0,0,1,0,0,1,GENERAL,0,0,0,0,0,1,0801,0,0
1,"TORNILLO DE 1/2"" PUNTA DE BROCA",UNIDAD,1,0,0,1,0,0,1,GENERAL,0,0,0,0,0,1,04019,0,0
1,TORNILLO DE 1/2X3/16,UNIDAD,1,0,0,1,0,0,1,GENERAL,0,0,0,0,0,1,06099,0,0
1,TORNILLO DE 1/4 POR 15 PULGADAS DE LARGO,UNIDAD,1,0,0,1,0,0,1,GENERAL,0,0,0,0,0,1,03224,0,0
1,"TORNILLO DE 1/4 X2""",UNIDAD,1,0,0,1,0,0,1,GENERAL,0,0,0,0,0,1,05138,0,0
1,"TORNILLO DE 10X2""",UNIDAD,1,0,0,1,0,0,1,GENERAL,0,0,0,0,0,1,03196,0,0
1,TORNILLO DE 2  1/2,UNIDAD,1,0,0,1,0,0,1,GENERAL,0,0,0,0,0,1,03316,0,0
1,TORNILLO DE 3/16*3/4,UNIDAD,1,0,0,1,0,0,1,GENERAL,0,0,0,0,0,1,03270,0,0
1,TORNILLO DE 5 PULGADAS,UNIDAD,1,0,0,1,0,0,1,GENERAL,0,0,0,0,0,1,03313,0,0
1,TORNILLO DE 8*3/4,UNIDAD,1,0,0,1,0,0,1,GENERAL,0,0,0,0,0,1,0758,0,0
1,"TORNILLO GALVANIZADO 1""",UNIDAD,1,0,0,1,0,0,1,GENERAL,0,0,0,0,0,1,03973,0,0
1,"TORNILLO GALVANIZADO DE 1/2""",UNIDAD,1,0,0,1,0,0,1,GENERAL,0,0,0,0,0,1,04008,0,0
1,"TORNILLO HEX. R.ORD.GALV.3/8 X 2 1/2""G-5",UNIDAD,1,0,0,1,0,0,1,GENERAL,0,0,0,0,0,1,04353,0,0
1,"TORNILLO HEXAGONAL COMPLETO 1/2*2""*4",UNIDAD,1,0,0,1,0,0,1,GENERAL,0,0,0,0,0,1,03895,0,0
1,TORNILLO HEXAGONAL DE 2 PULGADAS,UNIDAD,1,0,0,1,0,0,1,GENERAL,0,0,0,0,0,1,05018,0,0
1,"TORNILLO HEXAGONAL ORDINARIO 3/8""*3/4""",UNIDAD,1,0,0,1,0,0,1,GENERAL,0,0,0,0,0,1,03780,0,0
1,TORNILLO HILTY 3/8 X 3 PULGADAS,UNIDAD,1,0,0,1,0,0,1,GENERAL,0,0,0,0,0,1,0538,0,0
1,"TORNILLO P/TABLAYESO ORDINARIO 8 X 1""",UNIDAD,1,0,0,1,0,0,1,GENERAL,0,0,0,0,0,1,03893,0,0
1,TORNILLO PARA  MADERA DE 1/4*1 1/2,UNIDAD,1,0,0,1,0,0,1,GENERAL,0,0,0,0,0,1,03655,0,0
1,TORNILLO PARA ESTUFA 1/8 * 1 TUERCA,UNIDAD,1,0,0,1,0,0,1,GENERAL,0,0,0,0,0,1,0520,0,0
1,TORNILLO PARA LAMINA # 8 DE  1 1/4,UNIDAD,1,0,0,1,0,0,1,GENERAL,0,0,0,0,0,1,0613,0,0
1,"TORNILLO PARA LAMINA #8 DE 1 1/2""",UNIDAD,1,0,0,1,0,0,1,GENERAL,0,0,0,0,0,1,03819,0,0
1,"TORNILLO PARA LAMINA #8 DE 1""",UNIDAD,1,0,0,1,0,0,1,GENERAL,0,0,0,0,0,1,0485,0,0
1,TORNILLO PARA LAMINA #8 DE 1/2,UNIDAD,1,0,0,1,0,0,1,GENERAL,0,0,0,0,0,1,03176,0,0
1,TORNILLO PARA LAMINA 3/4 CABEZA PLANA,UNIDAD,1,0,0,1,0,0,1,GENERAL,0,0,0,0,0,1,03284,0,0
1,TORNILLO PARA LAMINA DE 1/4 * 2,UNIDAD,1,0,0,1,0,0,1,GENERAL,0,0,0,0,0,1,03330,0,0
1,TORNILLO PARA MADERA #8 DE 1  1/2,UNIDAD,1,0,0,1,0,0,1,GENERAL,0,0,0,0,0,1,03181,0,0
1,"TORNILLO PUNTA DE BROCA 2""",UNIDAD,1,0,0,1,0,0,1,GENERAL,0,0,0,0,0,1,05085,0,0
1,TORNILLO PUNTA DE BROCA 3/4    R/ 3/8,UNIDAD,1,0,0,1,0,0,1,GENERAL,0,0,0,0,0,1,04795,0,0
1,TORNILLO PUNTA DE BROCA 5/16,UNIDAD,1,0,0,1,0,0,1,GENERAL,0,0,0,0,0,1,0800,0,0
1,TORNILLO PUNTA DE BROCA DE 1,UNIDAD,1,0,0,1,0,0,1,GENERAL,0,0,0,0,0,1,03599,0,0
1,TORNILLO PUNTA DE BROCA DE 1  1/2,UNIDAD,1,0,0,1,0,0,1,GENERAL,0,0,0,0,0,1,03261,0,0
1,TORNILLO PUNTA DE BROCA DE 1/2,UNIDAD,1,0,0,1,0,0,1,GENERAL,0,0,0,0,0,1,03209,0,0
1,TORNILLO S/8,UNIDAD,1,0,0,1,0,0,1,GENERAL,0,0,0,0,0,1,04228,0,0
1,TORNILLO S10,UNIDAD,1,0,0,1,0,0,1,GENERAL,0,0,0,0,0,1,03199,0,0
1,TORNILLO S6,UNIDAD,1,0,0,1,0,0,1,GENERAL,0,0,0,0,0,1,04626,0,0
1,TORNILLO S-6,UNIDAD,1,0,0,1,0,0,1,GENERAL,0,0,0,0,0,1,04202,0,0
1,TORNILLO TABLAYESO  1 1/2,UNIDAD,1,0,0,1,0,0,1,GENERAL,0,0,0,0,0,1,01148,0,0
1,"TORNILLO TABLAYESO 3""",UNIDAD,1,0,0,1,0,0,1,GENERAL,0,0,0,0,0,1,03751,0,0
1,TORNILLO TABLAYESO DE 2 PULGADAS,UNIDAD,1,0,0,1,0,0,1,GENERAL,0,0,0,0,0,1,0493,0,0
1,TORNILLO Y ROSCA PARA RACK DE REDES,UNIDAD,1,0,0,1,0,0,1,GENERAL,0,0,0,0,0,1,06576,0,0
1,TORNILLOS,UNI,2,1,0,1,0,0,0,GENERAL,0,0,0,0,0,1,TOR001,0,0
1,TORNILLOS 8X 1 1/2,UNIDAD,1,0,0,1,0,0,1,GENERAL,0,0,0,0,0,1,0216,0,0
1,TORNILLOS DE LÁMINA 10X1/2,UNIDAD,1,0,0,1,0,0,1,GENERAL,0,0,0,0,0,1,03068,0,0
1,TORNILLOS PARA ARCHIVAR OFICIO,UNIDAD,1,0,0,1,0,0,1,GENERAL,0,0,0,0,0,1,457,0,0
1,TORNILLOS POLSER 1 1/2 CON CABEZA EXAGONAL,UNIDAD,1,0,0,1,0,0,1,GENERAL,0,0,0,0,0,1,05441,0,0
1,"TORNILLOS POLSER DE 2X1/4"" CABEZA EXAGONAL",UNIDAD,1,0,0,1,0,0,1,GENERAL,0,0,0,0,0,1,04976,0,0
1,"TORNILO DE 1/4"" * 3""",UNIDAD,1,0,0,1,0,0,1,GENERAL,0,0,0,0,0,1,04047,0,0
1,TORNIQUETE DE ALTURA COMPLETA TURNLOCK-100ES2,UNIDAD,1,0,0,1,0,0,1,GENERAL,0,0,0,0,0,1,04983,0,0
1,TORNIQUETE INDUSTRIAL EN ACERO PARA LECTORA,UNIDAD,1,0,0,1,0,0,1,GENERAL,0,0,0,0,0,1,04799,0,0
1,TORRE CD-R MAXEL 700 SPINDLE CUBO DE 50U,UNIDAD,1,0,0,1,0,0,1,GENERAL,0,0,0,0,0,1,692,0,0
1,TORRE DE CDS 100 UNIDADES,TORRE,1,0,0,1,0,0,1,GENERAL,0,0,0,0,0,1,466,0,0
1,TORRE DE DVDS 50 UNIDADES,TORRE,1,0,0,1,0,0,1,GENERAL,0,0,0,0,0,1,455,0,0
1,TORRE DVD-NASHUA IMPRIMIBLE 100/U.,UNIDAD,1,0,0,1,0,0,1,GENERAL,0,0,0,0,0,1,693,0,0
1,TOSHIBA: CAMARA TOSHIBA COLOR,UNIDAD,1,0,0,1,0,0,1,GENERAL,0,0,0,0,0,1,0040,0,0
1,TOSHIBA: PORTATIL C845-SP4221,UNIDAD,1,0,0,1,0,0,1,GENERAL,0,0,0,0,0,1,626,0,0
1,TOUCHSCREEN DEADBOLT Z-WAVE YRLD220ZW0BPKWKD,UNIDAD,1,0,0,1,0,0,1,GENERAL,0,0,0,0,0,1,04634,0,0
1,TOUCHSCREEN DEADBOLT Z-WAVE YRLD220ZW619KWKD,UNIDAD,1,0,0,1,0,0,1,GENERAL,0,0,0,0,0,1,04636,0,0
1,TP-LINK TAPO C310 CAMARA DE SEGURIDAD WIFI PARA EX,UNIDAD,1,0,0,1,0,0,1,GENERAL,0,0,0,0,0,1,06264,0,0
1,TP-LINK TL-SF1008D SWITCH DE ESCRITORIO 8 PUERTOS,UNIDAD,1,0,0,1,0,0,1,GENERAL,0,0,0,0,0,1,06577,0,0
1,"TP-LINK TL-SF1016DS 16 PORT 10/100 SWITCH, 16 10/",UNIDAD,1,0,0,1,0,0,1,GENERAL,0,0,0,0,0,1,06505,0,0
1,TR1640P/UL TRANSFORMER KT-300,UNIDAD,1,0,0,1,0,0,1,GENERAL,0,0,0,0,0,1,05367,0,0
1,TRAJE COMPLETO DE PROTECCION BLANCA CON CAPUCHA,UNIDAD,1,0,0,1,0,0,1,GENERAL,0,0,0,0,0,1,05692,0,0
1,TRAJE DE MOTORISTA IMPERMEABLE TALLA L,UNIDAD,1,0,0,1,0,0,1,GENERAL,0,0,0,0,0,1,69,0,0
1,TRAJE DE MOTORISTA IMPERMEABLE TALLA M,UNIDAD,1,0,0,1,0,0,1,GENERAL,0,0,0,0,0,1,68,0,0
1,TRAJE DE MOTORISTA IMPERMEABLE XL,UNIDAD,1,0,0,1,0,0,1,GENERAL,0,0,0,0,0,1,70,0,0
1,TRAJE IMPERMEABLE PARA MOTORISTA XXL,UNIDAD,1,0,0,1,0,0,1,GENERAL,0,0,0,0,0,1,05159,0,0
1,"TRAJE MOTORISTA CICLON ENGUATADO ""L""",UNIDAD,1,0,0,1,0,0,1,GENERAL,0,0,0,0,0,1,791,0,0
1,"TRAJE MOTORISTA CICLON ENGUATADO ""M""",UNIDAD,1,0,0,1,0,0,1,GENERAL,0,0,0,0,0,1,792,0,0
1,TRAJE PARA MOTORISTA IMPERMEABLE S,UNIDAD,1,0,0,1,0,0,1,GENERAL,0,0,0,0,0,1,05137,0,0
1,TRAMITE,UNIDAD,1,0,0,1,0,0,1,GENERAL,0,0,0,0,0,1,0664,0,0
1,TRAMITES DE VEHICULOS ADMINISTRATIVO,,3,0,0,0,0,0,0,GENERAL,0,0,0,0,0,1,SRV0223,0,0
1,TRAMITES DE VEHICULOS DIRECTO,,3,0,0,0,0,0,0,GENERAL,0,0,0,0,0,1,SRV0221,0,0
1,TRAMITES DE VEHICULOS INDIRECTO,,3,0,0,0,0,0,0,GENERAL,0,0,0,0,0,1,SRV0222,0,0
1,TRAMITES DIGECAM DIRECTO,,3,0,0,0,0,0,0,GENERAL,0,0,0,0,0,1,SRV0200,0,0
1,TRANFORMADOR PARA TECLADO ALFA NUMERICO HS2LCD,UNIDAD,1,0,0,1,0,0,1,GENERAL,0,0,0,0,0,1,05024,0,0
1,TRANS/RECEPTOR PASIVO 300 MTS UTP CAT5,UNIDAD,1,0,0,1,0,0,1,GENERAL,0,0,0,0,0,1,0657,0,0
1,TRANS/RECEPTOR PASIVO 400MTS UTP CAT5,UNIDAD,1,0,0,1,0,0,1,GENERAL,0,0,0,0,0,1,0492,0,0
1,TRANS-150  TRANSFORM-110V/18 - 150/VA,UNIDAD,1,0,0,1,0,0,1,GENERAL,0,0,0,0,0,1,02074,0,0
1,TRANSFORMADOR 12 VOLTIOS 2 AMPERIOS,UNIDAD,1,0,0,1,0,0,1,GENERAL,0,0,0,0,0,1,05793,0,0
1,TRANSFORMADOR 12V/2 AMPERIOS,UNIDAD,1,0,0,1,0,0,1,GENERAL,0,0,0,0,0,1,TRANS 12 VCD,0,0
1,TRANSFORMADOR 12V/3 PX-12V3A,UNIDAD,1,0,0,1,0,0,1,GENERAL,0,0,0,0,0,1,06172,0,0
1,TRANSFORMADOR 1361 HONEYWELL 16V/40VA,UNIDAD,1,0,0,1,0,0,1,GENERAL,0,0,0,0,0,1,05840,0,0
1,TRANSFORMADOR 16/40 RE,UNIDAD,1,0,0,1,0,0,1,GENERAL,0,0,0,0,0,1,2005,0,0
1,TRANSFORMADOR 16/45 RE,UNIDAD,1,0,0,1,0,0,1,GENERAL,0,0,0,0,0,1,2015,0,0
1,TRANSFORMADOR 24 VDC PARA FSF AB SUPREMA,UNIDAD,1,0,0,1,0,0,1,GENERAL,0,0,0,0,0,1,05782,0,0
1,TRANSFORMADOR 24 VOLTIOS 1.2 AMP,UNIDAD,1,0,0,1,0,0,1,GENERAL,0,0,0,0,0,1,0217,0,0
1,TRANSFORMADOR 24V/3A (PARA CTROL CDVI),UNIDAD,1,0,0,1,0,0,1,GENERAL,0,0,0,0,0,1,0716,0,0
1,TRANSFORMADOR 4 PINES 12V 1.5 A COMPATIBLE DVR-TVI,UNIDAD,1,0,0,1,0,0,1,GENERAL,0,0,0,0,0,1,0941,0,0
1,TRANSFORMADOR 4A 6/12/24 VDC AFFLHPS5,UNIDAD,1,0,0,1,0,0,1,GENERAL,0,0,0,0,0,1,04061,0,0
1,TRANSFORMADOR 5 VOLTIOS 1 AMPERIO,UNIDAD,1,0,0,1,0,0,1,GENERAL,0,0,0,0,0,1,06096,0,0
1,TRANSFORMADOR 6VCD PARA K32,UNIDAD,1,0,0,1,0,0,1,GENERAL,0,0,0,0,0,1,03420,0,0
1,TRANSFORMADOR 9V PARA EQUIPO SIMON RE,UNIDAD,1,0,0,1,0,0,1,GENERAL,0,0,0,0,0,1,4688,0,0
1,TRANSFORMADOR AC 120 V 60 HZ,UNIDAD,1,0,0,1,0,0,1,GENERAL,0,0,0,0,0,1,03525,0,0
1,TRANSFORMADOR DE 12 VOLTIOS DC 3 AMPERIO,UNIDAD,1,0,0,1,0,0,1,GENERAL,0,0,0,0,0,1,03836,0,0
1,TRANSFORMADOR DE 12V 5 AMPERIOS ENFORCER,UNIDAD,1,0,0,1,0,0,1,GENERAL,0,0,0,0,0,1,05471,0,0
1,TRANSFORMADOR DE 24-28AC/180W,UNIDAD,1,0,0,1,0,0,1,GENERAL,0,0,0,0,0,1,03414,0,0
1,TRANSFORMADOR DE 9 V 25VA INTERLOGIX,UNIDAD,1,0,0,1,0,0,1,GENERAL,0,0,0,0,0,1,04564,0,0
1,TRANSFORMADOR DE 9 V. P/EQUIPO INAL,UNIDAD,1,0,0,1,0,0,1,GENERAL,0,0,0,0,0,1,0221,0,0
1,TRANSFORMADOR HONEYWELL 16/25 RE,UNIDAD,1,0,0,1,0,0,1,GENERAL,0,0,0,0,0,1,2013,0,0
1,TRANSFORMADOR HS2LCDWF9 + BASE,UNIDAD,1,0,0,1,0,0,1,GENERAL,0,0,0,0,0,1,05397,0,0
1,TRANSFORMADOR MULTINODE 5000-0358-A,UNIDAD,1,0,0,1,0,0,1,GENERAL,0,0,0,0,0,1,0706,0,0
1,TRANSFORMADOR P/CAMARA 12 VOLTIOS 500 AMP AC ADAPATADOR POWER SUPLLY,UNIDAD,1,0,0,1,0,0,1,GENERAL,0,0,0,0,0,1,0373,0,0
1,TRANSFORMADOR PA7 7.5VDC OUTPUT MAGELLAN,UNIDAD,1,0,0,1,0,0,1,GENERAL,0,0,0,0,0,1,04417,0,0
1,TRANSFORMADOR PARA DVR 4CH RE,UNIDAD,1,0,0,1,0,0,1,GENERAL,0,0,0,0,0,1,04617,0,0
1,TRANSFORMADOR PARA LYNXR,UNIDAD,1,0,0,1,0,0,1,GENERAL,0,0,0,0,0,1,0659,0,0
1,"TRANSFORMADOR PW5KENC3,GABINETE Y FUENTE",UNIDAD,1,0,0,1,0,0,1,GENERAL,0,0,0,0,0,1,05925,0,0
1,TRANSFORMADOR RE EPCOM PARA CAMARA,UNIDAD,1,0,0,1,0,0,1,GENERAL,0,0,0,0,0,1,06028,0,0
1,TRANSFORMADOR ST1240,UNIDAD,1,0,0,1,0,0,1,GENERAL,0,0,0,0,0,1,03189,0,0
1,TRANSFORMADOR T24AC-3AMP PTZ,UNIDAD,1,0,0,1,0,0,1,GENERAL,0,0,0,0,0,1,05836,0,0
1,TRANSFORMADOR TEXTO+ANTENA GSM200 3.14 A,UNIDAD,1,0,0,1,0,0,1,GENERAL,0,0,0,0,0,1,04149,0,0
1,TRANSISTOR 2SD1414,UNIDAD,1,0,0,1,0,0,1,GENERAL,0,0,0,0,0,1,0986,0,0
1,TRANSMISOR 1-CH RF SK-919TD1S-UP,UNIDAD,1,0,0,1,0,0,1,GENERAL,0,0,0,0,0,1,04271,0,0
1,TRANSMISOR INALAMBRICO 5817,UNIDAD,1,0,0,1,0,0,1,GENERAL,0,0,0,0,0,1,01195,0,0
1,TRANSMISOR INALAMBRICO HSM2HOST9,UNIDAD,1,0,0,1,0,0,1,GENERAL,0,0,0,0,0,1,04298,0,0
1,TRANSMISOR INALAMBRICO REM-15,UNIDAD,1,0,0,1,0,0,1,GENERAL,0,0,0,0,0,1,03541,0,0
1,TRANSPONDER DE 2 ZONAS T-4190W,UNIDAD,1,0,0,1,0,0,1,GENERAL,0,0,0,0,0,1,03888,0,0
1,TRANSPONDER DE DOS ZONAS 4193SN,UNIDAD,1,0,0,1,0,0,1,GENERAL,0,0,0,0,0,1,0734,0,0
1,TRANSPORTE DE PERSONAL DIRECTO,,3,0,0,0,0,0,0,GENERAL,0,0,0,0,0,1,SRV0305,0,0
1,TRANSPORTE Y EXTRAS,UNIDAD,1,0,0,1,0,0,1,GENERAL,0,0,0,0,0,1,CAR Y EXT,0,0
1,TRASLADO BOTON PANICO (DESMONTAJE Y MONTAJE) AREA METROPOLITANA,,3,0,0,1,0,0,0,GENERAL,0,0,0,0,0,1,TRAS04,0,0
1,TRASLADO CONTACTO MAGNETICO (DESMONTAJE Y MONTAJE) AREA METROPOLITANA,,3,0,0,1,0,0,0,GENERAL,0,0,0,0,0,1,TRAS03,0,0
1,TRASLADO DETECTOR MOVIMIENTO EXTERIOR (DESMONTAJE Y MONTAJE) AREA METROPOLITANA,,3,0,0,1,0,0,0,GENERAL,0,0,0,0,0,1,TRAS06,0,0
1,TRASLADO DETECTOR MOVIMIENTO INTERIOR (DESMONTAJE Y MONTAJE) AREA METROPOLITANA,,3,0,0,1,0,0,0,GENERAL,0,0,0,0,0,1,TRAS02,0,0
1,TRASLADO KIT BASICO (DESMONTAJE Y MONTAJE) AREA METROPOLITAN,SRV,3,0,0,1,0,0,99,GENERAL,0,1,0,0,0,1,TRAS01,0,0
1,TRASLADO SIRENA EXTERIOR (DESMONTAJE Y MONTAJE) AREA METROPOLITANA,,3,0,0,1,0,0,0,GENERAL,0,0,0,0,0,1,TRAS07,0,0
1,TRASLADO SIRENA INTERIOR (DESMONTAJE Y MONTAJE) AREA METROPOLITANA,,3,0,0,1,0,0,0,GENERAL,0,0,0,0,0,1,TRAS05,0,0
1,TRASLADO TECNICOS GPS,SRV,3,0,0,0,0,0,2,GENERAL,0,0,0,0,0,1,MOBRA09,0,0
1,TRIANGULO REFLECTIVO PARA VEHICULO,UNIDAD,1,0,0,1,0,0,1,GENERAL,0,0,0,0,0,1,06094,0,0
1,TRICKET DE LAGARTO DE 2 TON. JACK,UNIDAD,1,0,0,1,0,0,1,GENERAL,0,0,0,0,0,1,833,0,0
1,TRIFOLIARES DE SAFE HOME,UNIDAD,1,0,0,1,0,0,1,GENERAL,0,0,0,0,0,1,05741,0,0
1,TRIPOD TURNSTILE WITH AISI 304 STAINLES,UNIDAD,1,0,0,1,0,0,1,GENERAL,0,0,0,0,0,1,0679,0,0
1,TROCKET,UNIDAD,1,0,0,1,0,0,1,GENERAL,0,0,0,0,0,1,01030,0,0
1,TRUPER: BOLSA P/CINTURA CUERO 11 COMPARTIM.P/HER,UNIDAD,1,0,0,1,0,0,1,GENERAL,0,0,0,0,0,1,720,0,0
1,TRUPER: CAUTIN 60W,UNIDAD,1,0,0,1,0,0,1,GENERAL,0,0,0,0,0,1,0535,0,0
1,TRUPER: GUANTE P/MECANICO T#L NEGRO NITRILO 1329,UNIDAD,1,0,0,1,0,0,1,GENERAL,0,0,0,0,0,1,714,0,0
1,TRUPER: LINTERNA PLASTICA P/FTE.CASCO RECARGABLE,UNIDAD,1,0,0,1,0,0,1,GENERAL,0,0,0,0,0,1,722,0,0
1,"TRUPER: MALETA PORTAHERRAMIENTA DE 16""",UNIDAD,1,0,0,1,0,0,1,GENERAL,0,0,0,0,0,1,03298,0,0
1,TRUPER: TESTER,UNIDAD,1,0,0,1,0,0,1,GENERAL,0,0,0,0,0,1,730,0,0
1,TRUPER: TESTER DIGITAL PROFESIONAL CD 200 MV-100,UNIDAD,1,0,0,1,0,0,1,GENERAL,0,0,0,0,0,1,0536,0,0
1,TRUVISION DVR 15 HD HYBRID 3-5 MPXHD 4CHANNELS 1TB,UNIDAD,1,0,0,1,0,0,1,GENERAL,0,0,0,0,0,1,05620,0,0
1,T-SHIRT GRIS CON LOGO G4S,UNIDAD,1,0,0,1,0,0,1,GENERAL,0,0,0,0,0,1,484,0,0
1,TSMDE19R-575W PANEL DE 575 WATTS,UNIDAD,1,0,0,1,0,0,1,GENERAL,0,0,0,0,0,1,06415,0,0
1,"TUBO  EMT  1  1/2"" *3MT",UNIDAD,1,0,0,1,0,0,1,GENERAL,0,0,0,0,0,1,02016,0,0
1,TUBO BLANCO 6MTS DE LARGO * 4 PULG DE DIAMETRO,UNIDAD,1,0,0,1,0,0,1,GENERAL,0,0,0,0,0,1,05846,0,0
1,TUBO BX 1 1/4,UNIDAD,1,0,0,1,0,0,1,GENERAL,0,0,0,0,0,1,03124,0,0
1,"TUBO BX 1/4""",UNIDAD,1,0,0,1,0,0,1,GENERAL,0,0,0,0,0,1,03974,0,0
1,"TUBO BX 3/8""",UNIDAD,1,0,0,1,0,0,1,GENERAL,0,0,0,0,0,1,03972,0,0
1,TUBO BX DE   1  1/2,METROS,1,0,0,1,0,0,1,GENERAL,0,0,0,0,0,1,03204,0,0
1,"TUBO BX DE 1""",METROS,1,0,0,1,0,0,1,GENERAL,0,0,0,0,0,1,03557,0,0
1,TUBO BX DE 1/2,METROS,1,0,0,1,0,0,1,GENERAL,0,0,0,0,0,1,01067,0,0
1,"TUBO BX DE 2""",METROS,1,0,0,1,0,0,1,GENERAL,0,0,0,0,0,1,03407,0,0
1,TUBO BX DE 3/4,METRO,1,0,0,1,0,0,1,GENERAL,0,0,0,0,0,1,0915,0,0
1,"TUBO BX LT 1 1/4""",UNIDAD,1,0,0,1,0,0,1,GENERAL,0,0,0,0,0,1,03658,0,0
1,"TUBO BX LT 1""",UNIDAD,1,0,0,1,0,0,1,GENERAL,0,0,0,0,0,1,04199,0,0
1,"TUBO BX LT 3/4""",UNIDAD,1,0,0,1,0,0,1,GENERAL,0,0,0,0,0,1,03659,0,0
1,TUBO BX LT DE 1/2,UNIDAD,1,0,0,1,0,0,1,GENERAL,0,0,0,0,0,1,03484,0,0
1,"TUBO BX P/INTERPERIE 3/4""",UNIDAD,1,0,0,1,0,0,1,GENERAL,0,0,0,0,0,1,03621,0,0
1,"TUBO BX PARA EXTERIOR DE 1""",METROS,1,0,0,1,0,0,1,GENERAL,0,0,0,0,0,1,03593,0,0
1,TUBO BX PARA EXTERIOR DE 1/2,METRO,1,0,0,1,0,0,1,GENERAL,0,0,0,0,0,1,03594,0,0
1,"TUBO CONDUIT GALVANIZADO DE 1"" *3MTS",UNIDAD,1,0,0,1,0,0,1,GENERAL,0,0,0,0,0,1,03915,0,0
1,"TUBO DUCTO 1""  X 3MT",UNIDAD,1,0,0,1,0,0,1,GENERAL,0,0,0,0,0,1,0693,0,0
1,TUBO DUCTO 3/4 * 3MT,UNIDAD,1,0,0,1,0,0,1,GENERAL,0,0,0,0,0,1,0691,0,0
1,TUBO DUCTON DE  1  1/4 X 3MT,UNIDAD,1,0,0,1,0,0,1,GENERAL,0,0,0,0,0,1,0772,0,0
1,"TUBO DUCTON DE 1/2"" * 3 MT",UNIDAD,1,0,0,1,0,0,1,GENERAL,0,0,0,0,0,1,01131,0,0
1,TUBO DUCTON DE 3/4,UNIDAD,1,0,0,1,0,0,1,GENERAL,0,0,0,0,0,1,0747,0,0
1,"TUBO EMT 1 1/4""",UNIDAD,1,0,0,1,0,0,1,GENERAL,0,0,0,0,0,1,03724,0,0
1,"TUBO EMT 1"" 3MT",UNIDAD,1,0,0,1,0,0,1,GENERAL,0,0,0,0,0,1,03067,0,0
1,TUBO EMT 1¨ COLOR AZUL,UNIDAD,1,0,0,1,0,0,1,GENERAL,0,0,0,0,0,1,05443,0,0
1,TUBO EMT 2 PULGADAS,UNIDAD,1,0,0,1,0,0,1,GENERAL,0,0,0,0,0,1,05890,0,0
1,TUBO EMT 3/4 *3 MT IMPORTADO,UNIDAD,1,0,0,1,0,0,1,GENERAL,0,0,0,0,0,1,01065,0,0
1,TUBO EMT 3/4*3 MTS  IMPORTADO UL,UNIDAD,1,0,0,1,0,0,1,GENERAL,0,0,0,0,0,1,06232,0,0
1,TUBO EMT DE 1/2,UNIDAD,1,0,0,1,0,0,1,GENERAL,0,0,0,0,0,1,03575,0,0
1,TUBO FLUORESCENTE U FT832LB,UNIDAD,1,0,0,1,0,0,1,GENERAL,0,0,0,0,0,1,761,0,0
1,"TUBO GALVANIZADO 2""",UNIDAD,1,0,0,1,0,0,1,GENERAL,0,0,0,0,0,1,03787,0,0
1,TUBO GALVANIZADO DE 3/4,UNIDAD,1,0,0,1,0,0,1,GENERAL,0,0,0,0,0,1,03244,0,0
1,TUBO HG DE 1 CON ROSCA,UNIDAD,1,0,0,1,0,0,1,GENERAL,0,0,0,0,0,1,03231,0,0
1,"TUBO HG DE 3"" CON ROSCA",UNIDAD,1,0,0,1,0,0,1,GENERAL,0,0,0,0,0,1,04230,0,0
1,TUBO HG DE 3/4,UNIDAD,1,0,0,1,0,0,1,GENERAL,0,0,0,0,0,1,06166,0,0
1,"TUBO LED 8W DL 24"" LUXLITE TF142",UNIDAD,1,0,0,1,0,0,1,GENERAL,0,0,0,0,0,1,03889,0,0
1,"TUBO LT DE 1""",UNIDAD,1,0,0,1,0,0,1,GENERAL,0,0,0,0,0,1,03581,0,0
1,"TUBO LT DE 2""",UNIDAD,1,0,0,1,0,0,1,GENERAL,0,0,0,0,0,1,03788,0,0
1,TUBO LT DE 3/4,UNIDAD,1,0,0,1,0,0,1,GENERAL,0,0,0,0,0,1,01087,0,0
1,TUBO METALICO DE 1 1/2,UNIDAD,1,0,0,1,0,0,1,GENERAL,0,0,0,0,0,1,03638,0,0
1,TUBO NEON 40 WATTS,UNIDAD,1,0,0,1,0,0,1,GENERAL,0,0,0,0,0,1,700,0,0
1,TUBO NEON DE 1*32 LUMINOSO P/LAMPARA,UNIDAD,1,0,0,1,0,0,1,GENERAL,0,0,0,0,0,1,04076,0,0
1,"TUBO PVC  BLANCO 3""",UNIDAD,1,0,0,1,0,0,1,GENERAL,0,0,0,0,0,1,01189,0,0
1,TUBO PVC DE 1 1/2,UNIDAD,1,0,0,1,0,0,1,GENERAL,0,0,0,0,0,1,0750,0,0
1,TUBO PVC GRIS  1/2 *3 MT TUBOFORT/DURMAN,UNIDAD,1,0,0,1,0,0,1,GENERAL,0,0,0,0,0,1,01015,0,0
1,TUBO PVC GRIS 1 1/2,UNIDAD,1,0,0,1,0,0,1,GENERAL,0,0,0,0,0,1,0607,0,0
1,TUBO PVC GRIS 1 1/4,UNIDAD,1,0,0,1,0,0,1,GENERAL,0,0,0,0,0,1,606,0,0
1,TUBO PVC GRIS 2*3MT,UNIDAD,1,0,0,1,0,0,1,GENERAL,0,0,0,0,0,1,0980,0,0
1,TUBO PVC GRIS 3/4  X 3MT,UNIDAD,1,0,0,1,0,0,1,GENERAL,0,0,0,0,0,1,0447,0,0
1,"TUBO PVC GRIS DE 1 "" X 3M",UNIDAD,1,0,0,1,0,0,1,GENERAL,0,0,0,0,0,1,0731,0,0
1,TUERCA 1/4 PARA TORNILLO DE 15 PULGADAS,UNIDAD,1,0,0,1,0,0,1,GENERAL,0,0,0,0,0,1,03226,0,0
1,"TUERCA 1/4""",UNIDAD,1,0,0,1,0,0,1,GENERAL,0,0,0,0,0,1,03664,0,0
1,TUERCA CONDUIT 1,UNIDAD,1,0,0,1,0,0,1,GENERAL,0,0,0,0,0,1,0842,0,0
1,"TUERCA DE 1/4""",UNIDAD,1,0,0,1,0,0,1,GENERAL,0,0,0,0,0,1,04048,0,0
1,TUERCA GALVANIZADA  UNICANAL DE 3/8,UNIDAD,1,0,0,1,0,0,1,GENERAL,0,0,0,0,0,1,02014,0,0
1,TUERCA GALVANIZADA UNICANAL DE 3/16,UNIDAD,1,0,0,1,0,0,1,GENERAL,0,0,0,0,0,1,02051,0,0
1,TUERCA HEXAGONAL 3/16,UNIDAD,1,0,0,1,0,0,1,GENERAL,0,0,0,0,0,1,03271,0,0
1,"TUERCAS DE 1/2""",UNIDAD,1,0,0,1,0,0,1,GENERAL,0,0,0,0,0,1,04235,0,0
1,"TUERCAS DE 3/8""",UNIDAD,1,0,0,1,0,0,1,GENERAL,0,0,0,0,0,1,04017,0,0
1,TUNLOCK-100ES2,UNIDAD,1,0,0,1,0,0,1,GENERAL,0,0,0,0,0,1,06179,0,0
1,TURCA DE 1/4,UNIDAD,1,0,0,1,0,0,1,GENERAL,0,0,0,0,0,1,05139,0,0
1,"TV DE 22"" LCD MARCA LG",UNIDAD,1,0,0,1,0,0,1,GENERAL,0,0,0,0,0,1,33,0,0
1,TVC-BIR6-HR  CAMARA BULLET 650TVL,UNIDAD,1,0,0,1,0,0,1,GENERAL,0,0,0,0,0,1,03531,0,0
1,TVR-1104C-500,UNIDAD,1,0,0,1,0,0,1,GENERAL,0,0,0,0,0,1,03534,0,0
1,TVR-1108-1T DVR 8CH 1TB,UNIDAD,1,0,0,1,0,0,1,GENERAL,0,0,0,0,0,1,03532,0,0
1,TVR-1116-2T DVR 16CH  2TB,UNIDAD,1,0,0,1,0,0,1,GENERAL,0,0,0,0,0,1,03533,0,0
1,TVR-1504CHD-1T,UNIDAD,1,0,0,1,0,0,1,GENERAL,0,0,0,0,0,1,06220,0,0
1,UB1270 BATERIA RECARGABLE 12V/ 7A,UNIDAD,1,0,0,1,0,0,1,GENERAL,0,0,0,0,0,1,05770,0,0
1,UB-ETH-SP-G2 PROTECTOR DE RED POE,UNIDAD,1,0,0,1,0,0,1,GENERAL,0,0,0,0,0,1,06541,0,0
1,UBIQUITI LBE-5AC-GEN2-US ANTENA MIMO DE ALTA GANAN,UNIDAD,1,0,0,1,0,0,1,GENERAL,0,0,0,0,0,1,06345,0,0
1,UBQ008 UBIQUITI NSM5 PUNTO DE ACCESO NANOSTATION,UNIDAD,1,0,0,1,0,0,1,GENERAL,0,0,0,0,0,1,05746,0,0
1,UHF1-STICKERS ULTRA ALTA FRECUENCIA DE LARGO ALCAN,UNIDAD,1,0,0,1,0,0,1,GENERAL,0,0,0,0,0,1,05594,0,0
1,UNIDAD DE ESTADO SÓLIDO NV2 1 TB.,UNIDAD,1,0,0,1,0,0,1,GENERAL,0,0,0,0,0,1,2084,0,0
1,UNIDAD SENTRY,UNIDAD,1,0,0,1,0,0,1,GENERAL,0,0,0,0,0,1,03116,0,0
1,UNIFOLEARES,UNIDAD,1,0,0,1,0,0,1,GENERAL,0,0,0,0,0,1,504,0,0
1,UNION  TELEFONICA,UNIDAD,1,0,0,1,0,0,1,GENERAL,0,0,0,0,0,1,03361,0,0
1,UNION BNC P/RG59,UNIDAD,1,0,0,1,0,0,1,GENERAL,0,0,0,0,0,1,0462,0,0
1,UNION BNC TIPO T,UNIDAD,1,0,0,1,0,0,1,GENERAL,0,0,0,0,0,1,03765,0,0
1,UNION DE TUBO GALVANIZADO CON TUERCA 3/4,UNIDAD,1,0,0,1,0,0,1,GENERAL,0,0,0,0,0,1,03245,0,0
1,"UNION P/CANALETA 1/2""",UNIDAD,1,0,0,1,0,0,1,GENERAL,0,0,0,0,0,1,04249,0,0
1,UNION P/CANALETA ELECTRICA DE 105*35/65M,UNIDAD,1,0,0,1,0,0,1,GENERAL,0,0,0,0,0,1,0998,0,0
1,"UNION PARA CANAL ELECTRICA 3""X3"" 'INS'",UNIDAD,1,0,0,1,0,0,1,GENERAL,0,0,0,0,0,1,0990,0,0
1,UNION PARA CANALETA EN L,UNIDAD,1,0,0,1,0,0,1,GENERAL,0,0,0,0,0,1,03229,0,0
1,UNION PL,UNIDAD,1,0,0,1,0,0,1,GENERAL,0,0,0,0,0,1,0228,0,0
1,UNION RJ11,UNIDAD,1,0,0,1,0,0,1,GENERAL,0,0,0,0,0,1,04354,0,0
1,UNION RJ45,UNIDAD,1,0,0,1,0,0,1,GENERAL,0,0,0,0,0,1,03370,0,0
1,UNIONES 3*3 P/CANALETA METALICA,UNIDAD,1,0,0,1,0,0,1,GENERAL,0,0,0,0,0,1,04014,0,0
1,UPGRADE ONE START ENTERPRISE STARTIP-EVENIP,UNIDAD,1,0,0,1,0,0,1,GENERAL,0,0,0,0,0,1,06190,0,0
1,UPS 1.5 KVA,UNIDAD,1,0,0,1,0,0,1,GENERAL,0,0,0,0,0,1,03639,0,0
1,UPS 1.5KVA DOBLE CONVERSION  SU1500XL,UNIDAD,1,0,0,1,0,0,1,GENERAL,0,0,0,0,0,1,03834,0,0
1,UPS 500VA 4 SALIDAS 10547,UNIDAD,1,0,0,1,0,0,1,GENERAL,0,0,0,0,0,1,26,0,0
1,UPS 750VA MODELO CUPR756,UNIDAD,1,0,0,1,0,0,1,GENERAL,0,0,0,0,0,1,03139,0,0
1,UPS APC SM3000CA,UNIDAD,1,0,0,1,0,0,1,GENERAL,0,0,0,0,0,1,05823,0,0
1,UPS APC SRT3000RMAXLA PARA MONTAJE DE RACK,UNIDAID,1,0,0,1,0,0,1,GENERAL,0,0,0,0,0,1,05822,0,0
1,UPS APC SRT3000XLA,UNIDAD,1,0,0,1,0,0,1,GENERAL,0,0,0,0,0,1,05811,0,0
1,UPS CDP DE 15KVA 12KW,UNIDAD,1,0,0,1,0,0,1,GENERAL,0,0,0,0,0,1,01000,0,0
1,UPS DE 1 KVA,UNIDAD,1,0,0,1,0,0,1,GENERAL,0,0,0,0,0,1,01100,0,0
1,UPS DE 1 KVA 100% EN LINEA,UNIDAD,1,0,0,1,0,0,1,GENERAL,0,0,0,0,0,1,0628,0,0
1,UPS DE 2 KVA,UNIDAD,1,0,0,1,0,0,1,GENERAL,0,0,0,0,0,1,0866,0,0
1,UPS DE 3 KVA ONLINE,UNIDAD,1,0,0,1,0,0,1,GENERAL,0,0,0,0,0,1,03223,0,0
1,UPS DE 600 VA,UNIDAD,1,0,0,1,0,0,1,GENERAL,0,0,0,0,0,1,06199,0,0
1,UPS DE 700AV,UNIDAD,1,0,0,1,0,0,1,GENERAL,0,0,0,0,0,1,06072,0,0
1,UPS DE 750 VA,UNIDAD,1,0,0,1,0,0,1,GENERAL,0,0,0,0,0,1,0970,0,0
1,UPS FORZA HT-1000LCD 1000VA-500W 12 NEMA,UNIDAD,1,0,0,1,0,0,1,GENERAL,0,0,0,0,0,1,05558,0,0
1,UPS INTERACTIVO DE 900VA,UNIDAD,1,0,0,1,0,0,1,GENERAL,0,0,0,0,0,1,01193,0,0
1,UPS MINUTE MAN 700AV,UNIDAD,1,0,0,1,0,0,1,GENERAL,0,0,0,0,0,1,06167,0,0
1,UPS TIPPLITTE,UNIDAD,1,0,0,1,0,0,1,GENERAL,0,0,0,0,0,1,10,0,0
1,UR10R-2F ENROLADOR DE TARJETAS DE LARGO ALCANCE US,UNIDAD,1,0,0,1,0,0,1,GENERAL,0,0,0,0,0,1,05593,0,0
1,USB 2.0 MACHO A MACHO B DE 3.6M USB-467,UNIDAD,1,0,0,1,0,0,1,GENERAL,0,0,0,0,0,1,03827,0,0
1,USB HADWARE KEY,UNIDAD,1,0,0,1,0,0,1,GENERAL,0,0,0,0,0,1,04989,0,0
1,USB KINGSTONE 64GB,UNIDAD,1,0,0,1,0,0,1,GENERAL,0,0,0,0,0,1,88,0,0
1,UTENCILIOS PARA OFICINA ADMINISTRATIVO,,3,0,0,0,0,0,0,GENERAL,0,0,0,0,0,1,SRV0350,0,0
1,UTENCILIOS PARA OFICINA DIRECTO,,3,0,0,0,0,0,0,GENERAL,0,0,0,0,0,1,SRV0348,0,0
1,UTENCILIOS PARA OFICINA INDIRECTO,,3,0,0,0,0,0,0,GENERAL,0,0,0,0,0,1,SRV0349,0,0
1,V3-BTZU CERRADURA Z-WAVE DANALOCK BTZU V3,UNIDAD,1,0,0,1,0,0,1,GENERAL,0,0,0,0,0,1,06550,0,0
1,VACACIONES PERSONAL ESTANDAR,SRV,3,0,0,1,1,0,3,GENERAL,0,0,0,0,0,1,IC0101,0,0
1,VAJILLA DE 4 PERSONAS COLOR BLANCO,UNIDAD,1,0,0,1,0,0,1,GENERAL,0,0,0,0,0,1,599,0,0
1,VALES CORRIENTES,TALONARIO,1,0,0,1,0,0,1,GENERAL,0,0,0,0,0,1,447,0,0
1,VALI FLUID QUIMICO PARA NIEBLA,UNIDAD,1,0,0,1,0,0,1,GENERAL,0,0,0,0,0,1,03166,0,0
1,VALI V5 DISPOSITIVO PARA NIEBLA,UNIDAD,1,0,0,1,0,0,1,GENERAL,0,0,0,0,0,1,03167,0,0
1,VALOR SERVICIO DE MANEJO INT.PLAGAS FUMI,UNIDAD,1,0,0,1,0,0,1,GENERAL,0,0,0,0,0,1,750,0,0
1,VAPORIZADOR,UNIDAD,1,0,0,1,0,0,1,GENERAL,0,0,0,0,0,1,05466,0,0
1,VARILLA C/ROSCA 3/8*3MTS.CON TARUGO Y TORNILLOS,UNIDAD,1,0,0,1,0,0,1,GENERAL,0,0,0,0,0,1,04015,0,0
1,VARILLA P/SUSPENCION CON  ROSCA DE 1/4,UNIDAD,1,0,0,1,0,0,1,GENERAL,0,0,0,0,0,1,03481,0,0
1,"VARILLA P/SUSPENSION C/ROSCA DE 1/2""",UNIDAD,1,0,0,1,0,0,1,GENERAL,0,0,0,0,0,1,04034,0,0
1,VARILLA ROSCADA UNICANAL DE 3/8 * 1 MT,UNIDAD,1,0,0,1,0,0,1,GENERAL,0,0,0,0,0,1,01045,0,0
1,VARILLAS ROSCADA DE 3/8 CON TUERCAS Y TARUGOS,UNIDAD,1,0,0,1,0,0,1,GENERAL,0,0,0,0,0,1,05855,0,0
1,VASO DESECHABLE,UNIDAD,1,0,0,1,0,0,1,GENERAL,0,0,0,0,0,1,3016,0,0
1,VASO IMPRESSIONS DOF,UNIDAD,1,0,0,1,0,0,1,GENERAL,0,0,0,0,0,1,677,0,0
1,VASO IMPRESSIONS DOF,UNIDAD,1,0,0,1,0,0,1,GENERAL,0,0,0,0,0,1,03627,0,0
1,"VDPO3-B3 KIT DE VIDEO PORTERO A COLOR 4.3"" LCD ZKT",UNIDAD,1,0,0,1,0,0,1,GENERAL,0,0,0,0,0,1,06285,0,0
1,VE8900R UNIDAD TRANSMISORA FULL HD HDMI,UNIDAD,1,0,0,1,0,0,1,GENERAL,0,0,0,0,0,1,05562,0,0
1,VE8900T RECEPTORA FULL HD HDMI,UNIDAD,1,0,0,1,0,0,1,GENERAL,0,0,0,0,0,1,05560,0,0
1,VEHÍCULO,UNIDAD,1,0,0,1,0,0,1,GENERAL,0,0,0,0,0,1,06280,0,0
1,"VELCRO DE 1"" PARA CABLEADO ESTRUCTURADO",YARDA,1,0,0,1,0,0,1,GENERAL,0,0,0,0,0,1,03039,0,0
1,"VENDA ELASTICA 2""X4.5 YARDAS",UNIDAD,1,0,0,1,0,0,1,GENERAL,0,0,0,0,0,1,05433,0,0
1,"VENDA ELASTICA 4""X4.5 YARDAS",UNIDAD,1,0,0,1,0,0,1,GENERAL,0,0,0,0,0,1,05434,0,0
1,VENDA TRIANGULAR,UNIDAD,1,0,0,1,0,0,1,GENERAL,0,0,0,0,0,1,0185,0,0
1,VENTA DE EQUIPO ENTRE EMPRESAS,,3,0,0,1,0,0,0,GENERAL,0,0,0,0,0,1,VENTA_INTER-COM,0,0
1,VENTA DE EQUIPO GPS,,3,0,0,1,0,0,0,GENERAL,0,0,0,0,0,1,GPS006,0,0
1,VENTA DE MATERIALES,SRV,3,0,0,1,0,0,99,GENERAL,0,0,0,0,0,1,MAT001,0,0
1,VENTANA CORREDIZA,UNIDAD,1,0,0,1,0,0,1,GENERAL,0,0,0,0,0,1,2075,0,0
1,VENTAS DE EQUIPO,1,3,0,0,1,0,0,99,GENERAL,0,0,0,0,0,1,VENTA EQUIPO,0,0
1,VENTAS VARIAS POR SERVICIOS,,3,0,0,1,0,0,0,GENERAL,0,0,0,0,0,1,VENTA,0,0
1,VENTILADOR DE ESCRITORIO (PORTATIL),UNIDAD,1,0,0,1,0,0,1,GENERAL,0,0,0,0,0,1,47,0,0
1,VENTILADOR DE PISO,UNIDAD,1,0,0,1,0,0,1,GENERAL,0,0,0,0,0,1,585,0,0
1,VENTILADOR TIPO TORRE,UNIDAD,1,0,0,1,0,0,1,GENERAL,0,0,0,0,0,1,587,0,0
1,VIAKOM: CABLE PARALELO CALIBRE 18,MTS,1,0,0,1,0,0,1,GENERAL,0,0,0,0,0,1,0438,0,0
1,VIAKOM: DESARMADOR P/GABINETE TOOLCRAFT 3/16*6,UNIDAD,1,0,0,1,0,0,1,GENERAL,0,0,0,0,0,1,729,0,0
1,VIATICOS,SRV,3,0,0,1,0,0,4,GENERAL,0,0,0,0,0,1,VIATICOS,0,0
1,VIATICOS ADMINISTRATIVO,SRV,3,0,0,0,0,0,4,GENERAL,0,0,0,0,0,1,SRV0177,0,0
1,VIATICOS DIRECTO,SRV,3,0,0,0,0,0,4,GENERAL,0,0,0,0,0,1,SRV0170,0,0
1,VIATICOS INDIRECTO,SRV,3,0,0,0,0,0,4,GENERAL,0,0,0,0,0,1,SRV0176,0,0
1,VIBRADOR ESPECIAL CON MAGNETO,UNIDAD,1,0,0,1,0,0,1,GENERAL,0,0,0,0,0,1,0798,0,0
1,VID-CAM-001-V8-SCV SYMMETRY V8 CAMERA INTEGRATION,UNIDAD,1,0,0,1,0,0,1,GENERAL,0,0,0,0,0,1,06085,0,0
1,VID-CAM-004-V9-SCV LICENCIAS DE INTEGRACION DE COM,UNIDAD,1,0,0,1,0,0,1,GENERAL,0,0,0,0,0,1,06261,0,0
1,VID-CAM-008-V7 LICENCIA SOFTWARE VIDEO,UNIDAD,1,0,0,1,0,0,1,GENERAL,0,0,0,0,0,1,03978,0,0
1,VID-CAM-008-V8-SCV SYMMETRY V8 CAMERA INTEGRATION,UNIDAD,1,0,0,1,0,0,1,GENERAL,0,0,0,0,0,1,06084,0,0
1,VID-CAM-016-V7  FOR 16 IP OR DVR/NVR,UNIDAD,1,0,0,1,0,0,1,GENERAL,0,0,0,0,0,1,03502,0,0
1,VID-CAM-016-V8SYMM/16CAM.LICENSES INTEGR,UNIDAD,1,0,0,1,0,0,1,GENERAL,0,0,0,0,0,1,04372,0,0
1,VID-CAM-016-V9-SCV LICENCIA DE INTEGRACION 16 CAMA,UNIDAD,1,0,0,1,0,0,1,GENERAL,0,0,0,0,0,1,05755,0,0
1,VID-CAM-032-V7  FOR 32 IP OR DVR/NVR,UNIDAD,1,0,0,1,0,0,1,GENERAL,0,0,0,0,0,1,03501,0,0
1,VID-CAM-032-V7 SOFTWARE LICENCIA VIDEO,UNIDAD,1,0,0,1,0,0,1,GENERAL,0,0,0,0,0,1,03977,0,0
1,VID-CAM-032-V8SYMM/32CAME.LICENSES INTEG,UNIDAD,1,0,0,1,0,0,1,GENERAL,0,0,0,0,0,1,04373,0,0
1,VID-CAM-064-V7 FOR 64 IP OR DVR/NVR,UNIDAD,1,0,0,1,0,0,1,GENERAL,0,0,0,0,0,1,03500,0,0
1,VID-CAM-064-V8SYMM/64CAME.LICENSES INTEG,UNIDAD,1,0,0,1,0,0,1,GENERAL,0,0,0,0,0,1,04374,0,0
1,VID-CAM-064-V9-SCV LICENCIA DE INTEGRACION 64 CAMA,UNIDA,1,0,0,1,0,0,1,GENERAL,0,0,0,0,0,1,05756,0,0
1,VID-CAM-128-V7  FOR 128 IP OR DVR/NVR,UNIDAD,1,0,0,1,0,0,1,GENERAL,0,0,0,0,0,1,03499,0,0
1,VID-CAM-128-V8SYMM/128CAME.LICENSES INTE,UNIDAD,1,0,0,1,0,0,1,GENERAL,0,0,0,0,0,1,04375,0,0
1,VID-CAM-256-V9-SCV LICENCIA DE INTEGRACION 256 CAM,UNIDAD,1,0,0,1,0,0,1,GENERAL,0,0,0,0,0,1,05757,0,0
1,VIDEO ANALYTIC PROCESSOR PEOPLO DC1104,UNIDAD,1,0,0,1,0,0,1,GENERAL,0,0,0,0,0,1,05226,0,0
1,VIDEO BALIM PASIVO TURBO FS-HDP4103,UNIDAD,1,0,0,1,0,0,1,GENERAL,0,0,0,0,0,1,05096,0,0
1,VIDEO BALUM ACTIVO XQ-605T/R,UNIDAD,1,0,0,1,0,0,1,GENERAL,0,0,0,0,0,1,05124,0,0
1,VIDEO BALUM ACTIVOS NV-652R,UNIDAD,1,0,0,1,0,0,1,GENERAL,0,0,0,0,0,1,03085,0,0
1,VIDEO BALUM NV-216A-PV NVT,UNIDAD,1,0,0,1,0,0,1,GENERAL,0,0,0,0,0,1,06018,0,0
1,VIDEO BALUM PASIVO NV-214A-M,UNIDAD,1,0,0,1,0,0,1,GENERAL,0,0,0,0,0,1,03086,0,0
1,VIDEO BALUM PASIVO NVT 208,UNIDAD,1,0,0,1,0,0,1,GENERAL,0,0,0,0,0,1,04475,0,0
1,VIDEO BALUN EB-P501-02Q,UNIDAD,1,0,0,1,0,0,1,GENERAL,0,0,0,0,0,1,04656,0,0
1,VIDEO BALUN EB-P501-20Q,UNIDAD,1,0,0,1,0,0,1,GENERAL,0,0,0,0,0,1,04657,0,0
1,VIDEO BALUN PASIVO 4K - DH-PFM800B,UNIDAD,1,0,0,1,0,0,1,GENERAL,0,0,0,0,0,1,0890,0,0
1,VIDEO CAMARA A COLOR EVERFOCUS EC Z 330/N-4,UNIDAD,1,0,0,1,0,0,1,GENERAL,0,0,0,0,0,1,0414,0,0
1,VIDEO PORTERO CCTV-080,UNIDAD,1,0,0,1,0,0,1,GENERAL,0,0,0,0,0,1,03908,0,0
1,VIDEO PORTERO MARCA SIERA VSP 936  COLOR,UNIDAD,1,0,0,1,0,0,1,GENERAL,0,0,0,0,0,1,03772,0,0
1,VIDEO PORTERO S230,UNIDAD,1,0,0,1,0,0,1,GENERAL,0,0,0,0,0,1,04589,0,0
1,VIDEO PORTERO WIFI,UNIDAD,1,0,0,1,0,0,1,GENERAL,0,0,0,0,0,1,04797,0,0
1,"VIDEO POTERO A COLOR 3.5"" CAMARA METAL",UNIDAD,1,0,0,1,0,0,1,GENERAL,0,0,0,0,0,1,03091,0,0
1,VIDEO RECEPTOR ACTIVO NV-452R,UNIDAD,1,0,0,1,0,0,1,GENERAL,0,0,0,0,0,1,0994,0,0
1,VIDEO RECORD ADC-SVR122,UNIDAD,1,0,0,1,0,0,1,GENERAL,0,0,0,0,0,1,05599,0,0
1,"VIDEO RECORDER H264,16CH, 480IPS USB",UNIDAD,1,0,0,1,0,0,1,GENERAL,0,0,0,0,0,1,0633,0,0
1,VIDEO TRANSEPTOR NVT NV-218A-PVD,UNIDAD,1,0,0,1,0,0,1,GENERAL,0,0,0,0,0,1,06023,0,0
1,VIDEO VALUM B218A-PVD,UNIDAD,1,0,0,1,0,0,1,GENERAL,0,0,0,0,0,1,0991,0,0
1,VIDEO VALUM B413A,UNIDAD,1,0,0,1,0,0,1,GENERAL,0,0,0,0,0,1,0993,0,0
1,VIDEO VALUM B4PS10-PVD,UNIDAD,1,0,0,1,0,0,1,GENERAL,0,0,0,0,0,1,0992,0,0
1,VIDEO VALUM EB-P101-20Q,UNIDAD,1,0,0,1,0,0,1,GENERAL,0,0,0,0,0,1,04172,0,0
1,VIDEO VALUM EPCOM TT101P,UNIDAD,1,0,0,1,0,0,1,GENERAL,0,0,0,0,0,1,03927,0,0
1,VIDEO VALUM FS-HD4301-VPA,UNIDAD,1,0,0,1,0,0,1,GENERAL,0,0,0,0,0,1,05491,0,0
1,VIDEO VALUM HD TURBO TT201TURBO,UNIDAD,1,0,0,1,0,0,1,GENERAL,0,0,0,0,0,1,04412,0,0
1,VIDEO VALUM PVD B226J-PVD,UNIDAD,1,0,0,1,0,0,1,GENERAL,0,0,0,0,0,1,0889,0,0
1,VIDEO VALUM RE,UNIDAD,1,0,0,1,0,0,1,GENERAL,0,0,0,0,0,1,3066,0,0
1,VIDEO VALUMS,UNIDAD,1,0,0,1,0,0,1,GENERAL,0,0,0,0,0,1,0577,0,0
1,VIDEO WALL MONTOR MOUNT VZ-XM55,UNIDAD,1,0,0,1,0,0,1,GENERAL,0,0,0,0,0,1,04997,0,0
1,VIDEO WALL PROCESSOR VZ-PRO-16,UNIDAD,1,0,0,1,0,0,1,GENERAL,0,0,0,0,0,1,04995,0,0
1,VID-NVR-V7.0.1 VIDEO STORAGE,UNIDAD,1,0,0,1,0,0,1,GENERAL,0,0,0,0,0,1,03498,0,0
1,VID-NVR-V7.01 SOFTWARE STORAGE + LICENCI,UNIDAD,1,0,0,1,0,0,1,GENERAL,0,0,0,0,0,1,03979,0,0
1,VID-NVR-V8.0.1SYMM/NETW.SOFTWARE VR,UNIDAD,1,0,0,1,0,0,1,GENERAL,0,0,0,0,0,1,04371,0,0
1,VIDRIO TEMPLADO PARA CELULAR,UNIDAD,1,0,0,1,0,0,1,GENERAL,0,0,0,0,0,1,04474,0,0
1,"VIEWSONIC VA2415H-2 --FULL HD HDMI-VGA MONITOR 24""",UNIDAD,1,0,0,1,0,0,1,GENERAL,0,0,0,0,0,1,06279,0,0
1,VINIL REFLECTIVO CONO PVC,UNIDAD,1,0,0,1,0,0,1,GENERAL,0,0,0,0,0,1,03678,0,0
1,VIRTUAL KEY PAD VERSION 1.8.7.1,UNIDAD,1,0,0,1,0,0,1,GENERAL,0,0,0,0,0,1,03579,0,0
1,VISITA TECNICA CAMBIO DE USUARIOS,1,3,0,0,1,0,0,99,GENERAL,0,1,0,0,0,1,VISITA TECNICA,0,0
1,VISONIC: BOTON DE PANICO  MCT 234/315,UNIDAD,1,0,0,1,0,0,1,GENERAL,0,0,0,0,0,1,0405,0,0
1,VISONIC: BOTON DE PANICO MCT 234/868,UNIDAD,1,0,0,1,0,0,1,GENERAL,0,0,0,0,0,1,0406,0,0
1,VISONIC: CONTACTOS MAGNETICOS MCT302  - (868),UNIDAD,1,0,0,1,0,0,1,GENERAL,0,0,0,0,0,1,0061,0,0
1,VISONIC: CONTACTOS MAGNETICOS MCT302  -(315),UNIDAD,1,0,0,1,0,0,1,GENERAL,0,0,0,0,0,1,0260,0,0
1,VISONIC: DETECTOR DE MOVIMIENTO INALMBRI,UNIDAD,1,0,0,1,0,0,1,GENERAL,0,0,0,0,0,1,0075,0,0
1,VISONIC: MAGNETICO INALAMBRICO MCT-302 433MHZ VIS,UNIDAD,1,0,0,1,0,0,1,GENERAL,0,0,0,0,0,1,04378,0,0
1,VISONIC: PASIVO INALAMBRICO PARA INTERIOR(868),UNIDAD,1,0,0,1,0,0,1,GENERAL,0,0,0,0,0,1,725,0,0
1,VISONIC: PASVIO INALAMBRICO 985 MCW-(868),UNIDAD,1,0,0,1,0,0,1,GENERAL,0,0,0,0,0,1,0997,0,0
1,VOLANTE ALARMA,UNIDAD,1,0,0,1,0,0,1,GENERAL,0,0,0,0,0,1,891,0,0
1,VOLANTE FULL COLOR  CCTV,UNIDAD,1,0,0,1,0,0,1,GENERAL,0,0,0,0,0,1,619,0,0
1,VOLANTE SMART BUSINESS,UNIDAD,1,0,0,1,0,0,1,GENERAL,0,0,0,0,0,1,05345,0,0
1,VOLANTES CON NUMERACION G4S,UNIDAD,1,0,0,1,0,0,1,GENERAL,0,0,0,0,0,1,892,0,0
1,VOLANTES IMPRESO FUL COLOR TIRO/RETIRO,UNIDAD,1,0,0,1,0,0,1,GENERAL,0,0,0,0,0,1,107,0,0
1,VOLANTES XELA,UNIDAD,1,0,0,1,0,0,1,GENERAL,0,0,0,0,0,1,893,0,0
1,VP2120 CONMUTADOR DE PRESENTACION 4*2 TRUE 4K,UNDAD,1,0,0,1,0,0,1,GENERAL,0,0,0,0,0,1,05561,0,0
1,VPAN05002 INTERRUPTOR DE PARED Z-WAVE PHILIO PAN05,UNIDAD,1,0,0,1,0,0,1,GENERAL,0,0,0,0,0,1,06551,0,0
1,"VSS-ME PLATAFORMA VSS, 1 LICENCIA POR  MDVR (USB)",UNIDAD,1,0,0,1,0,0,1,GENERAL,0,0,0,0,0,1,06493,0,0
1,VST-892EX-IL-F1 DETECTOR PIRCAM V?A RADIO DE VESTA,UNIDAD,1,0,0,1,0,0,1,GENERAL,0,0,0,0,0,1,06619,0,0
1,VUELTA DUCTON 1 1/4,UNIDAD,1,0,0,1,0,0,1,GENERAL,0,0,0,0,0,1,0916,0,0
1,VUELTA DUCTON DE 1  1/2,UNIDAD,1,0,0,1,0,0,1,GENERAL,0,0,0,0,0,1,03032,0,0
1,"VUELTA DUCTON DE 1""",UNIDAD,1,0,0,1,0,0,1,GENERAL,0,0,0,0,0,1,01042,0,0
1,VUELTA DUCTON DE 1/2,UNIDAD,1,0,0,1,0,0,1,GENERAL,0,0,0,0,0,1,01146,0,0
1,VUELTA DUCTON DE 3/4,UNIDAD,1,0,0,1,0,0,1,GENERAL,0,0,0,0,0,1,0749,0,0
1,"VUELTA EMT 1 1/2""",UNIDAD,1,0,0,1,0,0,1,GENERAL,0,0,0,0,0,1,04318,0,0
1,"VUELTA EMT 1 1/4""",UNIDAD,1,0,0,1,0,0,1,GENERAL,0,0,0,0,0,1,03723,0,0
1,VUELTA EMT 1/2,UNIDAD,1,0,0,1,0,0,1,GENERAL,0,0,0,0,0,1,03576,0,0
1,"VUELTA EMT DE 1""",UNIDAD,1,0,0,1,0,0,1,GENERAL,0,0,0,0,0,1,03577,0,0
1,"VUELTA EMT DE 2""",UNIDAD,1,0,0,1,0,0,1,GENERAL,0,0,0,0,0,1,04256,0,0
1,VUELTA EMT DE 3/4,UNIDAD,1,0,0,1,0,0,1,GENERAL,0,0,0,0,0,1,03331,0,0
1,VUELTA GALVANIZADA DE 3/4,UNIDAD,1,0,0,1,0,0,1,GENERAL,0,0,0,0,0,1,03535,0,0
1,VUELTA PARA CANALETA DE 1,UNIDAD,1,0,0,1,0,0,1,GENERAL,0,0,0,0,0,1,03623,0,0
1,VUELTA PARA CANALETA DE 2,UNIDAD,1,0,0,1,0,0,1,GENERAL,0,0,0,0,0,1,03622,0,0
1,VUELTA PARA CANALETA LEGRAND,UNIDAD,1,0,0,1,0,0,1,GENERAL,0,0,0,0,0,1,03329,0,0
1,VUELTA PVC DE 1  1/2,UNIDAD,1,0,0,1,0,0,1,GENERAL,0,0,0,0,0,1,03242,0,0
1,VUELTA PVC DE 1 1/4,UNIDAD,1,0,0,1,0,0,1,GENERAL,0,0,0,0,0,1,0609,0,0
1,"VUELTA PVC DE 1""",UNIDAD,1,0,0,1,0,0,1,GENERAL,0,0,0,0,0,1,0510,0,0
1,VUELTA PVC DE 1/2,UNIDAD,1,0,0,1,0,0,1,GENERAL,0,0,0,0,0,1,0965,0,0
1,"VUELTA PVC DE 2""",UNIDAD,1,0,0,1,0,0,1,GENERAL,0,0,0,0,0,1,0981,0,0
1,"VUELTA PVC GRIS 3/4""",UNIDAD,1,0,0,1,0,0,1,GENERAL,0,0,0,0,0,1,0450,0,0
1,"VUELTAS P/CANALETA 1/2""",UNIDAD,1,0,0,1,0,0,1,GENERAL,0,0,0,0,0,1,04248,0,0
1,VXS-DAM(W) SENSOR DOBLE TECNOLOGIA EXTERIOR OPTEX,UNIDAD,1,0,0,1,0,0,1,GENERAL,0,0,0,0,0,1,06685,0,0
1,"WACHAS DE 1/4""",UNIDAD,1,0,0,1,0,0,1,GENERAL,0,0,0,0,0,1,04050,0,0
1,WAP361-A-K9 ACCESS POINT,UNIDAD,1,0,0,1,0,0,1,GENERAL,0,0,0,0,0,1,05575,0,0
1,"WASCHAS 3/8""",UNIDAD,1,0,0,1,0,0,1,GENERAL,0,0,0,0,0,1,04018,0,0
1,WASHA DE 3/8,UNIDAD,1,0,0,1,0,0,1,GENERAL,0,0,0,0,0,1,03598,0,0
1,WASHA GALVANIZADA  DE 3/16,UNIDAD,1,0,0,1,0,0,1,GENERAL,0,0,0,0,0,1,03272,0,0
1,WASHAS DE PRESION 1/4,UNIDAD,1,0,0,1,0,0,1,GENERAL,0,0,0,0,0,1,04234,0,0
1,WD PURPLE MICROSD 128GB SURVEILLANCEWDD128G1P0C,UNIDAD,1,0,0,1,0,0,1,GENERAL,0,0,0,0,0,1,05992,0,0
1,WD20PURX  DISCO DURO DE 2TB WESTERN PURPLE,UNIDAD,1,0,0,1,0,0,1,GENERAL,0,0,0,0,0,1,05585,0,0
1,WEBSA-ADDON CÓDIGO DE ACT ADICIONAL DE WEBSA,UNIDAD,1,0,0,1,0,0,1,GENERAL,0,0,0,0,0,1,06325,0,0
1,WEZ-12-BUS MODULO EXPANSOR DE 12 ZONAS CABLEADO,UNIDAD,1,0,0,1,0,0,1,GENERAL,0,0,0,0,0,1,06629,0,0
1,WEZ-24-BUS  MODULO EXPANSOR DE 24 ZONAS CABLEADO,UNIDAD,1,0,0,1,0,0,1,GENERAL,0,0,0,0,0,1,06630,0,0
1,WEZC-8 MODULO EXPANSOR DE 8 ZONAS CABLEADO CON CAJ,UNIDAD,1,0,0,1,0,0,1,GENERAL,0,0,0,0,0,1,06628,0,0
1,WHITE LOM 15 TOMACORRIENTE PARED (DEMO),UNIDAD,1,0,0,1,0,0,1,GENERAL,0,0,0,0,0,1,05204,0,0
1,WHITE LPM 15 TOMACORRIENTE (DEMO),UNIDAD,1,0,0,1,0,0,1,GENERAL,0,0,0,0,0,1,05205,0,0
1,W-HSR HORN STROBE RED 2W WALL,UNIDAD,1,0,0,1,0,0,1,GENERAL,0,0,0,0,0,1,05257,0,0
1,WIM-2 WIEGAND INTERFACE MODULE FOR 2 CAR,UNIDAD,1,0,0,1,0,0,1,GENERAL,0,0,0,0,0,1,0725,0,0
1,WIM4 MODULO CONVERTIDOR DE4 CARDS,UNIDAD,1,0,0,1,0,0,1,GENERAL,0,0,0,0,0,1,03983,0,0
1,WIM8 MODULO CONVERTIDOR DE 8 CARDS,UNIDAD,1,0,0,1,0,0,1,GENERAL,0,0,0,0,0,1,03984,0,0
1,WIPALL COLOR AMARILLO,UNIDAD,1,0,0,1,0,0,1,GENERAL,0,0,0,0,0,1,03046,0,0
1,WIPE BLANCO,LIBRA,1,0,0,1,0,0,1,GENERAL,0,0,0,0,0,1,0639,0,0
1,WIPE CON MICROFIBRA,UNIDAD,1,0,0,1,0,0,1,GENERAL,0,0,0,0,0,1,03045,0,0
1,WLS-23-F1 DETECTOR DE INUNDACION VIA RADIO VESTA.,UNIDAD,1,0,0,1,0,0,1,GENERAL,0,0,0,0,0,1,06621,0,0
1,WXACQ STARTIP-EVENIP ACTUALIZACION DE LICENCIA,UNIDAD,1,0,0,1,0,0,1,GENERAL,0,0,0,0,0,1,06196,0,0
1,X7 ACCESO P/HUELLA PROX. Y COD.S/REGISTR,UNIDAD,1,0,0,1,0,0,1,GENERAL,0,0,0,0,0,1,04274,0,0
1,X-BANNER PROMO ESTRUCTURA DE FIBRA DE CA,UNIDAD,1,0,0,1,0,0,1,GENERAL,0,0,0,0,0,1,03008,0,0
1,XBS-SW-02 BOTONERA TRIPLE CON BOTON DE STOP,UNIDAD,1,0,0,1,0,0,1,GENERAL,0,0,0,0,0,1,06563,0,0
1,"XL MAIN PANEL, SPANISH",UNIDAD,1,0,0,1,0,0,1,GENERAL,0,0,0,0,0,1,04521,0,0
1,XML-DEV-KIT-V7.0.1 XML OPEN INTEGRATION,UNIDAD,1,0,0,1,0,0,1,GENERAL,0,0,0,0,0,1,03497,0,0
1,XML-DEV-KIT-V8.0.1SYMM/XML SDK-NETWEBSER,UNIDAD,1,0,0,1,0,0,1,GENERAL,0,0,0,0,0,1,04376,0,0
1,XML-DEV-KIT-V9.4 SYMMETRY XML SDK NET WEB SERVICE,UNIDAD,1,0,0,1,0,0,1,GENERAL,0,0,0,0,0,1,06257,0,0
1,XMRLAN,UNIDAD,1,0,0,1,0,0,1,GENERAL,0,0,0,0,0,1,04878,0,0
1,XNO-8040R CAMARA BALA INFRARROJA H.265 DE 5 M.,UNIDAD,1,0,0,1,0,0,1,GENERAL,0,0,0,0,0,1,06557,0,0
1,XRN-1610SA NVR 16 CANALES POE HANWHA,UNIDAD,1,0,0,1,0,0,1,GENERAL,0,0,0,0,0,1,06233,0,0
1,XRN-1620B2 NVR 16 CANALES POE HANWHA,UNIDAD,1,0,0,1,0,0,1,GENERAL,0,0,0,0,0,1,06241,0,0
1,XRN-3210B2 NVR 8K 32 CANALES H265,UNIDAD,1,0,0,1,0,0,1,GENERAL,0,0,0,0,0,1,06558,0,0
1,XRN-420S-4TB NVR DE 4 CANALES IP POE ONVIF 2TB MAR,UNIDAD,1,0,0,1,0,0,1,GENERAL,0,0,0,0,0,1,06361,0,0
1,XT-400-R1-TF R1 HSPA MODULO TELEFONICO (MODULO),UNIDAD,1,0,0,1,0,0,1,GENERAL,0,0,0,0,0,1,05218,0,0
1,XTECH - HDMI 7.26 MTS XTC- 370,UNIDAD,1,0,0,1,0,0,1,GENERAL,0,0,0,0,0,1,05837,0,0
1,XXXXXXXX,METROS,1,0,0,1,0,0,1,GENERAL,0,0,0,0,0,1,0584,0,0
1,XXXXXXXXXXXXXXX,METRO,1,0,0,1,0,0,1,GENERAL,0,0,0,0,0,1,0617,0,0
1,YALE: BRAZO HIDRAULICO 600 LB.,UNIDAD,1,0,0,1,0,0,1,GENERAL,0,0,0,0,0,1,0806,0,0
1,YALE: CANDADO,UNIDAD,1,0,0,1,0,0,1,GENERAL,0,0,0,0,0,1,01057,0,0
1,YALE: CHAPA ELECTRICA DERECHA,UNIDAD,1,0,0,1,0,0,1,GENERAL,0,0,0,0,0,1,0564,0,0
1,YALE: CHAPA ELECTRICA IZQUIERDA,UNIDAD,1,0,0,1,0,0,1,GENERAL,0,0,0,0,0,1,03100,0,0
1,YALE: TRANSFORMADOR YALE,UNIDAD,1,0,0,1,0,0,1,GENERAL,0,0,0,0,0,1,0223,0,0
1,YEE DE 4 PULGADAS PVC,UNIDAD,1,0,0,1,0,0,1,GENERAL,0,0,0,0,0,1,05852,0,0
1,ZAPATO TENIS DE SEGURIDAD MARCA PANOPLY,PAR,1,0,0,1,0,0,1,GENERAL,0,0,0,0,0,1,576,0,0
1,ZCO3720DM CAMARA OCULTA TIPO PIR ANALOGA / HD-CVI,UNIDAD,1,0,0,1,0,0,1,GENERAL,0,0,0,0,0,1,05518,0,0
1,ZK CONTROL DE RONDAS PT100,UNIDAD,1,0,0,1,0,0,1,GENERAL,0,0,0,0,0,1,05240,0,0
1,ZKACCES OP-200 FINGERPRINT NSIPROD,UNIDAD,1,0,0,1,0,0,1,GENERAL,0,0,0,0,0,1,06178,0,0
1,ZKACCES OPERA SERIES,UNIDAD,1,0,0,1,0,0,1,GENERAL,0,0,0,0,0,1,06082,0,0
1,ZK-D2180 ARCO DETECTOR DE METAL DE 18 ZONAS ZKTECO,UNIDAD,1,0,0,1,0,0,1,GENERAL,0,0,0,0,0,1,06473,0,0
1,ZKTECO TLE102 BOTON INALAMBRICO,UNIDAD,1,0,0,1,0,0,1,GENERAL,0,0,0,0,0,1,05885,0,0
1,ZUMBADOR SECO-LARM SH-504,UNIDAD,1,0,0,1,0,0,1,GENERAL,0,0,0,0,0,1,05252,0,0
1,Z-WAVE BOMBILLA LB60Z-1,UNIDAD,1,0,0,1,0,0,1,GENERAL,0,0,0,0,0,1,04743,0,0
1,ZY-GS1900-24H SWITCH 24 PTS POE WEB L2P/RAC,UNIDAD,1,0,0,1,0,0,1,GENERAL,0,0,0,0,0,1,06168,0,0
3,01 GUARDIA NOCTURNO DE 12X12 DE LUNES A DOMINGO RONDIN,,3,0,0,1,0,0,0,GENERAL,0,0,0,0,0,1,7600,0,0
3,1 PATRULLA CUSTODIA,PAT,3,0,0,1,0,0,0,GENERAL,0,0,0,0,0,1,PAT001,0,0
3,AGUILA,UNI,1,0,0,0,0,0,2,GENERAL,0,0,0,0,0,1,ART00001,0,0
3,AGUILA,UNI,1,0,0,0,0,0,2,GENERAL,0,0,0,0,0,1,AGUILA,0,0
3,AGUINALDO 05,SRV,3,0,0,0,0,0,3,GENERAL,0,0,0,0,0,1,IC0045,0,0
3,AGUINALDO 06,SRV,3,0,0,0,0,0,3,GENERAL,0,0,0,0,0,1,IC0046,0,0
3,AGUINALDO 07,SRV,3,0,0,0,0,0,3,GENERAL,0,0,0,0,0,1,IC0047,0,0
3,AGUINALDO 08,SRV,3,0,0,0,0,0,3,GENERAL,0,0,0,0,0,1,IC0048,0,0
3,AGUINALDO 09,SRV,3,0,0,0,0,0,3,GENERAL,0,0,0,0,0,1,IC0049,0,0
3,AGUINALDO 10,SRV,3,0,0,0,0,0,3,GENERAL,0,0,0,0,0,1,IC0050,0,0
3,AGUINALDO 11,SRV,3,0,0,0,0,0,3,GENERAL,0,0,0,0,0,1,IC0051,0,0
3,AGUINALDO GUARDIA BASICO,SRV,3,0,0,0,0,0,3,GENERAL,0,0,0,0,0,1,IC0042,0,0
3,AGUINALDO GUARDIA ESTANDAR,SRV,3,0,0,0,0,0,3,GENERAL,0,0,0,0,0,1,IC0041,0,0
3,AGUINALDO GUARDIA PREMIUM,SRV,3,0,0,0,0,0,3,GENERAL,0,0,0,0,0,1,IC0043,0,0
3,AGUINALDO JEFE GRUPO,SRV,3,0,0,0,0,0,3,GENERAL,0,0,0,0,0,1,IC0044,0,0
3,ARENEROS,UNI,1,0,0,0,0,0,2,GENERAL,0,0,0,0,0,1,ART00002,0,0
3,ARMERO DE 1 A 3 ARMAS CORTAS,UNI,1,0,0,0,0,0,2,GENERAL,0,0,0,0,0,1,ART00003,0,0
3,ARMERO DE 1 A 3 ARMAS LARGAS,UNI,1,0,0,0,0,0,2,GENERAL,0,0,0,0,0,1,ART00004,0,0
3,ARMERO DE 1 ARMA LARGA Y 2 ARMAS CORTAS,UNI,1,0,0,0,0,0,2,GENERAL,0,0,0,0,0,1,ART00005,0,0
3,ARMERO DE 3 ARMAS LARGAS Y 4 ARMAS CORTAS,UNI,1,0,0,0,0,0,2,GENERAL,0,0,0,0,0,1,ART00006,0,0
3,ARMERO DE 4 A 6 ARMAS CORTAS,UNI,1,0,0,0,0,0,2,GENERAL,0,0,0,0,0,1,ART00007,0,0
3,ARMERO DE 4 A 6 ARMAS LARGAS,UNI,1,0,0,0,0,0,2,GENERAL,0,0,0,0,0,1,ART00008,0,0
3,ARMERO DE 6 ARMAS LARGAS Y 6 ARMAS CORTAS,UNI,1,0,0,0,0,0,2,GENERAL,0,0,0,0,0,1,ART00009,0,0
3,ARMERO DE METAL PARA 1 ESCOPETA,UNI,1,0,0,0,0,0,2,GENERAL,0,0,0,0,0,1,ARMERO3,0,0
3,ARMERO DE METAL PARA 1 PISTOLA,UNI,1,0,0,0,0,0,2,GENERAL,0,0,0,0,0,1,ARMERO1,0,0
3,ARMERO DE METAL PARA 3 PISTOLAS,UNI,1,0,0,0,0,0,2,GENERAL,0,0,0,0,0,1,ARMERO2,0,0
3,ARMERO DE METAL PARA 6 ESCOPETAS,UNI,1,0,0,0,0,0,2,GENERAL,0,0,0,0,0,1,ARMERO4,0,0
3,ARMEROS,UNI,1,0,0,0,0,0,2,GENERAL,0,0,0,0,0,1,ART00010,0,0
3,ARNES REFLECTIVO  ANARANJADO,UNI,1,0,0,0,0,0,2,GENERAL,0,0,0,0,0,1,ARNESN,0,0
3,ARNES REFLECTIVO VERDE,UNI,1,0,0,0,0,0,2,GENERAL,0,0,0,0,0,1,ARNESV,0,0
3,ARTICULOS PUESTOS VARIOS,UNI,4,1,0,1,0,0,99,GENERAL,0,0,0,0,0,1,ART0099,0,0
3,ARTICULOS VARIOS PUESTOS,UNI,3,0,0,0,0,0,99,GENERAL,0,0,0,0,0,1,IC0300,0,0
3,AUTOMOVIL,,3,0,0,1,0,0,0,GENERAL,0,0,0,0,0,1,VE01,0,0
3,AVERIGUACIONES,,3,0,0,1,0,0,0,GENERAL,0,0,0,0,0,1,1005,0,0
3,BANCOS PLASTICOS,UNI,1,0,0,0,0,0,2,GENERAL,0,0,0,0,0,1,BANCOPL,0,0
3,BATON DE MADERA,UNI,1,0,0,0,0,0,2,GENERAL,0,0,0,0,0,1,BATONM,0,0
3,BATON EXTENDIBLE,UNI,1,0,0,0,0,0,2,GENERAL,0,0,0,0,0,1,BATONE,0,0
3,BATONES,UNI,1,0,0,0,0,0,2,GENERAL,0,0,0,0,0,1,ART00011,0,0
3,BAZUCA / ARENERO / BAHIA,UNI,1,0,0,0,0,0,2,GENERAL,0,0,0,0,0,1,ART00012,0,0
3,BAZUCA DE METAL,UNI,1,0,0,0,0,0,2,GENERAL,0,0,0,0,0,1,BAZUCA,0,0
3,BICICLETA,,3,0,0,1,0,0,0,GENERAL,0,0,0,0,0,1,5001,0,0
3,BICICLETA MONTAÑESA,UNI,1,0,0,0,0,0,2,GENERAL,0,0,0,0,0,1,ART00013,0,0
3,BICICLETAS,UNI,1,0,0,0,0,0,2,GENERAL,0,0,0,0,0,1,BICICLETA,0,0
3,BLANCO,,3,0,0,1,0,0,0,GENERAL,0,0,0,0,0,1,BLANCO,0,0
3,"BLUSA AZUL MANGA CORTA G4S ""L""",UNI,1,0,0,0,0,0,1,GENERAL,0,0,0,0,0,1,BLUAZUMCG4SL,0,0
3,"BLUSA AZUL MANGA CORTA G4S ""M""",UNI,1,0,0,0,0,0,1,GENERAL,0,0,0,0,0,1,BLUAZUMCG4SM,0,0
3,"BLUSA AZUL MANGA CORTA G4S ""S""",UNI,1,0,0,0,0,0,1,GENERAL,0,0,0,0,0,1,BLUAZUMCG4SS,0,0
3,"BLUSA AZUL MANGA CORTA G4S ""XL""",UNI,1,0,0,0,0,0,1,GENERAL,0,0,0,0,0,1,BLUAZUMCG4SXL,0,0
3,"BLUSA BLANCA MANGA CORTA G4S ""L""",UNI,1,0,0,0,0,0,1,GENERAL,0,0,0,0,0,1,BLUBLAMCG4SL,0,0
3,"BLUSA BLANCA MANGA CORTA G4S ""M""",UNI,1,0,0,0,0,0,1,GENERAL,0,0,0,0,0,1,BLUBLAMCG4SM,0,0
3,"BLUSA BLANCA MANGA CORTA G4S ""S""",UNI,1,0,0,0,0,0,1,GENERAL,0,0,0,0,0,1,BLUBLAMCG4SS,0,0
3,"BLUSA BLANCA MANGA CORTA G4S ""XL""",UNI,1,0,0,0,0,0,1,GENERAL,0,0,0,0,0,1,BLUBLAMCG4SXL,0,0
3,"BLUSA BLANCA MANGA CORTA G4S ""XS""",UNI,1,0,0,0,0,0,1,GENERAL,0,0,0,0,0,1,BLUBLAMCG4SXS,0,0
3,"BLUSA BLANCA MANGA LARGA G4S ""L""",UNI,1,0,0,0,0,0,1,GENERAL,0,0,0,0,0,1,BLUBLAMLG4SL,0,0
3,"BLUSA BLANCA MANGA LARGA G4S ""M""",UNI,1,0,0,0,0,0,1,GENERAL,0,0,0,0,0,1,BLUBLAMLG4SM,0,0
3,"BLUSA BLANCA MANGA LARGA G4S ""S""",UNI,1,0,0,0,0,0,1,GENERAL,0,0,0,0,0,1,BLUBLAMLG4SS,0,0
3,"BLUSA BLANCA MANGA LARGA G4S ""XL""",UNI,1,0,0,0,0,0,1,GENERAL,0,0,0,0,0,1,BLUBLAMLG4SXL,0,0
3,"BLUSA CELESTE MANGA CORTA G4S ""2XL""",UNI,1,0,0,0,0,0,1,GENERAL,0,0,0,0,0,1,BLUCELMCG4S2XL,0,0
3,"BLUSA CELESTE MANGA CORTA G4S ""L""",UNI,1,0,0,0,0,0,1,GENERAL,0,0,0,0,0,1,BLUCELMCG4SL,0,0
3,"BLUSA CELESTE MANGA CORTA G4S ""M""",UNI,1,0,0,0,0,0,1,GENERAL,0,0,0,0,0,1,BLUCELMCG4SM,0,0
3,"BLUSA CELESTE MANGA CORTA G4S ""S""",UNI,1,0,0,0,0,0,1,GENERAL,0,0,0,0,0,1,BLUCELMCG4SS,0,0
3,"BLUSA CELESTE MANGA CORTA G4S ""XL""",UNI,1,0,0,0,0,0,1,GENERAL,0,0,0,0,0,1,BLUCELMCG4SXL,0,0
3,"BLUSA CELESTE MANGA CORTA G4S ""XS""",UNI,1,0,0,0,0,0,1,GENERAL,0,0,0,0,0,1,BLUCELMCG4SXS,0,0
3,"BLUSA GRIS MANGA CORTA G4S ""2XL""",UNI,1,0,0,0,0,0,1,GENERAL,0,0,0,0,0,1,BLUGRIMCG4S2XL,0,0
3,"BLUSA GRIS MANGA CORTA G4S ""L""",UNI,1,0,0,0,0,0,1,GENERAL,0,0,0,0,0,1,BLUGRIMCG4SL,0,0
3,"BLUSA GRIS MANGA CORTA G4S ""M""",UNI,1,0,0,0,0,0,1,GENERAL,0,0,0,0,0,1,BLUGRIMCG4SM,0,0
3,"BLUSA GRIS MANGA CORTA G4S ""S""",UNI,1,0,0,0,0,0,1,GENERAL,0,0,0,0,0,1,BLUGRIMCG4SS,0,0
3,"BLUSA GRIS MANGA CORTA G4S ""XL""",UNI,1,0,0,0,0,0,1,GENERAL,0,0,0,0,0,1,BLUGRIMCG4SXL,0,0
3,"BLUSA GRIS MANGA CORTA G4S ""XS""",UNI,1,0,0,0,0,0,1,GENERAL,0,0,0,0,0,1,BLUGRIMCG4SXS,0,0
3,BONO CLIENTE,SRV,3,0,0,0,0,0,4,GENERAL,0,0,0,0,0,1,IC0201,0,0
3,BONO DECRETO,SRV,3,0,0,0,0,0,2,GENERAL,0,0,0,0,0,1,IC0030,0,0
3,BONO DESCANSERO,SRV,3,0,0,0,0,0,2,GENERAL,0,0,0,0,0,1,IC0203,0,0
3,BONO EXTRA CUBRIR DESCANSO,SRV,3,0,0,0,0,0,2,GENERAL,0,0,0,0,0,1,IC0204,0,0
3,BONO JEFE GRUPO,SRV,3,0,0,0,0,0,2,GENERAL,0,0,0,0,0,1,IC0205,0,0
3,BONO PUESTO,SRV,3,0,0,0,0,0,4,GENERAL,0,0,0,0,0,1,IC0202,0,0
3,BONO14 05,SRV,3,0,0,0,0,0,3,GENERAL,0,0,0,0,0,1,IC0075,0,0
3,BONO14 06,SRV,3,0,0,0,0,0,3,GENERAL,0,0,0,0,0,1,IC0076,0,0
3,BONO14 07,SRV,3,0,0,0,0,0,3,GENERAL,0,0,0,0,0,1,IC0077,0,0
3,BONO14 08,SRV,3,0,0,0,0,0,3,GENERAL,0,0,0,0,0,1,IC0078,0,0
3,BONO14 09,SRV,3,0,0,0,0,0,3,GENERAL,0,0,0,0,0,1,IC0079,0,0
3,BONO14 10,SRV,3,0,0,0,0,0,3,GENERAL,0,0,0,0,0,1,IC0080,0,0
3,BONO14 11,SRV,3,0,0,0,0,0,3,GENERAL,0,0,0,0,0,1,IC0081,0,0
3,BONO14 GUARDIA BASICO,SRV,3,0,0,0,0,0,3,GENERAL,0,0,0,0,0,1,IC0072,0,0
3,BONO14 GUARDIA ESTANDAR,SRV,3,0,0,0,0,0,3,GENERAL,0,0,0,0,0,1,IC0071,0,0
3,BONO14 GUARDIA PREMIUM,SRV,3,0,0,0,0,0,3,GENERAL,0,0,0,0,0,1,IC0073,0,0
3,BONO14 JEFE GRUPO,SRV,3,0,0,0,0,0,3,GENERAL,0,0,0,0,0,1,IC0074,0,0
3,BONOS,SRV,3,0,0,1,0,0,99,GENERAL,0,0,0,0,0,1,BONO001,0,0
3,BOTA INDUSTRIAL,UNI,1,0,0,0,0,0,2,GENERAL,0,0,0,0,0,1,ART00014,0,0
3,BOTAS HULE,PAR,1,0,0,0,0,0,2,GENERAL,0,0,0,0,0,1,ART00015,0,0
3,"BOTAS HULE 38""",UNI,1,0,0,0,0,0,2,GENERAL,0,0,0,0,0,1,BHULE38,0,0
3,"BOTAS HULE 39""",UNI,1,0,0,0,0,0,2,GENERAL,0,0,0,0,0,1,BHULE39,0,0
3,"BOTAS HULE 40""",UNI,1,0,0,0,0,0,2,GENERAL,0,0,0,0,0,1,BHULE40,0,0
3,"BOTAS HULE 41""",UNI,1,0,0,0,0,0,2,GENERAL,0,0,0,0,0,1,BHULE41,0,0
3,"BOTAS HULE 42""",UNI,1,0,0,0,0,0,2,GENERAL,0,0,0,0,0,1,BHULE42,0,0
3,"BOTAS HULE 43""",UNI,1,0,0,0,0,0,2,GENERAL,0,0,0,0,0,1,BHULE43,0,0
3,"BOTAS INDUSTRIAL 37""",UNI,1,0,0,0,0,0,2,GENERAL,0,0,0,0,0,1,BOTAINDUS37,0,0
3,"BOTAS INDUSTRIAL 38""",UNI,1,0,0,0,0,0,2,GENERAL,0,0,0,0,0,1,BOTAINDUS38,0,0
3,"BOTAS INDUSTRIAL 39""",UNI,1,0,0,0,0,0,2,GENERAL,0,0,0,0,0,1,BOTAINDUS39,0,0
3,"BOTAS INDUSTRIAL 40""",UNI,1,0,0,0,0,0,2,GENERAL,0,0,0,0,0,1,BOTAINDUS40,0,0
3,"BOTAS INDUSTRIAL 41""",UNI,1,0,0,0,0,0,2,GENERAL,0,0,0,0,0,1,BOTAINDUS41,0,0
3,"BOTAS INDUSTRIAL 42""",UNI,1,0,0,0,0,0,2,GENERAL,0,0,0,0,0,1,BOTAINDUS42,0,0
3,BOTAS MOTORISTA,UNI,1,0,0,0,0,0,2,GENERAL,0,0,0,0,0,1,ART00016,0,0
3,"BOTAS MOTORISTA 38""",UNI,1,0,0,0,0,0,2,GENERAL,0,0,0,0,0,1,BOTMOT38,0,0
3,"BOTAS MOTORISTA 39""",UNI,1,0,0,0,0,0,2,GENERAL,0,0,0,0,0,1,BOTMOT39,0,0
3,"BOTAS MOTORISTA 40""",UNI,1,0,0,0,0,0,2,GENERAL,0,0,0,0,0,1,BOTMOT40,0,0
3,"BOTAS MOTORISTA 41""",UNI,1,0,0,0,0,0,2,GENERAL,0,0,0,0,0,1,BOTMOT41,0,0
3,"BOTAS MOTORISTA 42""",UNI,1,0,0,0,0,0,2,GENERAL,0,0,0,0,0,1,BOTMOT42,0,0
3,"BOTAS MOTORISTA 43""",UNI,1,0,0,0,0,0,2,GENERAL,0,0,0,0,0,1,BOTMOT43,0,0
3,"BOTAS MOTORISTA 44""",UNI,1,0,0,0,0,0,2,GENERAL,0,0,0,0,0,1,BOTMOT44,0,0
3,"BOTAS MOTORISTA 45""",UNI,1,0,0,0,0,0,2,GENERAL,0,0,0,0,0,1,BOTMOT45,0,0
3,"BOTAS MOTORISTA 46""",UNI,1,0,0,0,0,0,2,GENERAL,0,0,0,0,0,1,BOTMOT46,0,0
3,BOTAS MOTORISTA.,PAR,4,1,0,1,0,0,2,GENERAL,0,0,0,0,0,1,BOTA01,0,0
3,"BOTAS NEGRAS T.M. 35""",UNI,1,0,0,0,0,0,2,GENERAL,0,0,0,0,0,1,BOTMIT35,0,0
3,"BOTAS NEGRAS T.M. 36""",UNI,1,0,0,0,0,0,2,GENERAL,0,0,0,0,0,1,BOTMIT36,0,0
3,"BOTAS NEGRAS T.M. 37""",UNI,1,0,0,0,0,0,2,GENERAL,0,0,0,0,0,1,BOTMIT37,0,0
3,"BOTAS NEGRAS T.M. 38""",UNI,1,0,0,0,0,0,2,GENERAL,0,0,0,0,0,1,BOTMIT38,0,0
3,"BOTAS NEGRAS T.M. 39""",UNI,1,0,0,0,0,0,2,GENERAL,0,0,0,0,0,1,BOTMIT39,0,0
3,"BOTAS NEGRAS T.M. 40""",UNI,1,0,0,0,0,0,2,GENERAL,0,0,0,0,0,1,BOTMIT40,0,0
3,"BOTAS NEGRAS T.M. 41""",UNI,1,0,0,0,0,0,2,GENERAL,0,0,0,0,0,1,BOTMIT41,0,0
3,"BOTAS NEGRAS T.M. 42""",UNI,1,0,0,0,0,0,2,GENERAL,0,0,0,0,0,1,BOTMIT42,0,0
3,"BOTAS NEGRAS T.M. 43""",UNI,1,0,0,0,0,0,2,GENERAL,0,0,0,0,0,1,BOTMIT43,0,0
3,"BOTAS NEGRAS T.M. 44""",UNI,1,0,0,0,0,0,2,GENERAL,0,0,0,0,0,1,BOTMIT44,0,0
3,"BOTAS NEGRAS T.M. 45""",UNI,1,0,0,0,0,0,2,GENERAL,0,0,0,0,0,1,BOTMIT45,0,0
3,"BOTAS NEGRAS T.M. 46""",UNI,1,0,0,0,0,0,2,GENERAL,0,0,0,0,0,1,BOTMIT46,0,0
3,BOTAS TIPO MILITAR,UNI,1,0,0,0,0,0,2,GENERAL,0,0,0,0,0,1,ART00017,0,0
3,CADENA PARA GORGORITO,UNI,1,0,0,0,0,0,2,GENERAL,0,0,0,0,0,1,CADENAG,0,0
3,CAMARA PORTATIL GUARDIA,UNI,1,0,0,0,0,0,2,GENERAL,0,0,0,0,0,1,ART00018,0,0
3,"CAMISA AZUL ADMINISTRATIVA  M/CORTA G4S ""L""",UNI,1,0,0,0,0,0,1,GENERAL,0,0,0,0,0,1,CAMADAZLL,0,0
3,"CAMISA AZUL ADMINISTRATIVA  M/CORTA G4S ""M""",UNI,1,0,0,0,0,0,1,GENERAL,0,0,0,0,0,1,CAMADAZLM,0,0
3,"CAMISA AZUL ADMINISTRATIVA  M/CORTA G4S ""S""",UNI,1,0,0,0,0,0,1,GENERAL,0,0,0,0,0,1,CAMADAZLS,0,0
3,"CAMISA AZUL ADMINISTRATIVA  M/CORTA G4S ""XL""",UNI,1,0,0,0,0,0,1,GENERAL,0,0,0,0,0,1,CAMADAZLXL,0,0
3,CAMISA BEIGE,UNI,4,1,0,1,0,0,2,GENERAL,0,0,0,0,0,1,CAM0003,0,0
3,"CAMISA BEIGE MANGA CORTA ""3XL""",UNI,1,0,0,0,0,0,1,GENERAL,0,0,0,0,0,1,CCUSTO3XL,0,0
3,"CAMISA BEIGE MANGA CORTA ""4XL""",UNI,1,0,0,0,0,0,1,GENERAL,0,0,0,0,0,1,CCUSTO4XL,0,0
3,"CAMISA BEIGE MANGA CORTA ""5XL""",UNI,1,0,0,0,0,0,1,GENERAL,0,0,0,0,0,1,CCUSTO5XL,0,0
3,"CAMISA BEIGE MANGA CORTA ""L""",UNI,1,0,0,0,0,0,1,GENERAL,0,0,0,0,0,1,CCUSTOL,0,0
3,"CAMISA BEIGE MANGA CORTA ""M""",UNI,1,0,0,0,0,0,1,GENERAL,0,0,0,0,0,1,CCUSTOM ,0,0
3,"CAMISA BEIGE MANGA CORTA ""S""",UNI,1,0,0,0,0,0,1,GENERAL,0,0,0,0,0,1,CCUSTOS,0,0
3,"CAMISA BEIGE MANGA CORTA ""XL""",UNI,1,0,0,0,0,0,1,GENERAL,0,0,0,0,0,1,CCUSTOXL,0,0
3,"CAMISA BEIGE MANGA CORTA ""XXL""",UNI,1,0,0,0,0,0,1,GENERAL,0,0,0,0,0,1,CCUSTO2XL,0,0
3,"CAMISA BEIGE MANGA LARGA ""3XL""",UNI,1,0,0,0,0,0,1,GENERAL,0,0,0,0,0,1,CSUPER3XL,0,0
3,"CAMISA BEIGE MANGA LARGA ""4XL""",UNI,1,0,0,0,0,0,1,GENERAL,0,0,0,0,0,1,CSUPER4XL,0,0
3,"CAMISA BEIGE MANGA LARGA ""L""",UNI,1,0,0,0,0,0,1,GENERAL,0,0,0,0,0,1,CSUPERL,0,0
3,"CAMISA BEIGE MANGA LARGA ""M""",UNI,1,0,0,0,0,0,1,GENERAL,0,0,0,0,0,1,CSUPERM,0,0
3,"CAMISA BEIGE MANGA LARGA ""S""",UNI,1,0,0,0,0,0,1,GENERAL,0,0,0,0,0,1,CSUPERS,0,0
3,"CAMISA BEIGE MANGA LARGA ""XL""",UNI,1,0,0,0,0,0,1,GENERAL,0,0,0,0,0,1,CSUPERXL,0,0
3,"CAMISA BEIGE MANGA LARGA ""XXL""",UNI,1,0,0,0,0,0,1,GENERAL,0,0,0,0,0,1,CSUPER2XL,0,0
3,CAMISA BLANCA,UNI,4,1,0,1,0,0,2,GENERAL,0,0,0,0,0,1,CAM0001,0,0
3,"CAMISA BLANCA ADMINISTRATIVA M /LARGA G4S  ""L""",UNI,1,0,0,0,0,0,1,GENERAL,0,0,0,0,0,1,CAMADMINL,0,0
3,"CAMISA BLANCA ADMINISTRATIVA M /LARGA G4S ""2XL""",UNI,1,0,0,0,0,0,1,GENERAL,0,0,0,0,0,1,CAMADMIN2XL,0,0
3,"CAMISA BLANCA ADMINISTRATIVA M /LARGA G4S ""3XL""",UNI,1,0,0,0,0,0,1,GENERAL,0,0,0,0,0,1,CAMADMIN3XL,0,0
3,"CAMISA BLANCA ADMINISTRATIVA M /LARGA G4S ""5XL""",UNI,1,0,0,0,0,0,1,GENERAL,0,0,0,0,0,1,CAMADMIN5XL,0,0
3,"CAMISA BLANCA ADMINISTRATIVA M /LARGA G4S ""M""",UNI,1,0,0,0,0,0,1,GENERAL,0,0,0,0,0,1,CAMADMINM,0,0
3,"CAMISA BLANCA ADMINISTRATIVA M /LARGA G4S ""S""",UNI,1,0,0,0,0,0,1,GENERAL,0,0,0,0,0,1,CAMADMINS,0,0
3,"CAMISA BLANCA ADMINISTRATIVA M /LARGA G4S ""XL""",UNI,1,0,0,0,0,0,1,GENERAL,0,0,0,0,0,1,CAMADMINXL,0,0
3,"CAMISA BLANCA CON NEGRO POLO G4S ""L""",UNI,1,0,0,0,0,0,1,GENERAL,0,0,0,0,0,1,CPOLOL,0,0
3,"CAMISA BLANCA CON NEGRO POLO G4S ""M""",UNI,1,0,0,0,0,0,1,GENERAL,0,0,0,0,0,1,CPOLOM,0,0
3,CAMISA BLANCA FORMAL,UNI,4,1,0,1,0,0,2,GENERAL,0,0,0,0,0,1,CAM0002,0,0
3,"CAMISA BLANCA FORMAL ARROW 14.5"" ""S""",UNI,1,0,0,0,0,0,1,GENERAL,0,0,0,0,0,1,CARROW14.5,0,0
3,"CAMISA BLANCA FORMAL ARROW 15"" ""M""",UNI,1,0,0,0,0,0,1,GENERAL,0,0,0,0,0,1,CARROW15,0,0
3,"CAMISA BLANCA FORMAL ARROW 16"" ""L""",UNI,1,0,0,0,0,0,1,GENERAL,0,0,0,0,0,1,CARROW16,0,0
3,"CAMISA BLANCA FORMAL ARROW 17 1/2"" ""XL""",UNI,1,0,0,0,0,0,1,GENERAL,0,0,0,0,0,1,CARROW17.5,0,0
3,"CAMISA BLANCA FORMAL ARROW 17"" ""XL""",UNI,1,0,0,0,0,0,1,GENERAL,0,0,0,0,0,1,CARROW17,0,0
3,"CAMISA BLANCA GALA MANGA CORTA ""3XL""",UNI,1,0,0,0,0,0,1,GENERAL,0,0,0,0,0,1,CINSPECT3XL,0,0
3,"CAMISA BLANCA GALA MANGA CORTA ""5XL""",UNI,1,0,0,0,0,0,1,GENERAL,0,0,0,0,0,1,CINSPECT5XL,0,0
3,"CAMISA BLANCA GALA MANGA CORTA ""L""",UNI,1,0,0,0,0,0,1,GENERAL,0,0,0,0,0,1,CINSPECTL,0,0
3,"CAMISA BLANCA GALA MANGA CORTA ""M""",UNI,1,0,0,0,0,0,1,GENERAL,0,0,0,0,0,1,CINSPECTM,0,0
3,"CAMISA BLANCA GALA MANGA CORTA ""S""",UNI,1,0,0,0,0,0,1,GENERAL,0,0,0,0,0,1,CINSPECTS,0,0
3,"CAMISA BLANCA GALA MANGA CORTA ""XL""",UNI,1,0,0,0,0,0,1,GENERAL,0,0,0,0,0,1,CINSPECTXL,0,0
3,"CAMISA BLANCA GALA MANGA CORTA ""XXL""",UNI,1,0,0,0,0,0,1,GENERAL,0,0,0,0,0,1,CINSPECT2XL,0,0
3,"CAMISA BLANCA GALA MANGA LARGA ""2XL""",UNI,1,0,0,0,0,0,1,GENERAL,0,0,0,0,0,1,CGALA2XL,0,0
3,"CAMISA BLANCA GALA MANGA LARGA ""3XL""",UNI,1,0,0,0,0,0,1,GENERAL,0,0,0,0,0,1,CGALA3XL,0,0
3,"CAMISA BLANCA GALA MANGA LARGA ""4XL""",UNI,1,0,0,0,0,0,1,GENERAL,0,0,0,0,0,1,CGALA4XL,0,0
3,"CAMISA BLANCA GALA MANGA LARGA ""5XL""",UNI,1,0,0,0,0,0,1,GENERAL,0,0,0,0,0,1,CGALA5XL,0,0
3,"CAMISA BLANCA GALA MANGA LARGA ""L""",UNI,1,0,0,0,0,0,1,GENERAL,0,0,0,0,0,1,CGALAL,0,0
3,"CAMISA BLANCA GALA MANGA LARGA ""M""",UNI,1,0,0,0,0,0,1,GENERAL,0,0,0,0,0,1,CGALAM,0,0
3,"CAMISA BLANCA GALA MANGA LARGA ""S""",UNI,1,0,0,0,0,0,1,GENERAL,0,0,0,0,0,1,CGALAS ,0,0
3,"CAMISA BLANCA GALA MANGA LARGA ""XL""",UNI,1,0,0,0,0,0,1,GENERAL,0,0,0,0,0,1,CGALAXL,0,0
3,"CAMISA BLANCO CON NEGRO POLO G4S ""S""",UNI,1,0,0,0,0,0,1,GENERAL,0,0,0,0,0,1,CPOLOS,0,0
3,"CAMISA BLANCO POLO G4S ""S""",UNI,1,0,0,0,0,0,1,GENERAL,0,0,0,0,0,1,CPOLOBLAS,0,0
3,"CAMISA COBIGUA ""2XL""",UNI,1,0,0,0,0,0,1,GENERAL,0,0,0,0,0,1,CCOBIGUA2XL,0,0
3,"CAMISA COBIGUA ""3XL""",UNI,1,0,0,0,0,0,1,GENERAL,0,0,0,0,0,1,CCOBIGUA3XL,0,0
3,"CAMISA COBIGUA ""5XL""",UNI,1,0,0,0,0,0,1,GENERAL,0,0,0,0,0,1,CCOBIGUA5XL,0,0
3,"CAMISA COBIGUA ""L""",UNI,1,0,0,0,0,0,1,GENERAL,0,0,0,0,0,1,CCOBIGUAL,0,0
3,"CAMISA COBIGUA ""M""",UNI,1,0,0,0,0,0,1,GENERAL,0,0,0,0,0,1,CCOBIGUAM,0,0
3,"CAMISA COBIGUA ""S""",UNI,1,0,0,0,0,0,1,GENERAL,0,0,0,0,0,1,CCOBIGUAS,0,0
3,"CAMISA COBIGUA ""XL""",UNI,1,0,0,0,0,0,1,GENERAL,0,0,0,0,0,1,CCOBIGUAXL,0,0
3,CANANA 12 SINTETICO,UNI,1,0,0,0,0,0,2,GENERAL,0,0,0,0,0,1,CANANA12,0,0
3,CANANA 38 SINTETICO,UNI,1,0,0,0,0,0,2,GENERAL,0,0,0,0,0,1,CANANA38,0,0
3,CAPACITACION,UNI,3,0,0,0,0,0,2,GENERAL,0,0,0,0,0,1,IC0251,0,0
3,CAPACITACION DIGESSP,UNI,3,0,0,0,0,0,2,GENERAL,0,0,0,0,0,1,IC0252,0,0
3,CARGOS POR ATRASOS EN SUS PAGOS,,3,0,0,1,0,0,0,GENERAL,0,0,0,0,0,1,INTMORA,0,0
3,CASCO INDUSTRIAL,UNI,1,0,0,0,0,0,2,GENERAL,0,0,0,0,0,1,CASCOINDUS,0,0
3,CASCO PARA MOTORISTA NUEVOS,UNI,1,0,0,0,0,0,2,GENERAL,0,0,0,0,0,1,CASCOMOTO,0,0
3,CASCOS AMARILLOS,UNI,1,0,0,0,0,0,2,GENERAL,0,0,0,0,0,1,ART00019,0,0
3,CASCOS MOTORISTA,UNI,1,0,0,0,0,0,2,GENERAL,0,0,0,0,0,1,ART00020,0,0
3,CELULAR,,3,0,0,1,0,0,0,GENERAL,0,0,0,0,0,1,9004,0,0
3,CHALECO ANTIBALAS,,3,0,0,1,0,0,0,GENERAL,0,0,0,0,0,1,6001,0,0
3,CHALECO BLINDADO,UNI,4,1,0,1,0,0,2,GENERAL,0,0,0,0,0,1,CHAL0001,0,0
3,CHALECO BLINDADO MIGUEL CABALLERO,UNI,1,0,0,0,0,0,2,GENERAL,0,0,0,0,0,1,CHALECOMC,0,0
3,CHALECO BLINDADO TIPO CAMISETA SEG. EJECUTIVA,UNI,1,0,0,0,0,0,2,GENERAL,0,0,0,0,0,1,CAMISETABLIN,0,0
3,CHALECO EJECUTIVO BEIGE,UNI,1,0,0,0,0,0,2,GENERAL,0,0,0,0,0,1,CHALEJEB,0,0
3,CHALECO EJECUTIVO NEGRO,UNI,1,0,0,0,0,0,2,GENERAL,0,0,0,0,0,1,CHALEJEN,0,0
3,"CHALECO NEGRO G4S ""L""",UNI,1,0,0,0,0,0,2,GENERAL,0,0,0,0,0,1,CHALNG4SL,0,0
3,CHALECO REFLECTIVO,UNI,1,0,0,0,0,0,2,GENERAL,0,0,0,0,0,1,ART00021,0,0
3,CHALECO REFLECTIVO NARANJA,UNI,1,0,0,0,0,0,2,GENERAL,0,0,0,0,0,1,CHALECOMOTO,0,0
3,CHALECO TIPO ARNES,UNI,1,0,0,0,0,0,2,GENERAL,0,0,0,0,0,1,ART00022,0,0
3,"CHUMPA TIPO AVIADOR ""L""",UNI,1,0,0,0,0,0,2,GENERAL,0,0,0,0,0,1,CHUMPAAVL,0,0
3,"CHUMPA TIPO AVIADOR ""M""",UNI,1,0,0,0,0,0,2,GENERAL,0,0,0,0,0,1,CHUMPAAVM,0,0
3,"CHUMPA TIPO AVIADOR ""S""",UNI,1,0,0,0,0,0,2,GENERAL,0,0,0,0,0,1,CHUMPAAVS,0,0
3,CINCHO T.M.,UNI,1,0,0,0,0,0,2,GENERAL,0,0,0,0,0,1,CINCHOMILI,0,0
3,CINCHO TIPO MILITAR,UNI,1,0,0,0,0,0,2,GENERAL,0,0,0,0,0,1,ART00061,0,0
3,CINTURON CINTETICO,UNI,1,0,0,0,0,0,2,GENERAL,0,0,0,0,0,1,ART00023,0,0
3,CINTURON SINTETICO,UNI,1,0,0,0,0,0,2,GENERAL,0,0,0,0,0,1,CINTURONSIN,0,0
3,CODERAS,UNI,1,0,0,0,0,0,2,GENERAL,0,0,0,0,0,1,CODERA,0,0
3,COLCHONETAS DE ALGODON,UNI,1,0,0,0,0,0,2,GENERAL,0,0,0,0,0,1,COLCHON,0,0
3,CONTRATO,,3,0,0,1,0,0,0,GENERAL,0,0,0,0,0,1,CONTRATO,0,0
3,CONTROL DE RONDAS (NO INCLUYE INSTALACION),UNI,1,0,0,0,0,0,2,GENERAL,0,0,0,0,0,1,ART00024,0,0
3,COORDINADOR DE PROYECTO,,3,0,0,1,0,0,0,GENERAL,0,0,0,0,0,1,7001,0,0
3,COORDINADOR PROYECTO JR (NUEVO),GDA,3,1,0,1,1,0,99,GENERAL,0,0,0,1,0,1,COOR01,0,0
3,COORDINADOR PROYECTO SR (NUEVO),SRV,3,1,0,1,1,0,99,GENERAL,0,0,0,1,0,1,COOR02,0,0
3,CORBATA ADMINISTRATIVA ROJA G4S,UNI,1,0,0,0,0,0,2,GENERAL,0,0,0,0,0,1,CORBATAG4S,0,0
3,CORBATA AZUL,UNI,1,0,0,0,0,0,2,GENERAL,0,0,0,0,0,1,CORBAZUL,0,0
3,CORBATA AZUL.,UNI,1,0,0,0,0,0,2,GENERAL,0,0,0,0,0,1,ART00026,0,0
3,CORBATA TIPO PIZARRIN,UNI,1,0,0,0,0,0,2,GENERAL,0,0,0,0,0,1,ART00025,0,0
3,CORBATIN ADMINISTRATIVO ROJO G4S,UNI,1,0,0,0,0,0,2,GENERAL,0,0,0,0,0,1,CORBATING4S,0,0
3,CUADERNO G4S,UNI,1,0,0,0,0,0,2,GENERAL,0,0,0,0,0,1,CUADERNO,0,0
3,CUOTA PATRONAL 05,SRV,3,0,0,0,0,0,3,GENERAL,0,0,0,0,0,1,IC0165,0,0
3,CUOTA PATRONAL 06,SRV,3,0,0,0,0,0,3,GENERAL,0,0,0,0,0,1,IC0166,0,0
3,CUOTA PATRONAL 07,SRV,3,0,0,0,0,0,3,GENERAL,0,0,0,0,0,1,IC0167,0,0
3,CUOTA PATRONAL 08,SRV,3,0,0,0,0,0,3,GENERAL,0,0,0,0,0,1,IC0168,0,0
3,CUOTA PATRONAL 09,SRV,3,0,0,0,0,0,3,GENERAL,0,0,0,0,0,1,IC0169,0,0
3,CUOTA PATRONAL 10,SRV,3,0,0,0,0,0,3,GENERAL,0,0,0,0,0,1,IC0170,0,0
3,CUOTA PATRONAL 11,SRV,3,0,0,0,0,0,3,GENERAL,0,0,0,0,0,1,IC0171,0,0
3,CUOTA PATRONAL GUARDIA BASICO,SRV,3,0,0,0,0,0,3,GENERAL,0,0,0,0,0,1,IC0162,0,0
3,CUOTA PATRONAL GUARDIA ESTANDAR,SRV,3,0,0,0,0,0,3,GENERAL,0,0,0,0,0,1,IC0161,0,0
3,CUOTA PATRONAL GUARDIA PREMIUM,SRV,3,0,0,0,0,0,3,GENERAL,0,0,0,0,0,1,IC0163,0,0
3,CUOTA PATRONAL JEFE GRUPO,SRV,3,0,0,0,0,0,3,GENERAL,0,0,0,0,0,1,IC0164,0,0
3,CUSTODIA,,3,0,0,1,0,0,0,GENERAL,0,0,0,0,0,1,CUS02,0,0
3,CUSTODIA,,3,0,0,1,0,0,0,GENERAL,0,0,0,0,0,1,CUS03,0,0
3,CUSTODIA,,3,0,0,1,0,0,0,GENERAL,0,0,0,0,0,1,CUS10,0,0
3,CUSTODIA CONTENEDORES,SRV,3,0,0,1,0,0,0,GENERAL,0,0,0,0,0,1,CUS01,0,0
3,CUSTODIA GPS MARCHAMO,SRV,3,0,0,1,0,0,0,GENERAL,0,0,0,0,0,1,CUSMARCHAMO,0,0
3,CUSTODIA INTERNACIONAL,,3,0,0,1,0,0,0,GENERAL,0,0,0,0,0,1,CUINT,0,0
3,CUSTODIO ABORDO,UNI,3,0,0,1,0,0,0,GENERAL,0,0,0,0,0,1,CUS001,0,0
3,CUSTODIO MENSUAL,,3,0,0,1,0,0,0,GENERAL,0,0,0,0,0,1,7094,0,0
3,Custodio x viaje turno 12 horas con retorno,,3,0,0,1,0,0,0,GENERAL,0,0,0,0,0,1,4000,0,0
3,DESCANSERO,SRV,3,1,0,1,1,0,99,GENERAL,0,0,0,0,0,1,DESC,0,0
3,DESCANSERO GUARDIA ANFITRION B,GDA,3,1,0,1,1,0,99,GENERAL,0,0,0,0,0,1,DES004,0,0
3,DESCANSERO GUARDIA BASICO,GDA,3,1,0,1,1,0,99,GENERAL,0,0,0,0,0,1,DES002,0,0
3,DESCANSERO GUARDIA ESTANDAR,GDA,3,1,0,1,1,0,99,GENERAL,0,0,0,0,0,1,DES001,0,0
3,DESCANSERO GUARDIA PREMIUM,GDA,3,1,0,1,1,0,99,GENERAL,0,0,0,0,0,1,DES003,0,0
3,DESCANSERO JEFE GRUPO,GDA,3,1,0,1,1,0,99,GENERAL,0,0,0,0,0,1,DES005,0,0
3,DESCANSERO SUPERVISOR,GDA,3,1,0,1,1,0,99,GENERAL,0,0,0,0,0,1,DES006,0,0
3,DETECTOR DE METAL O GARRET SENSORMATIC,UNI,1,0,0,0,0,0,2,GENERAL,0,0,0,0,0,1,DETMETAL,0,0
3,DETECTOR DE METALES (SENSORMATIC),UNI,1,0,0,0,0,0,2,GENERAL,0,0,0,0,0,1,ART00028,0,0
3,DETECTOR DE METALES MANUAL,,3,0,0,1,0,0,0,GENERAL,0,0,0,0,0,1,3285,0,0
3,ENTREVISTAS,,3,0,0,1,0,0,0,GENERAL,0,0,0,0,0,1,1004,0,0
3,EQUIPO DE GPS,UNI,4,1,0,1,0,0,99,GENERAL,0,0,0,0,0,1,GPS0001,0,0
3,EQUIPO GPS ,,3,0,0,1,0,0,0,GENERAL,0,0,0,0,0,1,2005,0,0
3,ESCOPETA,UNI,4,1,0,1,0,0,2,GENERAL,0,0,0,0,0,1,ESC0001,0,0
3,ESTUFA DE  2 HORNILLA,UNI,1,0,0,0,0,0,2,GENERAL,0,0,0,0,0,1,ESTUFA2,0,0
3,ESTUFA DE 1 HORNILLA,UNI,1,0,0,0,0,0,2,GENERAL,0,0,0,0,0,1,ESTUFA1,0,0
3,ESTUFA DE 1 HORNILLAS,UNI,1,0,0,0,0,0,2,GENERAL,0,0,0,0,0,1,ART00029,0,0
3,ESTUFA DE 2 HORNILLAS,UNI,1,0,0,0,0,0,2,GENERAL,0,0,0,0,0,1,ART00030,0,0
3,FUNDA CON TAPADERA,UNI,1,0,0,0,0,0,2,GENERAL,0,0,0,0,0,1,ART00031,0,0
3,FUNDA NEGRA PARA CHALECO BLINDADO,UNI,1,0,0,0,0,0,2,GENERAL,0,0,0,0,0,1,FUNDANEGRACH,0,0
3,FUNDA NORMAL CANANA 38 MM,UNI,1,0,0,0,0,0,2,GENERAL,0,0,0,0,0,1,ART00032,0,0
3,FUNDA P/REVOLVER SINTETICO,UNI,1,0,0,0,0,0,2,GENERAL,0,0,0,0,0,1,FUNDAPISTOLA,0,0
3,FUNDA PARA GAFETE,UNI,1,0,0,0,0,0,2,GENERAL,0,0,0,0,0,1,FUNDAGAFETE,0,0
3,FUNDA VERDE PARA CHALECO BLINDADO,UNI,1,0,0,0,0,0,2,GENERAL,0,0,0,0,0,1,FUNDAVERDECH,0,0
3,FUNDAS Y SINTETICO SOBAQUERA,UNI,1,0,0,0,0,0,2,GENERAL,0,0,0,0,0,1,ART00033,0,0
3,GAFETE DE IDENTIFICACION,UNI,1,0,0,0,0,0,2,GENERAL,0,0,0,0,0,1,ART00034,0,0
3,GANCHO GAFETE,UNI,1,0,0,0,0,0,2,GENERAL,0,0,0,0,0,1,ART00060,0,0
3,GANCHO PARA GAFETE,UNI,1,0,0,0,0,0,2,GENERAL,0,0,0,0,0,1,GANCHOGAF,0,0
3,GAS PIMIENTA,UNI,1,0,0,0,0,0,2,GENERAL,0,0,0,0,0,1,GASPIM,0,0
3,GORGORITO,UNI,1,0,0,0,0,0,2,GENERAL,0,0,0,0,0,1,ART00035,0,0
3,GORRA NEGRA G4S,UNI,1,0,0,0,0,0,2,GENERAL,0,0,0,0,0,1,GONEG01,0,0
3,GORRA NEGRA G4S/CMI,UNI,1,0,0,0,0,0,2,GENERAL,0,0,0,0,0,1,GONEG02,0,0
3,GPS,,3,0,0,1,0,0,0,GENERAL,0,0,0,0,0,1,GPS,0,0
3,GRILLETES,UNI,1,0,0,0,0,0,2,GENERAL,0,0,0,0,0,1,ART00036,0,0
3,GUANTES DE CUERO PARA MOTORISTA,UNI,1,0,0,0,0,0,2,GENERAL,0,0,0,0,0,1,GUANTESMOT,0,0
3,GUARDIA,,3,0,0,1,0,0,0,GENERAL,0,0,0,0,0,1,GUAR2,0,0
3,GUARDIA,,3,0,0,1,0,0,0,GENERAL,0,0,0,0,0,1,GUAR3,0,0
3,GUARDIA,,3,0,0,1,0,0,0,GENERAL,0,0,0,0,0,1,GUAR4,0,0
3,GUARDIA,,3,0,0,1,0,0,0,GENERAL,0,0,0,0,0,1,GUAR5,0,0
3,GUARDIA,,3,0,0,1,0,0,0,GENERAL,0,0,0,0,0,1,GUAR6,0,0
3,GUARDIA ANFITRION B (NUEVO),SRV,3,1,0,1,1,0,99,GENERAL,0,0,0,1,0,1,GUAR04,0,0
3,GUARDIA BASICO (NUEVO),SRV,3,1,0,1,1,0,99,GENERAL,0,0,0,1,0,1,GUAR02,0,0
3,GUARDIA ESTANDAR (NUEVO),GDA,3,1,0,1,1,0,99,GENERAL,0,0,0,1,0,1,GUAR01,0,0
3,GUARDIA PREMIUM (NUEVO),SRV,3,1,0,1,1,0,99,GENERAL,0,0,0,1,0,1,GUAR03,0,0
3,GUARDIAS,GDA,3,0,0,1,0,0,0,GENERAL,0,0,0,0,0,1,GUAR1,0,0
3,HOMOLOGACION DE GPS,,3,0,0,1,0,0,0,GENERAL,0,0,0,0,0,1,2007,0,0
3,HORA EXTRA,HORA,3,0,0,1,0,0,0,GENERAL,0,0,0,0,0,1,HORA,0,0
3,HORAS FERIADOS Y ASUETOS,UNI,3,0,0,0,0,0,2,GENERAL,0,0,0,0,0,1,IC0254,0,0
3,HOSPEDAJE,SRV,3,0,0,0,0,0,99,GENERAL,0,0,0,0,0,1,SRV0006,0,0
3,"IMPERMEABLE MOTORISTA ""L""",UNI,1,0,0,0,0,0,2,GENERAL,0,0,0,0,0,1,TIMPL,0,0
3,"IMPERMEABLE MOTORISTA ""M""",UNI,1,0,0,0,0,0,2,GENERAL,0,0,0,0,0,1,TIMPM,0,0
3,"IMPERMEABLE MOTORISTA ""S""",UNI,1,0,0,0,0,0,2,GENERAL,0,0,0,0,0,1,TIMPS,0,0
3,"IMPERMEABLE MOTORISTA ""XL""",UNI,1,0,0,0,0,0,2,GENERAL,0,0,0,0,0,1,TIMPXL,0,0
3,"IMPERMEABLE MOTORISTA ""XXL""",UNI,1,0,0,0,0,0,2,GENERAL,0,0,0,0,0,1,TIMP2XL,0,0
3,"IMPERMEABLE MOTORISTA ""XXXL""",UNI,1,0,0,0,0,0,2,GENERAL,0,0,0,0,0,1,TIMP3XL,0,0
3,IMPREVISTOS,SRV,3,0,0,0,0,0,4,GENERAL,0,0,0,0,0,1,IMPRE01,0,0
3,IMPREVISTOS RECURRENTES,SRV,3,0,0,0,0,0,4,GENERAL,0,0,0,0,0,1,IMPRE02,0,0
3,INCREMENTO SALARIAL POR DECRETO,,3,0,0,1,0,0,0,GENERAL,0,0,0,0,0,1,INCREMENTO,0,0
3,INDEMNIZACION 05,SRV,3,0,0,0,0,0,3,GENERAL,0,0,0,0,0,1,IC0135,0,0
3,INDEMNIZACION 06,SRV,3,0,0,0,0,0,3,GENERAL,0,0,0,0,0,1,IC0136,0,0
3,INDEMNIZACION 07,SRV,3,0,0,0,0,0,3,GENERAL,0,0,0,0,0,1,IC0137,0,0
3,INDEMNIZACION 08,SRV,3,0,0,0,0,0,3,GENERAL,0,0,0,0,0,1,IC0138,0,0
3,INDEMNIZACION 09,SRV,3,0,0,0,0,0,3,GENERAL,0,0,0,0,0,1,IC0139,0,0
3,INDEMNIZACION 10,SRV,3,0,0,0,0,0,3,GENERAL,0,0,0,0,0,1,IC0140,0,0
3,INDEMNIZACION 11,SRV,3,0,0,0,0,0,3,GENERAL,0,0,0,0,0,1,IC0141,0,0
3,INDEMNIZACION GUARDIA BASICO,SRV,3,0,0,0,0,0,3,GENERAL,0,0,0,0,0,1,IC0132,0,0
3,INDEMNIZACION GUARDIA ESTANDAR,SRV,3,0,0,0,0,0,3,GENERAL,0,0,0,0,0,1,IC0131,0,0
3,INDEMNIZACION GUARDIA PREMIUM,SRV,3,0,0,0,0,0,3,GENERAL,0,0,0,0,0,1,IC0133,0,0
3,INDEMNIZACION JEFE GRUPO,SRV,3,0,0,0,0,0,3,GENERAL,0,0,0,0,0,1,IC0134,0,0
3,INSPECTORES,,3,0,0,1,0,0,0,GENERAL,0,0,0,0,0,1,INS01,0,0
3,INSTALACION GPS,,3,0,0,1,0,0,0,GENERAL,0,0,0,0,0,1,2008,0,0
3,INTERES,,3,0,0,1,0,0,0,GENERAL,0,0,0,0,0,1,100,0,0
3,ITEMS FINANCIEROS,SRV,3,0,0,0,1,0,99,GENERAL,0,0,0,0,0,1,IC0250,0,0
3,JEFE DE GRUPO,,3,0,0,1,0,0,0,GENERAL,0,0,0,0,0,1,JEF02,0,0
3,JEFE DE GRUPO,,3,0,0,1,0,0,0,GENERAL,0,0,0,0,0,1,7099,0,0
3,JEFE DE GRUPO.,SRV,3,1,0,1,1,0,99,GENERAL,0,0,0,1,0,1,JEF01,0,0
3,JEFE GRUPO (MANEJA MOTO),SRV,3,1,0,1,1,0,99,GENERAL,0,0,0,1,0,1,JEF03,0,0
3,JEFE OPERACIONES (NUEVO),SRV,3,1,0,1,1,0,99,GENERAL,0,0,0,1,0,1,JOPS01,0,0
3,KEPPY CELESTE # 3,UNI,1,0,0,0,0,0,2,GENERAL,0,0,0,0,0,1,KEPY3,0,0
3,KEPPY CELESTE # 4,UNI,1,0,0,0,0,0,2,GENERAL,0,0,0,0,0,1,KEPY4,0,0
3,KEPPY CELESTE # 5,UNI,1,0,0,0,0,0,2,GENERAL,0,0,0,0,0,1,KEPY5,0,0
3,KEPPY CELESTE # 6,UNI,1,0,0,0,0,0,2,GENERAL,0,0,0,0,0,1,KEPY6,0,0
3,KEPPY CELESTE # 7,UNI,1,0,0,0,0,0,2,GENERAL,0,0,0,0,0,1,KEPY7,0,0
3,KEPPY CELESTE # 8,UNI,1,0,0,0,0,0,2,GENERAL,0,0,0,0,0,1,KEPY8,0,0
3,KEPY,UNI,1,0,0,0,0,0,2,GENERAL,0,0,0,0,0,1,ART00037,0,0
3,KEYPI CELESTE,UNI,4,1,0,1,0,0,2,GENERAL,0,0,0,0,0,1,KEPI,0,0
3,KIT SANITIZACION NIVEL BAJO,UNI,1,0,0,0,0,0,2,GENERAL,0,0,0,0,0,1,ART00038,0,0
3,LAPICEROS,UNI,1,0,0,0,0,0,2,GENERAL,0,0,0,0,0,1,ART00039,0,0
3,LAPIZ ELECTRONICO,UNI,1,0,0,0,0,0,2,GENERAL,0,0,0,0,0,1,ART00040,0,0
3,LAPTOP,UNI,4,1,0,1,0,0,99,GENERAL,0,0,0,0,0,1,LAP0001,0,0
3,LENTES INDUSTRIALES,UNI,1,0,0,0,0,0,2,GENERAL,0,0,0,0,0,1,ART00041,0,0
3,LENTES PLASTICOS DE PROTECCION,UNI,1,0,0,0,0,0,2,GENERAL,0,0,0,0,0,1,LENTESPROT,0,0
3,LIBRO DE ACTAS,UNI,1,0,0,0,0,0,2,GENERAL,0,0,0,0,0,1,ART00027,0,0
3,LINTERNA,UNI,1,0,0,0,0,0,2,GENERAL,0,0,0,0,0,1,ART00042,0,0
3,LINTERNA ANTICHISPA,UNI,1,0,0,0,0,0,2,GENERAL,0,0,0,0,0,1,ART00043,0,0
3,LINTERNA ANTICHISPAS,UNI,1,0,0,0,0,0,2,GENERAL,0,0,0,0,0,1,LINTERNAANT,0,0
3,LINTERNA LARGO ALCANCE,UNI,1,0,0,0,0,0,2,GENERAL,0,0,0,0,0,1,LINTERNALAR,0,0
3,LINTERNA LED RECARGABLE ESTANDAR,UNI,1,0,0,0,0,0,2,GENERAL,0,0,0,0,0,1,LINTERNALED,0,0
3,LITERA CON COLCHONETAS,UNI,1,0,0,0,0,0,2,GENERAL,0,0,0,0,0,1,LITERACC,0,0
3,MESAS PLASTICAS,UNI,1,0,0,0,0,0,2,GENERAL,0,0,0,0,0,1,MESAPL,0,0
3,MICROONDAS,UNI,1,0,0,0,0,0,2,GENERAL,0,0,0,0,0,1,MICRO,0,0
3,MONITOREO,,3,0,0,1,0,0,0,GENERAL,0,0,0,0,0,1,2006,0,0
3,MULTIMAX,,3,0,0,1,0,0,0,GENERAL,0,0,0,0,0,1,MMAX1,0,0
3,MUNICION ESCOPETA,UNI,1,0,0,0,0,0,2,GENERAL,0,0,0,0,0,1,ART00044,0,0
3,MUNICION PISTOLA,UNI,1,0,0,0,0,0,2,GENERAL,0,0,0,0,0,1,ART00045,0,0
3,MUNICION REVOLVER,UNI,1,0,0,0,0,0,2,GENERAL,0,0,0,0,0,1,ART00046,0,0
3,OPERADOR MONITOREO (NUEVO),SRV,3,1,0,1,1,0,99,GENERAL,0,0,0,1,0,1,MONI01,0,0
3,OTROS,,3,0,0,1,0,0,0,GENERAL,0,0,0,0,0,1,OTROS,0,0
3,OTROS CURSOS,,3,0,0,1,0,0,0,GENERAL,0,0,0,0,0,1,1018,0,0
3,"PANTALON AZUL 28""",UNI,1,0,0,0,0,0,1,GENERAL,0,0,0,0,0,1,PAZUL28,0,0
3,"PANTALON AZUL 30""",UNI,1,0,0,0,0,0,1,GENERAL,0,0,0,0,0,1,PAZUL30,0,0
3,"PANTALON AZUL 32""",UNI,1,0,0,0,0,0,1,GENERAL,0,0,0,0,0,1,PAZUL32,0,0
3,"PANTALON AZUL 34""",UNI,1,0,0,0,0,0,1,GENERAL,0,0,0,0,0,1,PAZUL34,0,0
3,"PANTALON AZUL 36""",UNI,1,0,0,0,0,0,1,GENERAL,0,0,0,0,0,1,PAZUL36,0,0
3,"PANTALON AZUL 38""",UNI,1,0,0,0,0,0,1,GENERAL,0,0,0,0,0,1,PAZUL38,0,0
3,"PANTALON AZUL 40""",UNI,1,0,0,0,0,0,1,GENERAL,0,0,0,0,0,1,PAZUL40,0,0
3,"PANTALON AZUL 42""",UNI,1,0,0,0,0,0,1,GENERAL,0,0,0,0,0,1,PAZUL42,0,0
3,"PANTALON AZUL 44""",UNI,1,0,0,0,0,0,1,GENERAL,0,0,0,0,0,1,PAZUL44,0,0
3,"PANTALON AZUL 46""",UNI,1,0,0,0,0,0,1,GENERAL,0,0,0,0,0,1,PAZUL46,0,0
3,"PANTALON AZUL 48""",UNI,1,0,0,0,0,0,1,GENERAL,0,0,0,0,0,1,PAZUL48,0,0
3,"PANTALON AZUL 50""",UNI,1,0,0,0,0,0,1,GENERAL,0,0,0,0,0,1,PAZUL50,0,0
3,"PANTALON AZUL 54""",UNI,1,0,0,0,0,0,1,GENERAL,0,0,0,0,0,1,PAZUL54,0,0
3,PANTALON CELESTE / AZUL,UNI,4,1,0,1,0,0,2,GENERAL,0,0,0,0,0,1,PAN0001,0,0
3,"PANTALON CELESTE 28""",UNI,1,0,0,0,0,0,1,GENERAL,0,0,0,0,0,1,PGALA28,0,0
3,"PANTALON CELESTE 29""",UNI,1,0,0,0,0,0,1,GENERAL,0,0,0,0,0,1,PGALA29,0,0
3,"PANTALON CELESTE 30""",UNI,1,0,0,0,0,0,1,GENERAL,0,0,0,0,0,1,PGALA30,0,0
3,"PANTALON CELESTE 31""",UNI,1,0,0,0,0,0,1,GENERAL,0,0,0,0,0,1,PGALA31,0,0
3,"PANTALON CELESTE 32""",UNI,1,0,0,0,0,0,1,GENERAL,0,0,0,0,0,1,PGALA32,0,0
3,"PANTALON CELESTE 33""",UNI,1,0,0,0,0,0,1,GENERAL,0,0,0,0,0,1,PGALA33,0,0
3,"PANTALON CELESTE 34""",UNI,1,0,0,0,0,0,1,GENERAL,0,0,0,0,0,1,PGALA34,0,0
3,"PANTALON CELESTE 35""",UNI,1,0,0,0,0,0,1,GENERAL,0,0,0,0,0,1,PGALA35,0,0
3,"PANTALON CELESTE 36""",UNI,1,0,0,0,0,0,1,GENERAL,0,0,0,0,0,1,PGALA36,0,0
3,"PANTALON CELESTE 38""",UNI,1,0,0,0,0,0,1,GENERAL,0,0,0,0,0,1,PGALA38,0,0
3,"PANTALON CELESTE 39""",UNI,1,0,0,0,0,0,1,GENERAL,0,0,0,0,0,1,PGALA39,0,0
3,"PANTALON CELESTE 40""",UNI,1,0,0,0,0,0,1,GENERAL,0,0,0,0,0,1,PGALA40,0,0
3,"PANTALON CELESTE 41""",UNI,1,0,0,0,0,0,1,GENERAL,0,0,0,0,0,1,PGALA41,0,0
3,"PANTALON CELESTE 42""",UNI,1,0,0,0,0,0,1,GENERAL,0,0,0,0,0,1,PGALA42,0,0
3,"PANTALON CELESTE 44""",UNI,1,0,0,0,0,0,1,GENERAL,0,0,0,0,0,1,PGALA44,0,0
3,"PANTALON CELESTE 46""",UNI,1,0,0,0,0,0,1,GENERAL,0,0,0,0,0,1,PGALA46,0,0
3,"PANTALON CELESTE 48""",UNI,1,0,0,0,0,0,1,GENERAL,0,0,0,0,0,1,PGALA48,0,0
3,"PANTALON CELESTE 50""",UNI,1,0,0,0,0,0,1,GENERAL,0,0,0,0,0,1,PGALA50,0,0
3,"PANTALON CELESTE 52""",UNI,1,0,0,0,0,0,1,GENERAL,0,0,0,0,0,1,PGALA52,0,0
3,"PANTALON CMI AZUL 28""",UNI,1,0,0,0,0,0,1,GENERAL,0,0,0,0,0,1,PCMI28,0,0
3,"PANTALON CMI AZUL 30""",UNI,1,0,0,0,0,0,1,GENERAL,0,0,0,0,0,1,PCMI30,0,0
3,"PANTALON CMI AZUL 32""",UNI,1,0,0,0,0,0,1,GENERAL,0,0,0,0,0,1,PCMI32,0,0
3,"PANTALON CMI AZUL 34""",UNI,1,0,0,0,0,0,1,GENERAL,0,0,0,0,0,1,PCMI34,0,0
3,"PANTALON CMI AZUL 36""",UNI,1,0,0,0,0,0,1,GENERAL,0,0,0,0,0,1,PCMI36,0,0
3,"PANTALON CMI AZUL 38""",UNI,1,0,0,0,0,0,1,GENERAL,0,0,0,0,0,1,PCMI38,0,0
3,"PANTALON CMI AZUL 40""",UNI,1,0,0,0,0,0,1,GENERAL,0,0,0,0,0,1,PCMI40,0,0
3,"PANTALON CMI AZUL 42""",UNI,1,0,0,0,0,0,1,GENERAL,0,0,0,0,0,1,PCMI42,0,0
3,"PANTALON CMI AZUL 44""",UNI,1,0,0,0,0,0,1,GENERAL,0,0,0,0,0,1,PCMI44,0,0
3,"PANTALON CMI AZUL 46""",UNI,1,0,0,0,0,0,1,GENERAL,0,0,0,0,0,1,PCMI46,0,0
3,"PANTALON CMI AZUL 51""",UNI,1,0,0,0,0,0,1,GENERAL,0,0,0,0,0,1,PCMI50,0,0
3,PANTALON COMANDO,UNI,4,1,0,1,0,0,2,GENERAL,0,0,0,0,0,1,PAN0002,0,0
3,PANTALON FORMAL,UNI,4,1,0,1,0,0,2,GENERAL,0,0,0,0,0,1,PAN0004,0,0
3,"PANTALON FORMAL DAMA ""28""",UNI,1,0,0,0,0,0,1,GENERAL,0,0,0,0,0,1,PDAMAFORMAL28,0,0
3,"PANTALON FORMAL DAMA ""30""",UNI,1,0,0,0,0,0,1,GENERAL,0,0,0,0,0,1,PDAMAFORMAL30,0,0
3,"PANTALON FORMAL DAMA ""32""",UNI,1,0,0,0,0,0,1,GENERAL,0,0,0,0,0,1,PDAMAFORMAL32,0,0
3,"PANTALON FORMAL DAMA ""34""",UNI,1,0,0,0,0,0,1,GENERAL,0,0,0,0,0,1,PDAMAFORMAL34,0,0
3,"PANTALON FORMAL DAMA ""36""",UNI,1,0,0,0,0,0,1,GENERAL,0,0,0,0,0,1,PDAMAFORMAL36,0,0
3,"PANTALON FORMAL DAMA ""38""",UNI,1,0,0,0,0,0,1,GENERAL,0,0,0,0,0,1,PDAMAFORMAL38,0,0
3,"PANTALON FORMAL DAMA ""40""",UNI,1,0,0,0,0,0,1,GENERAL,0,0,0,0,0,1,PDAMAFORMAL40,0,0
3,"PANTALON FORMAL DAMA ""42""",UNI,1,0,0,0,0,0,1,GENERAL,0,0,0,0,0,1,PDAMAFORMAL42,0,0
3,"PANTALON FORMAL DAMA ""44""",UNI,1,0,0,0,0,0,1,GENERAL,0,0,0,0,0,1,PDAMAFORMAL44,0,0
3,"PANTALON FORMAL DAMA ""46""",UNI,1,0,0,0,0,0,1,GENERAL,0,0,0,0,0,1,PDAMAFORMAL46,0,0
3,"PANTALON FORMAL DAMA ""48""",UNI,1,0,0,0,0,0,1,GENERAL,0,0,0,0,0,1,PDAMAFORMAL48,0,0
3,"PANTALON FORMAL HOMBRE ""28""",UNI,1,0,0,0,0,0,1,GENERAL,0,0,0,0,0,1,PFORMAL28,0,0
3,"PANTALON FORMAL HOMBRE ""30""",UNI,1,0,0,0,0,0,1,GENERAL,0,0,0,0,0,1,PFORMAL30,0,0
3,"PANTALON FORMAL HOMBRE ""32""",UNI,1,0,0,0,0,0,1,GENERAL,0,0,0,0,0,1,PFORMAL32,0,0
3,"PANTALON FORMAL HOMBRE ""34""",UNI,1,0,0,0,0,0,1,GENERAL,0,0,0,0,0,1,PFORMAL34,0,0
3,"PANTALON FORMAL HOMBRE ""36""",UNI,1,0,0,0,0,0,1,GENERAL,0,0,0,0,0,1,PFORMAL36,0,0
3,"PANTALON FORMAL HOMBRE ""38""",UNI,1,0,0,0,0,0,1,GENERAL,0,0,0,0,0,1,PFORMAL38,0,0
3,"PANTALON FORMAL HOMBRE ""40""",UNI,1,0,0,0,0,0,1,GENERAL,0,0,0,0,0,1,PFORMAL40,0,0
3,"PANTALON FORMAL HOMBRE ""42""",UNI,1,0,0,0,0,0,1,GENERAL,0,0,0,0,0,1,PFORMAL42,0,0
3,"PANTALON FORMAL HOMBRE ""44""",UNI,1,0,0,0,0,0,1,GENERAL,0,0,0,0,0,1,PFORMAL44,0,0
3,"PANTALON FORMAL HOMBRE ""46""",UNI,1,0,0,0,0,0,1,GENERAL,0,0,0,0,0,1,PFORMAL46,0,0
3,"PANTALON FORMAL HOMBRE ""48""",UNI,1,0,0,0,0,0,1,GENERAL,0,0,0,0,0,1,PFORMAL48,0,0
3,PANTALON GALA CMI,UNI,4,1,0,1,0,0,2,GENERAL,0,0,0,0,0,1,PAN0003,0,0
3,"PANTALON NEGRO COMANDO 28""",UNI,1,0,0,0,0,0,1,GENERAL,0,0,0,0,0,1,PCOMANDO28,0,0
3,"PANTALON NEGRO COMANDO 29""",UNI,1,0,0,0,0,0,1,GENERAL,0,0,0,0,0,1,PCOMANDO29,0,0
3,"PANTALON NEGRO COMANDO 30""",UNI,1,0,0,0,0,0,1,GENERAL,0,0,0,0,0,1,PCOMANDO30,0,0
3,"PANTALON NEGRO COMANDO 31""",UNI,1,0,0,0,0,0,1,GENERAL,0,0,0,0,0,1,PCOMANDO31,0,0
3,"PANTALON NEGRO COMANDO 32""",UNI,1,0,0,0,0,0,1,GENERAL,0,0,0,0,0,1,PCOMANDO32,0,0
3,"PANTALON NEGRO COMANDO 33""",UNI,1,0,0,0,0,0,1,GENERAL,0,0,0,0,0,1,PCOMANDO33,0,0
3,"PANTALON NEGRO COMANDO 34""",UNI,1,0,0,0,0,0,1,GENERAL,0,0,0,0,0,1,PCOMANDO34,0,0
3,"PANTALON NEGRO COMANDO 35""",UNI,1,0,0,0,0,0,1,GENERAL,0,0,0,0,0,1,PCOMANDO35,0,0
3,"PANTALON NEGRO COMANDO 36""",UNI,1,0,0,0,0,0,1,GENERAL,0,0,0,0,0,1,PCOMANDO36,0,0
3,"PANTALON NEGRO COMANDO 38""",UNI,1,0,0,0,0,0,1,GENERAL,0,0,0,0,0,1,PCOMANDO38,0,0
3,"PANTALON NEGRO COMANDO 40""",UNI,1,0,0,0,0,0,1,GENERAL,0,0,0,0,0,1,PCOMANDO40,0,0
3,"PANTALON NEGRO COMANDO 42""",UNI,1,0,0,0,0,0,1,GENERAL,0,0,0,0,0,1,PCOMANDO42,0,0
3,"PANTALON NEGRO COMANDO 44""",UNI,1,0,0,0,0,0,1,GENERAL,0,0,0,0,0,1,PCOMANDO44,0,0
3,"PANTALON NEGRO COMANDO 46""",UNI,1,0,0,0,0,0,1,GENERAL,0,0,0,0,0,1,PCOMANDO46,0,0
3,"PANTALON NEGRO COMANDO 48""",UNI,1,0,0,0,0,0,1,GENERAL,0,0,0,0,0,1,PCOMANDO48,0,0
3,"PANTALON NEGRO COMANDO 50""",UNI,1,0,0,0,0,0,1,GENERAL,0,0,0,0,0,1,PCOMANDO50,0,0
3,"PANTALON NEGRO COMANDO 52""",UNI,1,0,0,0,0,0,1,GENERAL,0,0,0,0,0,1,PCOMANDO52,0,0
3,"PANTALON NEGRO COMANDO 54""",UNI,1,0,0,0,0,0,1,GENERAL,0,0,0,0,0,1,PCOMANDO54,0,0
3,PARAGUAS,UNI,1,0,0,0,0,0,2,GENERAL,0,0,0,0,0,1,PARAGUAS,0,0
3,PARALIZADOR ELECTRICO,,3,0,0,1,0,0,0,GENERAL,0,0,0,0,0,1,8002,0,0
3,PATRULLA,,3,0,0,1,0,0,0,GENERAL,0,0,0,0,0,1,PAT01,0,0
3,PERIODO,,3,0,0,1,0,0,0,GENERAL,0,0,0,0,0,1,PERIODO,0,0
3,PILOTO,PIL,3,0,0,1,0,0,0,GENERAL,0,0,0,0,0,1,PIL001,0,0
3,PIN G4S,UNI,1,0,0,0,0,0,2,GENERAL,0,0,0,0,0,1,ART00047,0,0
3,PISTOLA,UNI,4,1,0,1,0,0,2,GENERAL,0,0,0,0,0,1,PIST0001,0,0
3,PLACA DE PECHO,UNI,1,0,0,0,0,0,2,GENERAL,0,0,0,0,0,1,ART00048,0,0
3,PLACA DE PECHO,UNI,1,0,0,0,0,0,2,GENERAL,0,0,0,0,0,1,PLACAP,0,0
3,PLAN CLARO CORPORATIVO,SRV,3,0,0,1,0,0,99,GENERAL,0,0,0,0,0,1,SRV0002,0,0
3,POLIGRAFIA,,3,0,0,1,0,0,0,GENERAL,0,0,0,0,0,1,POLF1,0,0
3,POLIGRAFIA DE 1 A 14 PRUEBAS,,3,0,0,1,0,0,0,GENERAL,0,0,0,0,0,1,1001,0,0
3,POLIGRAFIA DE 15 PRUEBAS EN ADELANTE,,3,0,0,1,0,0,0,GENERAL,0,0,0,0,0,1,1002,0,0
3,PONCHO  DE AGUA,UNI,1,0,0,0,0,0,2,GENERAL,0,0,0,0,0,1,PONCHO,0,0
3,PONCHO DE AGUA,UNI,1,0,0,0,0,0,2,GENERAL,0,0,0,0,0,1,ART00049,0,0
3,PORTA BATON,UNI,1,0,0,0,0,0,2,GENERAL,0,0,0,0,0,1,ART00050,0,0
3,PORTA BATON SINTETICO,UNI,1,0,0,0,0,0,2,GENERAL,0,0,0,0,0,1,PORTABAT,0,0
3,PORTA ESCOPETA,UNI,1,0,0,0,0,0,2,GENERAL,0,0,0,0,0,1,ART00051,0,0
3,PORTA FUSIL SINTETICO,UNI,1,0,0,0,0,0,2,GENERAL,0,0,0,0,0,1,PORTAFUS,0,0
3,PORTA GAFETE,UNI,1,0,0,0,0,0,2,GENERAL,0,0,0,0,0,1,ART00059,0,0
3,PORTA TOLVA,UNI,1,0,0,0,0,0,2,GENERAL,0,0,0,0,0,1,ART00052,0,0
3,PORTA TOLVA SINTETICO,UNI,1,0,0,0,0,0,2,GENERAL,0,0,0,0,0,1,PORTATOL,0,0
3,PRE EMPLEO EXPEDIENTE Y POLIGRAFO,,3,0,0,1,0,0,0,GENERAL,0,0,0,0,0,1,1008,0,0
3,PRE EMPLEO SOLO EXPEDIENTE,,3,0,0,1,0,0,0,GENERAL,0,0,0,0,0,1,1007,0,0
3,PRESTACIONES ESTANDAR,SRV,3,0,0,1,0,0,99,GENERAL,0,0,0,0,0,1,PREST001,0,0
3,PRUEBA RAPIDA DROGAS,PRB,3,0,0,1,0,0,0,GENERAL,0,0,0,0,0,1,PRD001,0,0
3,RADIO,,3,0,0,1,0,0,0,GENERAL,0,0,0,0,0,1,RADIO,0,0
3,RADIO ANTI-ESTATICA,UNI,4,1,0,1,0,0,99,GENERAL,0,0,0,0,0,1,RAD0001,0,0
3,RADIO CLARO,UNI,4,1,0,1,0,0,99,GENERAL,0,0,0,0,0,1,RAD0002,0,0
3,RADIO LOCAL,,3,0,0,1,0,0,0,GENERAL,0,0,0,0,0,1,9001,0,0
3,RADIO PTT DE CUSTODIA,,3,0,0,1,0,0,0,GENERAL,0,0,0,0,0,1,RACUS,0,0
3,RADIO SIMPLEX,,3,0,0,1,0,0,0,GENERAL,0,0,0,0,0,1,9002,0,0
3,RADIO TRONCAL,,3,0,0,1,0,0,0,GENERAL,0,0,0,0,0,1,9003,0,0
3,RADIO.,UNI,3,0,0,1,0,0,2,GENERAL,0,0,0,0,0,1,FREC,0,0
3,RENTA DE EQUIPO GPS,,3,0,0,1,0,0,0,GENERAL,0,0,0,0,0,1,2001,0,0
3,RENTA DE POLIGONO CON INSTRUCTOR,,3,0,0,1,0,0,0,GENERAL,0,0,0,0,0,1,1016,0,0
3,RENTA DE POLIGONO SIN INSTRUCTOR,,3,0,0,1,0,0,0,GENERAL,0,0,0,0,0,1,1017,0,0
3,RESMA PAPEL,UNI,1,0,0,0,0,0,2,GENERAL,0,0,0,0,0,1,ART00053,0,0
3,REVOLVER,UNI,4,1,0,1,0,0,2,GENERAL,0,0,0,0,0,1,REV0001,0,0
3,RODILLERAS,UNI,1,0,0,0,0,0,2,GENERAL,0,0,0,0,0,1,RODILLERA,0,0
3,SACO DAMA 2XL,UNI,1,0,0,0,0,0,2,GENERAL,0,0,0,0,0,1,SACODAMA2XL,0,0
3,SACO DAMA 3XL,UNI,1,0,0,0,0,0,2,GENERAL,0,0,0,0,0,1,SACODAMA3XL,0,0
3,SACO DAMA L,UNI,1,0,0,0,0,0,2,GENERAL,0,0,0,0,0,1,SACODAMAL,0,0
3,SACO DAMA M,UNI,1,0,0,0,0,0,2,GENERAL,0,0,0,0,0,1,SACODAMAM,0,0
3,SACO DAMA S,UNI,1,0,0,0,0,0,2,GENERAL,0,0,0,0,0,1,SACODAMAS,0,0
3,SACO DAMA XL,UNI,1,0,0,0,0,0,2,GENERAL,0,0,0,0,0,1,SACODAMAXL,0,0
3,SACO HOMBRE 2XL,UNI,1,0,0,0,0,0,2,GENERAL,0,0,0,0,0,1,SACOH2XL,0,0
3,SACO HOMBRE 3XL,UNI,1,0,0,0,0,0,2,GENERAL,0,0,0,0,0,1,SACOH3XL,0,0
3,SACO HOMBRE L,UNI,1,0,0,0,0,0,2,GENERAL,0,0,0,0,0,1,SACOHL,0,0
3,SACO HOMBRE M,UNI,1,0,0,0,0,0,2,GENERAL,0,0,0,0,0,1,SACOHM,0,0
3,SACO HOMBRE S,UNI,1,0,0,0,0,0,2,GENERAL,0,0,0,0,0,1,SACOHS,0,0
3,SACO HOMBRE XL,UNI,1,0,0,0,0,0,2,GENERAL,0,0,0,0,0,1,SACOHXL,0,0
3,SALARIOS COORDINADOR JR,SRV,3,0,0,0,0,0,99,GENERAL,0,0,0,0,0,1,SAL009,0,0
3,SALARIOS COORDINADOR SR,SRV,3,0,0,0,0,0,99,GENERAL,0,0,0,0,0,1,SAL008,0,0
3,SALARIOS ESTANDAR,SAL,3,0,0,0,0,0,99,GENERAL,0,0,0,0,0,1,SAL001,0,0
3,SALARIOS GUARDIA ANFITRION B,SRV,3,0,0,0,0,0,99,GENERAL,0,0,0,0,0,1,SAL004,0,0
3,SALARIOS GUARDIA BASICO,SRV,3,0,0,0,0,0,99,GENERAL,0,0,0,0,0,1,SAL002,0,0
3,SALARIOS GUARDIA PREMIUM,SRV,3,0,0,0,0,0,99,GENERAL,0,0,0,0,0,1,SAL003,0,0
3,SALARIOS JEFE GRUPO,SRV,3,0,0,0,0,0,99,GENERAL,0,0,0,0,0,1,SAL005,0,0
3,SALARIOS JEFE OPERACIONES,SRV,3,0,0,0,0,0,99,GENERAL,0,0,0,0,0,1,SAL012,0,0
3,SALARIOS OPERADOR MONITOREO,SRV,3,0,0,0,0,0,99,GENERAL,0,0,0,0,0,1,SAL010,0,0
3,SALARIOS SEGURIDAD EJECUTIVA,SRV,3,0,0,0,0,0,99,GENERAL,0,0,0,0,0,1,SAL011,0,0
3,SALARIOS SUPERVISOR CALIDAD,SRV,3,0,0,0,0,0,99,GENERAL,0,0,0,0,0,1,SAL007,0,0
3,SALARIOS SUPERVISOR PROYECTO / RUTA,SRV,3,0,0,0,0,0,99,GENERAL,0,0,0,0,0,1,SAL006,0,0
3,SEGUIMIENTOS,,3,0,0,1,0,0,0,GENERAL,0,0,0,0,0,1,1006,0,0
3,SEGURIDAD EJECUTIVA,SRV,3,1,0,1,1,0,99,GENERAL,0,0,0,1,0,1,SEGEJ,0,0
3,SEGURIDAD EJECUTIVA TERCERIZADA,,3,0,0,1,0,0,0,GENERAL,0,0,0,0,0,1,SEGTER,0,0
3,SEGURO RESPONSABILIDAD CIVIL,UNI,3,0,0,0,0,0,2,GENERAL,0,0,0,0,0,1,IC0255,0,0
3,SEGUROS Y FIANZAS,UNI,3,0,0,0,0,0,2,GENERAL,0,0,0,0,0,1,IC0253,0,0
3,SERVICIO BANCARIO-REVOLVER-LV 8 A 20 12D,,3,0,0,1,0,0,0,GENERAL,0,0,0,0,0,1,7390,0,0
3,SERVICIO CUSTODIOS DE RUTA EN TURNO DE 12 HORAS DE LUNES A VIERNES,,3,0,0,1,0,0,0,GENERAL,0,0,0,0,0,1,7120,0,0
3,SERVICIO DE CUSTODIA,SRV,3,0,0,1,0,0,0,GENERAL,0,0,0,0,0,1,CUSTODIA,0,0
3,SERVICIO DE EMPRESA RELACIONADA,,3,0,0,1,0,0,0,GENERAL,0,0,0,0,0,1,REL01,0,0
3,SERVICIO DE SEGURIDAD COMERCIAL-PISTOLA 24 HORAS,,3,0,0,1,0,0,0,GENERAL,0,0,0,0,0,1,7131,0,0
3,SERVICIO DE SEGURIDAD COMERCIAL-PISTOLA-LD 07 A 19 12D,,3,0,0,1,0,0,0,GENERAL,0,0,0,0,0,1,7130,0,0
3,SERVICIO DE SEGURIDAD COMERCIAL-PISTOLA-LD 08 A 20 12D,,3,0,0,1,0,0,0,GENERAL,0,0,0,0,0,1,7127,0,0
3,SERVICIO DE SEGURIDAD DE L-D TURNO DE 24-24 CON ESCOPETA,,3,0,0,1,0,0,0,GENERAL,0,0,0,0,0,1,7013,0,0
3,SERVICIO DE SEGURIDAD ESTANDAR-ESCOPETA 24 HORAS,,3,0,0,1,0,0,0,GENERAL,0,0,0,0,0,1,7097,0,0
3,SERVICIO DE SEGURIDAD ESTANDAR-ESCOPETA-LD 10 A 22 12D,,3,0,0,1,0,0,0,GENERAL,0,0,0,0,0,1,7002,0,0
3,SERVICIO DE SEGURIDAD ESTANDAR-ESCOPETA-LD 11 A 23 12D,,3,0,0,1,0,0,0,GENERAL,0,0,0,0,0,1,7003,0,0
3,SERVICIO DE SEGURIDAD ESTANDAR-ESCOPETA-LD 12 A 0 12D,,3,0,0,1,0,0,0,GENERAL,0,0,0,0,0,1,7004,0,0
3,SERVICIO DE SEGURIDAD ESTANDAR-ESCOPETA-LD 18 A 6 12N,,3,0,0,1,0,0,0,GENERAL,0,0,0,0,0,1,7007,0,0
3,SERVICIO DE SEGURIDAD ESTANDAR-ESCOPETA-LD 19 A 7 12N,,3,0,0,1,0,0,0,GENERAL,0,0,0,0,0,1,7008,0,0
3,SERVICIO DE SEGURIDAD ESTANDAR-ESCOPETA-LD 7 A 19 12D,,3,0,0,1,0,0,0,GENERAL,0,0,0,0,0,1,7009,0,0
3,SERVICIO DE SEGURIDAD ESTANDAR-ESCOPETA-LD 8 A 20 12D,,3,0,0,1,0,0,0,GENERAL,0,0,0,0,0,1,7010,0,0
3,SERVICIO DE SEGURIDAD ESTANDAR-ESCOPETA-LD 9 A 21 12D,,3,0,0,1,0,0,0,GENERAL,0,0,0,0,0,1,7011,0,0
3,SERVICIO DE SEGURIDAD ESTANDAR-ESCOPETA-LS 10 A 22 12D,,3,0,0,1,0,0,0,GENERAL,0,0,0,0,0,1,7012,0,0
3,SERVICIO DE SEGURIDAD ESTANDAR-ESCOPETA-LS 19 A 7 12N,,3,0,0,1,0,0,0,GENERAL,0,0,0,0,0,1,7018,0,0
3,SERVICIO DE SEGURIDAD ESTANDAR-ESCOPETA-LS 7 A 19 12D,,3,0,0,1,0,0,0,GENERAL,0,0,0,0,0,1,7019,0,0
3,SERVICIO DE SEGURIDAD ESTANDAR-ESCOPETA-LS 8 A 20 12D,,3,0,0,1,0,0,0,GENERAL,0,0,0,0,0,1,7020,0,0
3,SERVICIO DE SEGURIDAD ESTANDAR-ESCOPETA-LV 19 A 7 12N,,3,0,0,1,0,0,0,GENERAL,0,0,0,0,0,1,7028,0,0
3,SERVICIO DE SEGURIDAD ESTANDAR-ESCOPETA-LV 7 A 19 12D,,3,0,0,1,0,0,0,GENERAL,0,0,0,0,0,1,7029,0,0
3,SERVICIO DE SEGURIDAD ESTANDAR-ESCOPETA-LV 8 A 20 12D,,3,0,0,1,0,0,0,GENERAL,0,0,0,0,0,1,7030,0,0
3,SERVICIO DE SEGURIDAD ESTANDAR-PARALIZADOR-LV 7 A 19 12D,,3,0,0,1,0,0,0,GENERAL,0,0,0,0,0,1,7153,0,0
3,SERVICIO DE SEGURIDAD ESTANDAR-PISTOLA 24 HORAS,,3,0,0,1,0,0,0,GENERAL,0,0,0,0,0,1,7096,0,0
3,SERVICIO DE SEGURIDAD ESTANDAR-PISTOLA-LD 18 A 6 12N,,3,0,0,1,0,0,0,GENERAL,0,0,0,0,0,1,7037,0,0
3,SERVICIO DE SEGURIDAD ESTANDAR-PISTOLA-LD 19 A 7 12N,,3,0,0,1,0,0,0,GENERAL,0,0,0,0,0,1,7038,0,0
3,SERVICIO DE SEGURIDAD ESTANDAR-PISTOLA-LD 9 A 21 12D,,3,0,0,1,0,0,0,GENERAL,0,0,0,0,0,1,7041,0,0
3,SERVICIO DE SEGURIDAD ESTANDAR-PISTOLA-LS 8 A 20 12D,,3,0,0,1,0,0,0,GENERAL,0,0,0,0,0,1,7050,0,0
3,SERVICIO DE SEGURIDAD ESTANDAR-PISTOLA-LV 7 A 19 12D,,3,0,0,1,0,0,0,GENERAL,0,0,0,0,0,1,7059,0,0
3,SERVICIO DE SEGURIDAD ESTANDAR-PISTOLA-LV 8 A 20 12D,,3,0,0,1,0,0,0,GENERAL,0,0,0,0,0,1,7060,0,0
3,SERVICIO DE SEGURIDAD ESTANDAR-PISTOLA-LV 9 A 21 12D,,3,0,0,1,0,0,0,GENERAL,0,0,0,0,0,1,7061,0,0
3,SERVICIO DE SEGURIDAD ESTANDAR-REVOLVER 24 HORAS,,3,0,0,1,0,0,0,GENERAL,0,0,0,0,0,1,7095,0,0
3,SERVICIO DE SEGURIDAD ESTANDAR-REVOLVER 24 HORAS,,3,0,0,1,0,0,0,GENERAL,0,0,0,0,0,1,3837,0,0
3,SERVICIO DE SEGURIDAD ESTANDAR-REVOLVER LD 7 A 19 12D,,3,0,0,1,0,0,0,GENERAL,0,0,0,0,0,1,7079,0,0
3,SERVICIO DE SEGURIDAD ESTANDAR-REVOLVER-LD 07 A 07 24D,,3,0,0,1,0,0,0,GENERAL,0,0,0,0,0,1,7129,0,0
3,SERVICIO DE SEGURIDAD ESTANDAR-REVOLVER-LD 10 A 22 12D,,3,0,0,1,0,0,0,GENERAL,0,0,0,0,0,1,7062,0,0
3,SERVICIO DE SEGURIDAD ESTANDAR-REVOLVER-LD 12 A 0 12D,,3,0,0,1,0,0,0,GENERAL,0,0,0,0,0,1,7064,0,0
3,SERVICIO DE SEGURIDAD ESTANDAR-REVOLVER-LD 16 A 4 12N,,3,0,0,1,0,0,0,GENERAL,0,0,0,0,0,1,7065,0,0
3,SERVICIO DE SEGURIDAD ESTANDAR-REVOLVER-LD 19 A 7 12N,,3,0,0,1,0,0,0,GENERAL,0,0,0,0,0,1,7068,0,0
3,SERVICIO DE SEGURIDAD ESTANDAR-REVOLVER-LD 7 A 19 12D,,3,0,0,1,0,0,0,GENERAL,0,0,0,0,0,1,7069,0,0
3,SERVICIO DE SEGURIDAD ESTANDAR-REVOLVER-LD 8 A 20 12D,,3,0,0,1,0,0,0,GENERAL,0,0,0,0,0,1,7070,0,0
3,SERVICIO DE SEGURIDAD ESTANDAR-REVOLVER-LD 9 A 21 12D,,3,0,0,1,0,0,0,GENERAL,0,0,0,0,0,1,7071,0,0
3,SERVICIO DE SEGURIDAD ESTANDAR-REVOLVER-LS 10 A 22 12D,,3,0,0,1,0,0,0,GENERAL,0,0,0,0,0,1,7072,0,0
3,SERVICIO DE SEGURIDAD ESTANDAR-REVOLVER-LS 11 A 23 12D,,3,0,0,1,0,0,0,GENERAL,0,0,0,0,0,1,7073,0,0
3,SERVICIO DE SEGURIDAD ESTANDAR-REVOLVER-LS 12 A 0 12D,,3,0,0,1,0,0,0,GENERAL,0,0,0,0,0,1,7074,0,0
3,SERVICIO DE SEGURIDAD ESTANDAR-REVOLVER-LS 17 A 5 12N,,3,0,0,1,0,0,0,GENERAL,0,0,0,0,0,1,7076,0,0
3,SERVICIO DE SEGURIDAD ESTANDAR-REVOLVER-LS 19 A 7 12N,,3,0,0,1,0,0,0,GENERAL,0,0,0,0,0,1,7078,0,0
3,SERVICIO DE SEGURIDAD ESTANDAR-REVOLVER-LS 8 A 20 12D,,3,0,0,1,0,0,0,GENERAL,0,0,0,0,0,1,7080,0,0
3,SERVICIO DE SEGURIDAD ESTANDAR-REVOLVER-LS 9 A 21 12D,,3,0,0,1,0,0,0,GENERAL,0,0,0,0,0,1,7081,0,0
3,SERVICIO DE SEGURIDAD ESTANDAR-REVOLVER-LV 16 A 4 12N,,3,0,0,1,0,0,0,GENERAL,0,0,0,0,0,1,7085,0,0
3,SERVICIO DE SEGURIDAD ESTANDAR-REVOLVER-LV 19 A 7 12N,,3,0,0,1,0,0,0,GENERAL,0,0,0,0,0,1,7088,0,0
3,SERVICIO DE SEGURIDAD ESTANDAR-REVOLVER-LV 7 A 19 12D,,3,0,0,1,0,0,0,GENERAL,0,0,0,0,0,1,7089,0,0
3,SERVICIO DE SEGURIDAD ESTANDAR-REVOLVER-LV 8 A 20 12D,,3,0,0,1,0,0,0,GENERAL,0,0,0,0,0,1,7090,0,0
3,SERVICIO DE SEGURIDAD ESTANDAR-SIN ARMA-LD 7 A 7 24D,,3,0,0,1,0,0,0,GENERAL,0,0,0,0,0,1,7138,0,0
3,SERVICIO DE SEGURIDAD ESTANDAR-SIN ARMA-LD 8 A 20 12D,,3,0,0,1,0,0,0,GENERAL,0,0,0,0,0,1,7139,0,0
3,SERVICIO DE SEGURIDAD ESTANDAR-SIN ARMA-LD 9 A 21 12D,,3,0,0,1,0,0,0,GENERAL,0,0,0,0,0,1,7141,0,0
3,SERVICIOS DE CUSTODIA TECUN HUMAN,SRV,3,0,0,1,0,0,0,GENERAL,0,0,0,0,0,1,CUSTECUN,0,0
3,SERVICIOS DE SEGURIDAD DUMBAR,1,3,0,0,1,0,0,0,GENERAL,0,0,0,0,0,1,SERDUM,0,0
3,SERVICIOS ESPECIALES DE GUARDIAS,HORA,3,0,0,1,0,0,99,GENERAL,0,0,0,0,0,1,ESP01,0,0
3,SERVICIOS TERCERIZADOS ELECTRONICA,1,3,0,0,1,0,0,0,GENERAL,0,0,0,0,0,1,SERVITERCEELEC,0,0
3,SERVICIOS TERCERIZADOS FASESA,,3,0,0,1,0,0,0,GENERAL,0,0,0,0,0,1,SERVICIOSFASESA,0,0
3,SHOCKER,UNI,1,0,0,0,0,0,2,GENERAL,0,0,0,0,0,1,ART00054,0,0
3,SHOCKER TIPO BATON,UNI,1,0,0,0,0,0,2,GENERAL,0,0,0,0,0,1,SHOCKERBAT,0,0
3,SUELDO BASE 05,SRV,3,0,0,0,0,0,2,GENERAL,0,0,0,0,0,1,IC0005,0,0
3,SUELDO BASE 06,SRV,3,0,0,0,0,0,2,GENERAL,0,0,0,0,0,1,IC0006,0,0
3,SUELDO BASE 07,SRV,3,0,0,0,0,0,2,GENERAL,0,0,0,0,0,1,IC0007,0,0
3,SUELDO BASE 08,SRV,3,0,0,0,0,0,2,GENERAL,0,0,0,0,0,1,IC0008,0,0
3,SUELDO BASE 09,SRV,3,0,0,0,0,0,2,GENERAL,0,0,0,0,0,1,IC0009,0,0
3,SUELDO BASE 10,SRV,3,0,0,0,0,0,2,GENERAL,0,0,0,0,0,1,IC0010,0,0
3,SUELDO BASE 11,SRV,3,0,0,0,0,0,2,GENERAL,0,0,0,0,0,1,IC0011,0,0
3,SUELDO BASE GUARDIA BASICO,SRV,3,0,0,0,0,0,2,GENERAL,0,0,0,0,0,1,IC0002,0,0
3,SUELDO BASE GUARDIA ESTANDAR,SRV,3,0,0,0,0,0,2,GENERAL,0,0,0,0,0,1,IC0001,0,0
3,SUELDO BASE JEFE GRUPO,SRV,3,0,0,0,0,0,2,GENERAL,0,0,0,0,0,1,IC0004,0,0
3,SUELDO BASE PREMIUM,SRV,3,0,0,0,0,0,2,GENERAL,0,0,0,0,0,1,IC0003,0,0
3,"SUETER NEGRO G4S HOMBRE CUELLO V ""L""",UNI,1,0,0,0,0,0,2,GENERAL,0,0,0,0,0,1,SUETG4SHVL,0,0
3,"SUETER NEGRO G4S HOMBRE CUELLO V ""M""",UNI,1,0,0,0,0,0,2,GENERAL,0,0,0,0,0,1,SUETG4SHVM,0,0
3,"SUETER NEGRO G4S HOMBRE CUELLO V ""S""",UNI,1,0,0,0,0,0,2,GENERAL,0,0,0,0,0,1,SUETG4SHVS,0,0
3,"SUETER NEGRO G4S MUJER ""L""",UNI,1,0,0,0,0,0,2,GENERAL,0,0,0,0,0,1,SUETG4SML,0,0
3,"SUETER NEGRO G4S MUJER ""M""",UNI,1,0,0,0,0,0,2,GENERAL,0,0,0,0,0,1,SUETG4SMM,0,0
3,"SUETER NEGRO G4S MUJER ""S""",UNI,1,0,0,0,0,0,2,GENERAL,0,0,0,0,0,1,SUETG4SMS,0,0
3,"SUETER NEGRO T.M. ""L""",UNI,1,0,0,0,0,0,2,GENERAL,0,0,0,0,0,1,SUETERL,0,0
3,"SUETER NEGRO T.M. ""M""",UNI,1,0,0,0,0,0,2,GENERAL,0,0,0,0,0,1,SUETERM,0,0
3,"SUETER NEGRO T.M. ""S""",UNI,1,0,0,0,0,0,2,GENERAL,0,0,0,0,0,1,SUETERS,0,0
3,"SUETER NEGRO T.M. ""XL""",UNI,1,0,0,0,0,0,2,GENERAL,0,0,0,0,0,1,SUETERXL,0,0
3,"SUETER NEGRO T.M. ""XXL""",UNI,1,0,0,0,0,0,2,GENERAL,0,0,0,0,0,1,SUETER2XL,0,0
3,"SUETER NEGRO T.M. G4S ""L""",UNI,1,0,0,0,0,0,2,GENERAL,0,0,0,0,0,1,SUETG4SL,0,0
3,"SUETER NEGRO T.M. G4S ""M""",UNI,1,0,0,0,0,0,2,GENERAL,0,0,0,0,0,1,SUETG4SM,0,0
3,"SUETER NEGRO T.M. G4S ""S""",UNI,1,0,0,0,0,0,2,GENERAL,0,0,0,0,0,1,SUETG4SS,0,0
3,"SUETER NEGRO T.M. G4S ""XL""",UNI,1,0,0,0,0,0,2,GENERAL,0,0,0,0,0,1,SUETG4SXL,0,0
3,"SUETER NEGRO T.M. G4S ""XXL""",UNI,1,0,0,0,0,0,2,GENERAL,0,0,0,0,0,1,SUETG4SXXL,0,0
3,SUETER TIPO MILITAR,UNI,1,0,0,0,0,0,2,GENERAL,0,0,0,0,0,1,ART00055,0,0
3,SUPERVISION WACTRON,SRV,3,0,0,0,0,0,99,GENERAL,0,0,0,0,0,1,SRV0001,0,0
3,SUPERVISOR,SRV,3,1,0,1,1,0,99,GENERAL,0,0,0,1,0,1,SUP01,0,0
3,SUPERVISOR CALIDAD (NUEVO),SRV,3,0,0,1,1,0,99,GENERAL,0,0,0,1,0,1,SUP03,0,0
3,SUPERVISOR DE AREA DE 12H-7 A 19 LD,,3,0,0,1,0,0,0,GENERAL,0,0,0,0,0,1,7146,0,0
3,SUPERVISOR PROYECTOS / RUTA (NUEVO),SRV,3,1,0,1,1,0,99,GENERAL,0,0,0,1,0,1,SUP02,0,0
3,TABLA SHANNO,UNI,1,0,0,0,0,0,2,GENERAL,0,0,0,0,0,1,ART00056,0,0
3,TABLILLAS SHANNON PLASTICAS,UNI,1,0,0,0,0,0,2,GENERAL,0,0,0,0,0,1,TABLILLA,0,0
3,TAPONES AUDITIVOS,UNI,1,0,0,0,0,0,2,GENERAL,0,0,0,0,0,1,TAPONES,0,0
3,TAPONES AUDITIVOS,UNI,1,0,0,0,0,0,2,GENERAL,0,0,0,0,0,1,ART00057,0,0
3,TIEMPO ADICIONAL DE SERVICIO,,3,0,0,1,0,0,0,GENERAL,0,0,0,0,0,1,7601,0,0
3,TIEMPO ADICIONAL DE SERVICIO,,3,0,0,1,0,0,0,GENERAL,0,0,0,0,0,1,TAS,0,0
3,TIRO GUARDIA ESTANDAR,UNI,3,0,0,0,0,0,2,GENERAL,0,0,0,0,0,1,IC0256,0,0
3,TONFAS,UNI,1,0,0,0,0,0,2,GENERAL,0,0,0,0,0,1,ART00058,0,0
3,"TRAJE DE DAMA FORMAL NUEVO TALLA ""L""",UNI,1,0,0,0,0,0,2,GENERAL,0,0,0,0,0,1,TFORMALML,0,0
3,"TRAJE DE DAMA FORMAL NUEVO TALLA ""M""",UNI,1,0,0,0,0,0,2,GENERAL,0,0,0,0,0,1,TFORMALMM,0,0
3,"TRAJE DE DAMA FORMAL NUEVO TALLA ""S""",UNI,1,0,0,0,0,0,2,GENERAL,0,0,0,0,0,1,TFORMALMS,0,0
3,"TRAJE DE DAMA FORMAL NUEVO TALLA ""XXL""",UNI,1,0,0,0,0,0,2,GENERAL,0,0,0,0,0,1,TFORMALM2XL,0,0
3,"TRAJE DE HOMBRE FORMAL NUEVO TALLA ""L""",UNI,1,0,0,0,0,0,2,GENERAL,0,0,0,0,0,1,TFORMALHL,0,0
3,"TRAJE DE HOMBRE FORMAL NUEVO TALLA ""M""",UNI,1,0,0,0,0,0,2,GENERAL,0,0,0,0,0,1,TFORMALHM,0,0
3,"TRAJE DE HOMBRE FORMAL NUEVO TALLA ""S""",UNI,1,0,0,0,0,0,2,GENERAL,0,0,0,0,0,1,TFORMALHS,0,0
3,"TRAJE DE HOMBRE FORMAL NUEVO TALLA ""XL""",UNI,1,0,0,0,0,0,2,GENERAL,0,0,0,0,0,1,TFORMALHXL,0,0
3,"TRAJE DE HOMBRE FORMAL NUEVO TALLA ""XXL""",UNI,1,0,0,0,0,0,2,GENERAL,0,0,0,0,0,1,TFORMALH2XL,0,0
3,TRAJES DE SASTRE NEGRO,UNI,4,1,0,1,0,0,2,GENERAL,0,0,0,0,0,1,TRAJE001,0,0
3,TRILITERA CON COLCHONETAS,UNI,1,0,0,0,0,0,2,GENERAL,0,0,0,0,0,1,TRILITERACC,0,0
3,UNIFORME COMANDO,UNI,4,1,0,1,0,0,99,GENERAL,0,0,1,0,0,1,UNI002,0,0
3,UNIFORME GALA,UNI,4,1,0,1,0,0,99,GENERAL,0,0,1,0,0,1,UNI001,0,0
3,UNIFORME GALA CMI,UNI,4,1,0,1,0,0,99,GENERAL,0,0,1,0,0,1,UNI004,0,0
3,UNIFORME TRAJE,UNI,4,1,0,1,0,0,99,GENERAL,0,0,1,0,0,1,UNI003,0,0
3,VACACIONES 05,SRV,3,0,0,0,0,0,3,GENERAL,0,0,0,0,0,1,IC0105,0,0
3,VACACIONES 06,SRV,3,0,0,0,0,0,3,GENERAL,0,0,0,0,0,1,IC0106,0,0
3,VACACIONES 07,SRV,3,0,0,0,0,0,3,GENERAL,0,0,0,0,0,1,IC0107,0,0
3,VACACIONES 08,SRV,3,0,0,0,0,0,3,GENERAL,0,0,0,0,0,1,IC0108,0,0
3,VACACIONES 09,SRV,3,0,0,0,0,0,3,GENERAL,0,0,0,0,0,1,IC0109,0,0
3,VACACIONES 10,SRV,3,0,0,0,0,0,3,GENERAL,0,0,0,0,0,1,IC0110,0,0
3,VACACIONES 11,SRV,3,0,0,0,0,0,3,GENERAL,0,0,0,0,0,1,IC0111,0,0
3,VACACIONES GUARDIA BASICO,SRV,3,0,0,0,0,0,3,GENERAL,0,0,0,0,0,1,IC0102,0,0
3,VACACIONES GUARDIA ESTANDAR,SRV,3,0,0,0,0,0,3,GENERAL,0,0,0,0,0,1,IC0101,0,0
3,VACACIONES GUARDIA PREMIUM,SRV,3,0,0,0,0,0,3,GENERAL,0,0,0,0,0,1,IC0103,0,0
3,VACACIONES JEFE GRUPO,SRV,3,0,0,0,0,0,3,GENERAL,0,0,0,0,0,1,IC0104,0,0
3,VIATICOS,SRV,3,0,0,1,1,0,4,GENERAL,0,0,0,0,0,1,VIATICOS,0,0
